claim_id,submitted_at,product_serial,partner_id
WC700000,2025-04-01 03:24,KH222151083,SP3150
WC700001,2025-04-01 03:38,kh539273743,SP3022
WC700002,2025-04-01 03:46,KH685545000,SP3167
WC700003,2025-04-01 03:50,KH354589154,SP3158
WC700004,2025-04-01 04:14,KH-556901419,SP3021
WC700005,2025-04-01 04:15,kh457894021,SP3164
WC700006,2025-04-01 04:15,KH-719138534,SP3241
WC700007,2025-04-01 04:22, KH694862595,SP3074
WC700008,2025-04-01 05:05, KH472829870,SP3082
WC700009,2025-04-01 05:37,KH481040761,SP3225
WC700010,2025-04-01 06:10,kh954884338,SP3304
WC700011,2025-04-01 06:44,KH286026577,SP3128
WC700012,2025-04-01 07:11,KH-489227005,SP3168
WC700013,2025-04-01 07:40,KH540967509,SP3079
WC700014,2025-04-01 07:56,KH713362090,SP3278
WC700015,2025-04-01 08:10,KH607217980,SP3126
WC700016,2025-04-01 08:12,KH298240598,SP3377
WC700017,2025-04-01 12:00,KH-956554506,SP3199
WC700018,2025-04-01 12:02,KH942817196,SP3190
WC700019,2025-04-01 12:22, KH421083926,SP3163
WC700020,2025-04-01 13:27,kh433307141,SP3330
WC700021,2025-04-01 13:31,kh630521626,SP3242
WC700022,2025-04-01 15:13,KH-128015513,SP3034
WC700023,2025-04-01 15:28,KH750880589,SP3202
WC700024,2025-04-01 19:10,KH354567193,SP3132
WC700025,2025-04-01 19:56, KH950526942,SP3182
WC700026,2025-04-01 20:00,KH378325672,SP3026
WC700027,2025-04-01 20:29,kh331874713,SP3041
WC700028,2025-04-01 21:44,KH263026245,SP3253
WC700029,2025-04-01 21:50,KH-721048441,SP3372
WC700030,2025-04-01 22:58,KH661591218,SP3102
WC700031,2025-04-02 00:07,KH289283148,SP3196
WC700032,2025-04-02 00:41,kh486303660,SP3120
WC700033,2025-04-02 01:18,KH400588756,SP3267
WC700034,2025-04-02 01:56,KH211924483,SP3097
WC700035,2025-04-02 05:46,KH835948289,SP3326
WC700036,2025-04-02 06:42,KH812686820,SP3150
WC700037,2025-04-02 06:59,KH280242889,SP3099
WC700038,2025-04-02 07:19,KH170376546,SP3349
WC700039,2025-04-02 07:24,KH-451675857,SP3378
WC700040,2025-04-02 08:21,KH670431822,SP3371
WC700041,2025-04-02 08:28,KH274915339,SP3208
WC700042,2025-04-02 10:48,KH892456550,SP3004
WC700043,2025-04-02 11:37,KH-872541429,SP3284
WC700044,2025-04-02 12:06,KH206006680,SP3082
WC700045,2025-04-02 12:58,KH715781264,SP3302
WC700046,2025-04-02 13:06,KH694778035,SP3151
WC700047,2025-04-02 14:38,KH271421813,SP3137
WC700048,2025-04-02 14:58,KH796431534,SP3262
WC700049,2025-04-02 15:08,KH186856424,SP3210
WC700050,2025-04-02 16:19,KH955163366,SP3253
WC700051,2025-04-02 16:48,KH753058380,SP3278
WC700052,2025-04-02 16:59,KH859589692,SP3327
WC700053,2025-04-02 17:43,KH650408482,SP3161
WC700054,2025-04-02 18:10,KH779689870,SP3321
WC700055,2025-04-02 18:27,KH326164526,SP3056
WC700056,2025-04-02 18:28,KH275797616,SP3040
WC700057,2025-04-02 18:32,KH637115040,SP3051
WC700058,2025-04-02 19:05,KH132404849,SP3206
WC700059,2025-04-02 19:43,KH317526265,SP3008
WC700060,2025-04-02 21:06,KH201165386,SP3101
WC700061,2025-04-02 22:40,kh771630175,SP3186
WC700062,2025-04-02 22:41,kh883376655,SP3102
WC700063,2025-04-02 23:05, KH297182703,SP3199
WC700064,2025-04-02 23:38,KH215790482,SP3338
WC700065,2025-04-03 00:31,KH987213163,SP3150
WC700066,2025-04-03 00:36,KH325227634,SP3220
WC700067,2025-04-03 01:10,KH615854715,SP3309
WC700068,2025-04-03 01:24,KH-499596311,SP3199
WC700069,2025-04-03 04:44,KH601782075,SP3126
WC700070,2025-04-03 05:10,kh859859260,SP3227
WC700071,2025-04-03 05:35,KH465681074,SP3099
WC700072,2025-04-03 06:50, KH144183163,SP3362
WC700073,2025-04-03 11:05,KH126013483,SP3304
WC700074,2025-04-03 11:15,KH304657404,SP3324
WC700075,2025-04-03 12:14,KH354343931,SP3094
WC700076,2025-04-03 13:41,KH388865837,SP3158
WC700077,2025-04-03 15:13,KH551473957,SP3299
WC700078,2025-04-03 15:19,KH652295602,SP3094
WC700079,2025-04-03 15:19,KH409076563,SP3322
WC700080,2025-04-03 16:00,KH369826047,SP3177
WC700081,2025-04-03 16:08,KH711807079,SP3249
WC700082,2025-04-03 18:04,KH749515039,SP3052
WC700083,2025-04-03 18:54,KH-540967509,SP3345
WC700084,2025-04-03 20:27,KH576346293,SP3289
WC700085,2025-04-03 20:54,KH993959057,SP3238
WC700086,2025-04-03 22:44,KH574764311,SP3083
WC700087,2025-04-04 01:07,KH192558010,SP3066
WC700088,2025-04-04 02:21,KH972927065,SP3020
WC700089,2025-04-04 02:43,KH671049293,SP3365
WC700090,2025-04-04 03:02,KH152997835,SP3348
WC700091,2025-04-04 04:11,KH715977789,SP3310
WC700092,2025-04-04 05:00,KH725155688,SP3038
WC700093,2025-04-04 05:57,KH-571738394,SP3220
WC700094,2025-04-04 07:01,kh237894785,SP3138
WC700095,2025-04-04 07:19,KH-676972391,SP3152
WC700096,2025-04-04 08:14,KH379751800,SP3087
WC700097,2025-04-04 10:12,KH443273934,SP3309
WC700098,2025-04-04 10:53,KH337321619,SP3379
WC700099,2025-04-04 11:09,KH668019763,SP3355
WC700100,2025-04-04 11:13, KH353620555,SP3072
WC700101,2025-04-04 11:53,KH132894225,SP3137
WC700102,2025-04-04 12:21,KH-365148941,SP3241
WC700103,2025-04-04 12:35,KH822659593,SP3124
WC700104,2025-04-04 15:11,KH331874713,SP3132
WC700105,2025-04-04 15:11,KH333398053,SP3055
WC700106,2025-04-04 15:49,KH949132993,SP3298
WC700107,2025-04-04 16:17,KH896138615,SP3178
WC700108,2025-04-04 18:27,KH937509673,SP3306
WC700109,2025-04-04 19:14, KH805496208,SP3303
WC700110,2025-04-04 20:52,KH583622544,SP3066
WC700111,2025-04-04 21:53,kh510088086,SP3215
WC700112,2025-04-04 22:03,KH646761936,SP3227
WC700113,2025-04-04 22:07,KH559082236,SP3376
WC700114,2025-04-04 23:59,KH727728692,SP3268
WC700115,2025-04-05 00:17,KH825168360,SP3263
WC700116,2025-04-05 00:31,KH760234185,SP3021
WC700117,2025-04-05 01:03,KH872651875,SP3045
WC700118,2025-04-05 01:47,KH712424576,SP3235
WC700119,2025-04-05 04:12,KH-325227634,SP3355
WC700120,2025-04-05 04:44,KH-358338684,SP3102
WC700121,2025-04-05 06:40,kh429017315,SP3278
WC700122,2025-04-05 06:47,KH942716909,SP3169
WC700123,2025-04-05 09:09,KH820731587,SP3136
WC700124,2025-04-05 10:24,kh749455840,SP3369
WC700125,2025-04-05 10:48,KH167104307,SP3029
WC700126,2025-04-05 12:35, KH129775748,SP3212
WC700127,2025-04-05 15:03,KH852226947,SP3113
WC700128,2025-04-05 15:50,KH155970061,SP3106
WC700129,2025-04-05 16:00,kh460631705,SP3273
WC700130,2025-04-05 16:35,KH797024314,SP3106
WC700131,2025-04-05 17:52,KH564011743,SP3199
WC700132,2025-04-05 17:52,KH520358991,SP3096
WC700133,2025-04-05 19:24,KH400651670,SP3289
WC700134,2025-04-05 19:55,KH852226947,SP3092
WC700135,2025-04-05 21:54,KH301564807,SP3312
WC700136,2025-04-06 01:17, KH646174578,SP3186
WC700137,2025-04-06 01:29,KH-872671186,SP3296
WC700138,2025-04-06 04:05, KH313864677,SP3012
WC700139,2025-04-06 05:23,KH460124322,SP3349
WC700140,2025-04-06 05:32,KH681349635,SP3326
WC700141,2025-04-06 05:38,KH308711213,SP3100
WC700142,2025-04-06 05:53,KH304577362,SP3109
WC700143,2025-04-06 07:35,KH193762676,SP3225
WC700144,2025-04-06 08:28,KH944566843,SP3280
WC700145,2025-04-06 09:35,kh778140570,SP3225
WC700146,2025-04-06 12:03,KH395782524,SP3265
WC700147,2025-04-06 13:01,KH114482077,SP3282
WC700148,2025-04-06 13:40,KH690555433,SP3162
WC700149,2025-04-06 13:47, KH355823488,SP3146
WC700150,2025-04-06 15:26,kh406257359,SP3145
WC700151,2025-04-06 18:35,KH691267202,SP3134
WC700152,2025-04-06 21:47,KH907936873,SP3204
WC700153,2025-04-06 23:11,KH176746494,SP3091
WC700154,2025-04-06 23:27,KH461323211,SP3083
WC700155,2025-04-07 02:00, KH545686210,SP3047
WC700156,2025-04-07 02:02,KH752057089,SP3364
WC700157,2025-04-07 03:08, KH169628460,SP3082
WC700158,2025-04-07 04:44,KH892019622,SP3070
WC700159,2025-04-07 04:57,KH-647460059,SP3312
WC700160,2025-04-07 05:06,KH997535800,SP3032
WC700161,2025-04-07 05:38,KH631886824,SP3163
WC700162,2025-04-07 07:24,KH256697451,SP3338
WC700163,2025-04-07 11:29,KH260177790,SP3321
WC700164,2025-04-07 11:56,KH498259864,SP3362
WC700165,2025-04-07 12:18,KH911145789,SP3216
WC700166,2025-04-07 15:45,KH516047663,SP3092
WC700167,2025-04-07 16:52,KH649029291,SP3028
WC700168,2025-04-07 18:01,KH869606603,SP3329
WC700169,2025-04-07 20:51,KH295667227,SP3242
WC700170,2025-04-08 00:08,KH978443462,SP3139
WC700171,2025-04-08 00:09,KH569181849,SP3277
WC700172,2025-04-08 00:22,KH238161295,SP3193
WC700173,2025-04-08 00:54, KH320445173,SP3255
WC700174,2025-04-08 01:39, KH971466956,SP3106
WC700175,2025-04-08 01:49,KH-780858487,SP3364
WC700176,2025-04-08 03:15,KH704799863,SP3275
WC700177,2025-04-08 04:36,KH-737074592,SP3341
WC700178,2025-04-08 05:53,KH-620520738,SP3303
WC700179,2025-04-08 08:40,KH652712956,SP3181
WC700180,2025-04-08 11:15,KH756154421,SP3269
WC700181,2025-04-08 11:53,KH744924915,SP3349
WC700182,2025-04-08 12:42,kh508353566,SP3111
WC700183,2025-04-08 12:57,kh931847780,SP3072
WC700184,2025-04-08 15:28,KH989940895,SP3258
WC700185,2025-04-08 16:43,KH641150141,SP3360
WC700186,2025-04-08 17:04,KH-495896934,SP3106
WC700187,2025-04-08 18:01,KH765948613,SP3355
WC700188,2025-04-08 18:26,KH916294931,SP3179
WC700189,2025-04-08 18:56,KH486652774,SP3365
WC700190,2025-04-08 18:59,kh782380446,SP3150
WC700191,2025-04-08 20:30,KH223813065,SP3273
WC700192,2025-04-08 20:34,KH799460167,SP3094
WC700193,2025-04-08 21:07,KH774493733,SP3140
WC700194,2025-04-08 22:55,KH233685973,SP3164
WC700195,2025-04-08 23:29,KH357768469,SP3264
WC700196,2025-04-09 00:48,KH487311143,SP3373
WC700197,2025-04-09 02:06,KH763222993,SP3276
WC700198,2025-04-09 02:09,KH891465330,SP3108
WC700199,2025-04-09 02:31,KH-310766685,SP3178
WC700200,2025-04-09 02:50,kh180318889,SP3030
WC700201,2025-04-09 03:03,KH847895262,SP3013
WC700202,2025-04-09 03:32,KH245026513,SP3314
WC700203,2025-04-09 05:15,KH595747448,SP3285
WC700204,2025-04-09 08:25,KH505070649,SP3179
WC700205,2025-04-09 09:24,KH486158574,SP3278
WC700206,2025-04-09 09:39,kh209129730,SP3205
WC700207,2025-04-09 09:42,KH724065478,SP3192
WC700208,2025-04-09 10:20,kh338683065,SP3280
WC700209,2025-04-09 13:39, KH352665327,SP3131
WC700210,2025-04-09 14:10,KH648290600,SP3350
WC700211,2025-04-09 15:11,KH738981719,SP3331
WC700212,2025-04-09 15:33,KH-780643241,SP3148
WC700213,2025-04-09 15:49,KH317629396,SP3193
WC700214,2025-04-09 17:13,KH839285472,SP3358
WC700215,2025-04-09 17:18,KH931688505,SP3095
WC700216,2025-04-09 18:15,kh283134713,SP3372
WC700217,2025-04-09 19:15,KH535727650,SP3126
WC700218,2025-04-09 21:39,KH293862276,SP3249
WC700219,2025-04-09 23:37,KH-914680145,SP3062
WC700220,2025-04-10 01:03,KH261991719,SP3235
WC700221,2025-04-10 02:06,KH234623861,SP3242
WC700222,2025-04-10 02:57,KH940781521,SP3012
WC700223,2025-04-10 04:35,KH107788906,SP3271
WC700224,2025-04-10 05:32,KH411273828,SP3121
WC700225,2025-04-10 05:44,KH931372595,SP3235
WC700226,2025-04-10 06:06,KH830068787,SP3052
WC700227,2025-04-10 06:58,KH211125914,SP3266
WC700228,2025-04-10 10:17,KH320100933,SP3138
WC700229,2025-04-10 10:27,KH412540841,SP3135
WC700230,2025-04-10 10:31,KH224672723,SP3172
WC700231,2025-04-10 14:15,KH348415867,SP3211
WC700232,2025-04-10 15:00,KH497754868,SP3166
WC700233,2025-04-10 15:57,kh688937478,SP3088
WC700234,2025-04-10 16:01,KH717334509,SP3110
WC700235,2025-04-10 16:29,kh752985840,SP3146
WC700236,2025-04-10 16:52,KH372600283,SP3070
WC700237,2025-04-10 17:33,KH441475564,SP3167
WC700238,2025-04-10 19:41,kh652373269,SP3099
WC700239,2025-04-10 20:22,KH372949050,SP3100
WC700240,2025-04-10 21:12,KH-341071749,SP3192
WC700241,2025-04-10 21:58,KH931847780,SP3035
WC700242,2025-04-10 22:25,KH115193298,SP3002
WC700243,2025-04-10 22:38,KH490609335,SP3266
WC700244,2025-04-10 22:57,KH230428128,SP3258
WC700245,2025-04-10 23:22, KH739517459,SP3347
WC700246,2025-04-11 00:10,KH428469714,SP3190
WC700247,2025-04-11 01:24,KH677386753,SP3309
WC700248,2025-04-11 01:28,KH152995705,SP3182
WC700249,2025-04-11 01:49,KH507353704,SP3113
WC700250,2025-04-11 01:58,KH169882135,SP3360
WC700251,2025-04-11 02:56,KH391926351,SP3124
WC700252,2025-04-11 03:41,KH914211206,SP3101
WC700253,2025-04-11 04:06,kh598791699,SP3222
WC700254,2025-04-11 07:06,KH-586990347,SP3018
WC700255,2025-04-11 09:11,KH362566624,SP3106
WC700256,2025-04-11 09:47,KH400855639,SP3301
WC700257,2025-04-11 11:03,KH640399190,SP3323
WC700258,2025-04-11 11:27,KH513374452,SP3057
WC700259,2025-04-11 14:28, KH657390659,SP3043
WC700260,2025-04-11 14:58,KH295048697,SP3333
WC700261,2025-04-11 17:32,KH744108824,SP3047
WC700262,2025-04-11 17:32,KH968192736,SP3163
WC700263,2025-04-11 18:00,KH548263799,SP3087
WC700264,2025-04-11 18:18,KH239692124,SP3036
WC700265,2025-04-11 18:38,KH202371536,SP3247
WC700266,2025-04-11 19:18,KH476815766,SP3193
WC700267,2025-04-11 19:23,KH493095074,SP3247
WC700268,2025-04-11 19:52,KH582721431,SP3125
WC700269,2025-04-11 20:09,KH924657762,SP3273
WC700270,2025-04-11 20:44,kh576346293,SP3069
WC700271,2025-04-11 21:16,KH-683975866,SP3121
WC700272,2025-04-11 23:11,kh351776650,SP3056
WC700273,2025-04-12 00:42, KH264076632,SP3045
WC700274,2025-04-12 00:59,KH614023683,SP3220
WC700275,2025-04-12 01:15,KH558889906,SP3024
WC700276,2025-04-12 01:32,KH877408338,SP3362
WC700277,2025-04-12 02:22,KH216577264,SP3134
WC700278,2025-04-12 02:26,kh745632510,SP3333
WC700279,2025-04-12 02:33,KH228432253,SP3338
WC700280,2025-04-12 02:59,KH-346809355,SP3026
WC700281,2025-04-12 03:39,KH233731091,SP3189
WC700282,2025-04-12 07:21,KH194904620,SP3269
WC700283,2025-04-12 08:33,KH620548819,SP3135
WC700284,2025-04-12 10:58,KH507537381,SP3348
WC700285,2025-04-12 12:46,kh170670412,SP3099
WC700286,2025-04-12 13:30,KH987965935,SP3347
WC700287,2025-04-12 13:32,KH373514804,SP3040
WC700288,2025-04-12 14:49,KH470019297,SP3141
WC700289,2025-04-12 17:52,KH219549741,SP3219
WC700290,2025-04-12 18:33,KH868624326,SP3237
WC700291,2025-04-12 21:42,KH204820452,SP3276
WC700292,2025-04-12 21:51,KH949022815,SP3341
WC700293,2025-04-12 22:04,KH712841218,SP3113
WC700294,2025-04-12 22:42,KH610119280,SP3104
WC700295,2025-04-12 22:52,KH820133468,SP3272
WC700296,2025-04-13 00:03,kh148392580,SP3147
WC700297,2025-04-13 00:15,KH652627816,SP3157
WC700298,2025-04-13 02:03,KH424251546,SP3276
WC700299,2025-04-13 02:22,KH-781309325,SP3262
WC700300,2025-04-13 02:30,KH447004801,SP3193
WC700301,2025-04-13 02:47, KH227981776,SP3198
WC700302,2025-04-13 03:08,kh808470059,SP3104
WC700303,2025-04-13 03:54,KH662350815,SP3378
WC700304,2025-04-13 04:32,KH762701250,SP3202
WC700305,2025-04-13 04:51,KH879214973,SP3324
WC700306,2025-04-13 05:13,KH994421619,SP3327
WC700307,2025-04-13 06:52, KH813578702,SP3355
WC700308,2025-04-13 07:58,KH732008425,SP3026
WC700309,2025-04-13 08:25,KH570811713,SP3029
WC700310,2025-04-13 08:35, KH944913958,SP3153
WC700311,2025-04-13 09:30,KH169649610,SP3227
WC700312,2025-04-13 09:54, KH119064428,SP3349
WC700313,2025-04-13 10:26,KH311607978,SP3349
WC700314,2025-04-13 10:58, KH263835800,SP3022
WC700315,2025-04-13 14:55,KH533795704,SP3285
WC700316,2025-04-13 15:13,KH609983273,SP3025
WC700317,2025-04-13 15:15, KH274435675,SP3367
WC700318,2025-04-13 16:09,KH290643743,SP3053
WC700319,2025-04-13 16:58,KH923482277,SP3204
WC700320,2025-04-13 18:44,KH119751586,SP3195
WC700321,2025-04-13 19:43,KH470019297,SP3216
WC700322,2025-04-13 19:45, KH341334866,SP3097
WC700323,2025-04-13 20:56,KH186191120,SP3240
WC700324,2025-04-13 22:59,KH793665084,SP3159
WC700325,2025-04-13 23:21,kh270931442,SP3069
WC700326,2025-04-14 01:20,KH-546458659,SP3206
WC700327,2025-04-14 02:50,KH542279981,SP3099
WC700328,2025-04-14 03:19,KH578682382,SP3207
WC700329,2025-04-14 03:57,KH417313420,SP3047
WC700330,2025-04-14 04:09,KH738367704,SP3377
WC700331,2025-04-14 04:37, KH478016868,SP3148
WC700332,2025-04-14 04:50,KH102326393,SP3193
WC700333,2025-04-14 05:33,KH159290662,SP3244
WC700334,2025-04-14 07:05,KH414649215,SP3242
WC700335,2025-04-14 07:59,KH407051356,SP3204
WC700336,2025-04-14 08:15,KH298581878,SP3091
WC700337,2025-04-14 09:23,KH-456753628,SP3185
WC700338,2025-04-14 10:56,KH293254022,SP3114
WC700339,2025-04-14 11:45,kh447249915,SP3177
WC700340,2025-04-14 12:13,KH793070249,SP3333
WC700341,2025-04-14 13:37,KH616474033,SP3166
WC700342,2025-04-14 13:47,KH157699579,SP3225
WC700343,2025-04-14 13:56,KH461072318,SP3089
WC700344,2025-04-14 14:24, KH158594731,SP3052
WC700345,2025-04-14 15:14,KH885754712,SP3180
WC700346,2025-04-14 15:37,kh702140901,SP3146
WC700347,2025-04-14 18:02,KH122392454,SP3370
WC700348,2025-04-14 19:11,KH762265975,SP3196
WC700349,2025-04-14 19:47,KH129775748,SP3342
WC700350,2025-04-14 20:10,KH159592749,SP3132
WC700351,2025-04-14 20:16,KH338837739,SP3278
WC700352,2025-04-14 20:51,KH522229789,SP3198
WC700353,2025-04-14 22:50,KH603839728,SP3004
WC700354,2025-04-15 02:46,KH365148941,SP3331
WC700355,2025-04-15 03:28,KH739517459,SP3102
WC700356,2025-04-15 04:03,KH689622932,SP3220
WC700357,2025-04-15 05:50,KH627767647,SP3302
WC700358,2025-04-15 07:07,KH761512623,SP3076
WC700359,2025-04-15 09:32,kh510174395,SP3083
WC700360,2025-04-15 11:37,KH852009276,SP3074
WC700361,2025-04-15 12:23,KH681421320,SP3041
WC700362,2025-04-15 13:28,kh573080281,SP3265
WC700363,2025-04-15 14:30,KH342647734,SP3103
WC700364,2025-04-15 16:00,KH887659601,SP3153
WC700365,2025-04-15 16:45, KH170288230,SP3378
WC700366,2025-04-15 16:54,KH797415920,SP3198
WC700367,2025-04-15 17:00,kh432528540,SP3157
WC700368,2025-04-15 17:36,KH928005290,SP3260
WC700369,2025-04-15 18:08, KH715443378,SP3214
WC700370,2025-04-15 19:16,kh534710358,SP3273
WC700371,2025-04-15 19:50,KH818263409,SP3255
WC700372,2025-04-16 00:40,KH753476095,SP3041
WC700373,2025-04-16 00:58,KH756154421,SP3347
WC700374,2025-04-16 02:03,KH798065426,SP3082
WC700375,2025-04-16 02:24,KH284244869,SP3083
WC700376,2025-04-16 02:46,KH676301101,SP3202
WC700377,2025-04-16 03:42,KH548263799,SP3342
WC700378,2025-04-16 03:57,KH113599567,SP3341
WC700379,2025-04-16 04:17,KH688722998,SP3258
WC700380,2025-04-16 04:35,kh465561889,SP3127
WC700381,2025-04-16 05:30,KH411273828,SP3154
WC700382,2025-04-16 06:54,KH662696703,SP3306
WC700383,2025-04-16 07:52,KH-652712956,SP3038
WC700384,2025-04-16 08:26,KH398030774,SP3324
WC700385,2025-04-16 09:16, KH811542475,SP3054
WC700386,2025-04-16 09:57,KH955972282,SP3343
WC700387,2025-04-16 10:31,KH932831252,SP3195
WC700388,2025-04-16 10:37,kh113947139,SP3343
WC700389,2025-04-16 10:39,KH532884617,SP3336
WC700390,2025-04-16 12:43,kh923408516,SP3225
WC700391,2025-04-16 15:34,KH211522628,SP3121
WC700392,2025-04-16 15:58,KH201260788,SP3151
WC700393,2025-04-16 16:33,KH846904204,SP3095
WC700394,2025-04-16 17:05,KH453951662,SP3134
WC700395,2025-04-16 17:10,kh427853902,SP3370
WC700396,2025-04-16 19:24,KH792934419,SP3063
WC700397,2025-04-16 19:30,KH204290314,SP3055
WC700398,2025-04-16 20:59,KH619138691,SP3248
WC700399,2025-04-16 21:47,KH731551461,SP3035
WC700400,2025-04-17 00:01,KH534217348,SP3304
WC700401,2025-04-17 00:04,KH-904240625,SP3083
WC700402,2025-04-17 00:05,KH917372062,SP3355
WC700403,2025-04-17 01:24,KH-970595949,SP3264
WC700404,2025-04-17 01:37,KH762421418,SP3146
WC700405,2025-04-17 02:54,KH585379186,SP3108
WC700406,2025-04-17 03:36,KH727343966,SP3147
WC700407,2025-04-17 04:24,KH517952716,SP3004
WC700408,2025-04-17 04:38,KH649457477,SP3075
WC700409,2025-04-17 05:20,kh574095793,SP3361
WC700410,2025-04-17 07:17,KH462069982,SP3146
WC700411,2025-04-17 08:42,KH428965750,SP3211
WC700412,2025-04-17 09:37,KH895401304,SP3101
WC700413,2025-04-17 10:05,KH-711061355,SP3106
WC700414,2025-04-17 11:18,kh444929262,SP3266
WC700415,2025-04-17 11:26,KH689629412,SP3372
WC700416,2025-04-17 11:34,kh120692895,SP3110
WC700417,2025-04-17 11:35, KH768107919,SP3271
WC700418,2025-04-17 13:02,KH163449301,SP3309
WC700419,2025-04-17 14:38,KH666939700,SP3192
WC700420,2025-04-17 15:15,KH957911829,SP3201
WC700421,2025-04-17 19:09,KH121434250,SP3327
WC700422,2025-04-17 20:21,KH548256014,SP3309
WC700423,2025-04-17 21:30,KH622777391,SP3246
WC700424,2025-04-17 21:44,KH153023533,SP3277
WC700425,2025-04-17 22:49,KH729074228,SP3369
WC700426,2025-04-17 23:38, KH786098776,SP3110
WC700427,2025-04-17 23:47, KH233921864,SP3143
WC700428,2025-04-18 01:50,KH988191462,SP3116
WC700429,2025-04-18 02:01,KH433183423,SP3338
WC700430,2025-04-18 02:37,KH324275450,SP3337
WC700431,2025-04-18 03:12,KH271421813,SP3130
WC700432,2025-04-18 03:30,KH938616118,SP3214
WC700433,2025-04-18 04:39,KH709757390,SP3243
WC700434,2025-04-18 05:50,kh706326287,SP3113
WC700435,2025-04-18 06:22,KH796156139,SP3112
WC700436,2025-04-18 08:01,KH867570294,SP3096
WC700437,2025-04-18 08:17, KH654331011,SP3018
WC700438,2025-04-18 09:19,KH532779353,SP3109
WC700439,2025-04-18 09:38,KH-647894110,SP3003
WC700440,2025-04-18 09:48,KH247326782,SP3004
WC700441,2025-04-18 10:48,KH917695782,SP3268
WC700442,2025-04-18 13:18,KH305215449,SP3003
WC700443,2025-04-18 14:18,KH758688022,SP3368
WC700444,2025-04-18 15:52,KH917695782,SP3331
WC700445,2025-04-18 16:34,KH802587236,SP3273
WC700446,2025-04-18 16:42,KH397683441,SP3362
WC700447,2025-04-18 16:45,KH734858947,SP3017
WC700448,2025-04-18 17:50, KH895490576,SP3250
WC700449,2025-04-18 19:34,kh952662286,SP3154
WC700450,2025-04-18 21:51,KH360859659,SP3022
WC700451,2025-04-18 22:04,KH906386884,SP3262
WC700452,2025-04-18 22:54,KH679326142,SP3052
WC700453,2025-04-18 23:10, KH832123574,SP3065
WC700454,2025-04-19 00:32,KH-806615235,SP3158
WC700455,2025-04-19 05:44,KH248156994,SP3116
WC700456,2025-04-19 06:50, KH164788548,SP3201
WC700457,2025-04-19 08:08, KH107762150,SP3309
WC700458,2025-04-19 08:33,KH788849546,SP3138
WC700459,2025-04-19 08:37,KH292135258,SP3371
WC700460,2025-04-19 08:48, KH142788394,SP3255
WC700461,2025-04-19 09:19, KH482475455,SP3264
WC700462,2025-04-19 09:46,KH117925663,SP3172
WC700463,2025-04-19 10:01,kh496666936,SP3288
WC700464,2025-04-19 12:06,KH502796816,SP3343
WC700465,2025-04-19 12:43,KH-931794720,SP3329
WC700466,2025-04-19 14:17,KH545090666,SP3098
WC700467,2025-04-19 14:30,KH253560442,SP3035
WC700468,2025-04-19 14:37, KH998080405,SP3079
WC700469,2025-04-19 19:52,KH797718312,SP3188
WC700470,2025-04-19 21:36,KH750076829,SP3251
WC700471,2025-04-19 22:03, KH660706985,SP3100
WC700472,2025-04-20 02:52,KH233471862,SP3361
WC700473,2025-04-20 03:37,KH790013671,SP3106
WC700474,2025-04-20 04:16, KH833553027,SP3349
WC700475,2025-04-20 04:22,KH503922971,SP3199
WC700476,2025-04-20 04:24,KH629268098,SP3314
WC700477,2025-04-20 05:04,KH706765235,SP3104
WC700478,2025-04-20 05:08,KH770410092,SP3034
WC700479,2025-04-20 09:23,KH279802342,SP3371
WC700480,2025-04-20 09:36,KH-524681116,SP3207
WC700481,2025-04-20 10:46,KH610738752,SP3238
WC700482,2025-04-20 11:13,KH712868641,SP3116
WC700483,2025-04-20 11:40,kh547711217,SP3062
WC700484,2025-04-20 11:44, KH981051792,SP3136
WC700485,2025-04-20 12:10,KH696479396,SP3219
WC700486,2025-04-20 13:11,KH395580446,SP3377
WC700487,2025-04-20 14:25,KH235930918,SP3377
WC700488,2025-04-20 14:31,KH532694966,SP3216
WC700489,2025-04-20 14:59,KH323669155,SP3257
WC700490,2025-04-20 15:53,KH992255460,SP3077
WC700491,2025-04-20 16:48,KH129471411,SP3123
WC700492,2025-04-20 17:16,KH233731762,SP3205
WC700493,2025-04-20 17:25,KH608081521,SP3043
WC700494,2025-04-20 17:54,KH295667227,SP3034
WC700495,2025-04-20 18:39,KH347467991,SP3321
WC700496,2025-04-20 18:45, KH106517664,SP3281
WC700497,2025-04-20 19:35, KH422015180,SP3214
WC700498,2025-04-20 21:07,KH609153967,SP3096
WC700499,2025-04-20 22:19,KH870159792,SP3358
WC700500,2025-04-20 22:35,KH920856050,SP3333
WC700501,2025-04-21 00:21, KH383327708,SP3218
WC700502,2025-04-21 01:23,KH-604860527,SP3032
WC700503,2025-04-21 02:09,KH283687987,SP3181
WC700504,2025-04-21 02:10, KH711307831,SP3291
WC700505,2025-04-21 02:24,KH196578624,SP3103
WC700506,2025-04-21 02:51,kh279247706,SP3255
WC700507,2025-04-21 09:50,KH697791895,SP3290
WC700508,2025-04-21 11:02,KH708107565,SP3025
WC700509,2025-04-21 11:20,KH-594207721,SP3345
WC700510,2025-04-21 13:49,KH418100322,SP3306
WC700511,2025-04-21 14:06,KH-832123574,SP3240
WC700512,2025-04-21 14:31,KH670431822,SP3186
WC700513,2025-04-21 16:29,KH922890891,SP3376
WC700514,2025-04-21 17:45,kh111651039,SP3054
WC700515,2025-04-21 19:29,KH-857718531,SP3096
WC700516,2025-04-21 22:15,KH747785527,SP3246
WC700517,2025-04-21 22:58,KH111922681,SP3212
WC700518,2025-04-22 02:38,KH648301453,SP3121
WC700519,2025-04-22 03:21,KH-127624044,SP3176
WC700520,2025-04-22 03:48,KH252674923,SP3217
WC700521,2025-04-22 04:51,KH169316695,SP3280
WC700522,2025-04-22 05:30,kh610887108,SP3028
WC700523,2025-04-22 05:38,KH525237051,SP3213
WC700524,2025-04-22 07:23,KH928005290,SP3201
WC700525,2025-04-22 08:21, KH352074382,SP3373
WC700526,2025-04-22 08:23, KH465224373,SP3297
WC700527,2025-04-22 13:49,KH565552930,SP3362
WC700528,2025-04-22 13:57,KH491115021,SP3230
WC700529,2025-04-22 15:03,KH458640118,SP3272
WC700530,2025-04-22 15:09,KH476604947,SP3230
WC700531,2025-04-22 15:29,KH-191363605,SP3234
WC700532,2025-04-22 15:53, KH681617940,SP3126
WC700533,2025-04-22 17:07,KH204097722,SP3246
WC700534,2025-04-22 18:40, KH847789637,SP3209
WC700535,2025-04-22 18:58,KH218554759,SP3006
WC700536,2025-04-22 19:23, KH814494791,SP3148
WC700537,2025-04-22 21:01,KH985835468,SP3158
WC700538,2025-04-22 22:54,KH178007273,SP3038
WC700539,2025-04-23 01:17,KH670526126,SP3297
WC700540,2025-04-23 02:17, KH415463217,SP3289
WC700541,2025-04-23 02:41,kh270434343,SP3284
WC700542,2025-04-23 03:02,KH587712733,SP3275
WC700543,2025-04-23 04:43,KH868985855,SP3297
WC700544,2025-04-23 04:44,KH940588082,SP3317
WC700545,2025-04-23 05:13,KH382373048,SP3192
WC700546,2025-04-23 05:49,KH724908878,SP3273
WC700547,2025-04-23 07:43,KH415641312,SP3251
WC700548,2025-04-23 09:49,KH669794238,SP3040
WC700549,2025-04-23 10:42,KH-369826047,SP3026
WC700550,2025-04-23 13:05,KH544363714,SP3338
WC700551,2025-04-23 14:09,KH702965923,SP3079
WC700552,2025-04-23 15:30,KH263863285,SP3277
WC700553,2025-04-23 15:34,KH598557708,SP3006
WC700554,2025-04-23 16:07,kh564976236,SP3049
WC700555,2025-04-23 16:39,KH571228648,SP3273
WC700556,2025-04-23 17:30,KH361864069,SP3339
WC700557,2025-04-23 17:44,KH433183423,SP3167
WC700558,2025-04-23 18:14,KH999721703,SP3335
WC700559,2025-04-23 18:49, KH708107565,SP3051
WC700560,2025-04-23 19:29,KH311880560,SP3016
WC700561,2025-04-23 22:34,KH635957337,SP3012
WC700562,2025-04-23 23:27,KH935838045,SP3275
WC700563,2025-04-24 00:35,KH765948613,SP3360
WC700564,2025-04-24 01:37,KH555679141,SP3139
WC700565,2025-04-24 03:49,KH285258676,SP3061
WC700566,2025-04-24 05:18,KH324598815,SP3125
WC700567,2025-04-24 08:29,KH910092612,SP3207
WC700568,2025-04-24 08:35,KH813578702,SP3276
WC700569,2025-04-24 08:40,KH959544122,SP3147
WC700570,2025-04-24 09:17,KH676127479,SP3004
WC700571,2025-04-24 09:44,KH539538990,SP3190
WC700572,2025-04-24 09:54,KH133065619,SP3292
WC700573,2025-04-24 10:42,KH735300527,SP3192
WC700574,2025-04-24 10:44,KH227436961,SP3168
WC700575,2025-04-24 12:43,KH586520624,SP3157
WC700576,2025-04-24 14:41,KH-595439990,SP3075
WC700577,2025-04-24 20:52,KH419413608,SP3238
WC700578,2025-04-24 21:03,KH-559198801,SP3266
WC700579,2025-04-24 22:03, KH948988477,SP3169
WC700580,2025-04-24 23:56,KH211924483,SP3079
WC700581,2025-04-25 01:52,KH805662788,SP3068
WC700582,2025-04-25 03:05,KH905828799,SP3155
WC700583,2025-04-25 04:18,kh279247706,SP3308
WC700584,2025-04-25 06:13,KH544588913,SP3349
WC700585,2025-04-25 06:15,KH583783534,SP3082
WC700586,2025-04-25 06:15,KH579403644,SP3056
WC700587,2025-04-25 06:42,KH664992966,SP3364
WC700588,2025-04-25 07:36,KH611719063,SP3148
WC700589,2025-04-25 08:29,KH977224486,SP3120
WC700590,2025-04-25 10:58,kh390375998,SP3279
WC700591,2025-04-25 11:19,KH890042704,SP3289
WC700592,2025-04-25 11:31,KH706765235,SP3308
WC700593,2025-04-25 11:54,KH679969117,SP3024
WC700594,2025-04-25 12:22,KH-393244838,SP3094
WC700595,2025-04-25 12:22,KH335627370,SP3347
WC700596,2025-04-25 13:31, KH141564462,SP3086
WC700597,2025-04-25 16:05,KH475989472,SP3365
WC700598,2025-04-25 16:11,KH441096260,SP3212
WC700599,2025-04-25 17:31,KH-648921699,SP3163
WC700600,2025-04-25 17:53,KH993684757,SP3261
WC700601,2025-04-25 17:54,KH-922447279,SP3371
WC700602,2025-04-25 18:02, KH577368651,SP3036
WC700603,2025-04-25 19:07, KH116275188,SP3327
WC700604,2025-04-25 19:14,KH338371632,SP3237
WC700605,2025-04-25 19:43,KH386391680,SP3084
WC700606,2025-04-25 21:42, KH160611027,SP3098
WC700607,2025-04-25 22:32,KH364132045,SP3205
WC700608,2025-04-26 01:08,kh118294812,SP3005
WC700609,2025-04-26 01:30,KH457821578,SP3176
WC700610,2025-04-26 02:01,KH541530704,SP3365
WC700611,2025-04-26 02:02,kh951314750,SP3306
WC700612,2025-04-26 02:18,KH150854912,SP3029
WC700613,2025-04-26 02:42,KH958240953,SP3132
WC700614,2025-04-26 06:20,KH994623255,SP3180
WC700615,2025-04-26 08:57,KH826521338,SP3374
WC700616,2025-04-26 09:23,KH180318889,SP3172
WC700617,2025-04-26 11:26,KH902221004,SP3328
WC700618,2025-04-26 13:06,KH-509230473,SP3061
WC700619,2025-04-26 14:21,KH638271656,SP3266
WC700620,2025-04-26 16:39,KH132723906,SP3345
WC700621,2025-04-26 16:56,KH573185748,SP3259
WC700622,2025-04-26 17:06,KH-402375691,SP3040
WC700623,2025-04-26 17:24,KH197172465,SP3267
WC700624,2025-04-26 17:28,KH168419670,SP3164
WC700625,2025-04-26 18:59,kh197199831,SP3181
WC700626,2025-04-26 20:32, KH780767579,SP3369
WC700627,2025-04-26 21:21,KH791339389,SP3211
WC700628,2025-04-26 21:42,KH679794347,SP3336
WC700629,2025-04-26 22:08,KH187846213,SP3079
WC700630,2025-04-26 23:06, KH152689974,SP3054
WC700631,2025-04-26 23:24,kh908396475,SP3041
WC700632,2025-04-27 01:12,KH895963643,SP3034
WC700633,2025-04-27 02:06,KH-165988029,SP3051
WC700634,2025-04-27 02:10,KH929587436,SP3371
WC700635,2025-04-27 02:39,KH676301101,SP3314
WC700636,2025-04-27 03:04,KH765701193,SP3043
WC700637,2025-04-27 03:39,KH257712027,SP3249
WC700638,2025-04-27 05:31,KH-558988409,SP3255
WC700639,2025-04-27 05:40,KH699592149,SP3352
WC700640,2025-04-27 06:20,KH889118135,SP3370
WC700641,2025-04-27 06:26,KH641394710,SP3075
WC700642,2025-04-27 06:30,KH-960898002,SP3075
WC700643,2025-04-27 06:56,KH531170950,SP3187
WC700644,2025-04-27 07:00,KH987124126,SP3238
WC700645,2025-04-27 07:32,kh457714474,SP3359
WC700646,2025-04-27 09:06,KH951834915,SP3214
WC700647,2025-04-27 09:15,KH169783491,SP3128
WC700648,2025-04-27 11:14,KH894336231,SP3284
WC700649,2025-04-27 11:22,KH462923606,SP3006
WC700650,2025-04-27 12:44,kh565738130,SP3161
WC700651,2025-04-27 13:22,KH-635812301,SP3024
WC700652,2025-04-27 13:54,KH-280892691,SP3272
WC700653,2025-04-27 14:22,kh555608807,SP3142
WC700654,2025-04-27 15:51,KH849303319,SP3322
WC700655,2025-04-27 18:32,KH441475564,SP3070
WC700656,2025-04-27 20:39,KH312113652,SP3266
WC700657,2025-04-27 21:08,KH209243376,SP3321
WC700658,2025-04-27 21:31,KH912019938,SP3168
WC700659,2025-04-27 22:00,kh781089741,SP3173
WC700660,2025-04-27 22:45,KH-754316318,SP3254
WC700661,2025-04-27 23:16,KH213664412,SP3119
WC700662,2025-04-27 23:28,KH521584093,SP3358
WC700663,2025-04-28 00:00,KH726021899,SP3189
WC700664,2025-04-28 00:34,KH-846184025,SP3182
WC700665,2025-04-28 00:56, KH275402043,SP3262
WC700666,2025-04-28 02:25,KH-509857887,SP3359
WC700667,2025-04-28 03:06,KH474996162,SP3112
WC700668,2025-04-28 04:30,KH435531222,SP3102
WC700669,2025-04-28 04:54,KH825458271,SP3086
WC700670,2025-04-28 05:16,kh389753468,SP3199
WC700671,2025-04-28 06:01,KH724480247,SP3091
WC700672,2025-04-28 07:02,kh270238293,SP3177
WC700673,2025-04-28 07:22,KH534217348,SP3339
WC700674,2025-04-28 08:34, KH611534396,SP3299
WC700675,2025-04-28 10:00, KH284954469,SP3350
WC700676,2025-04-28 10:31,KH677746694,SP3005
WC700677,2025-04-28 10:47,KH-335272424,SP3045
WC700678,2025-04-28 11:43, KH670072185,SP3012
WC700679,2025-04-28 12:12,KH-425163487,SP3042
WC700680,2025-04-28 18:42,KH589856982,SP3023
WC700681,2025-04-28 19:00,KH759416562,SP3200
WC700682,2025-04-28 21:35,KH450643224,SP3204
WC700683,2025-04-29 00:33,kh252975992,SP3272
WC700684,2025-04-29 01:13,KH575510661,SP3202
WC700685,2025-04-29 02:16,KH860953177,SP3257
WC700686,2025-04-29 02:27,kh881231778,SP3046
WC700687,2025-04-29 02:54,KH541487682,SP3102
WC700688,2025-04-29 03:04,KH581537243,SP3111
WC700689,2025-04-29 03:19,kh879196221,SP3276
WC700690,2025-04-29 04:11,KH653888745,SP3269
WC700691,2025-04-29 05:42,KH212284720,SP3364
WC700692,2025-04-29 05:56,KH466951883,SP3034
WC700693,2025-04-29 07:36,KH688161484,SP3302
WC700694,2025-04-29 07:40,KH369986592,SP3372
WC700695,2025-04-29 08:30,KH769177902,SP3098
WC700696,2025-04-29 09:33,kh661242434,SP3212
WC700697,2025-04-29 09:58,KH844828406,SP3168
WC700698,2025-04-29 10:26,KH690545807,SP3006
WC700699,2025-04-29 10:36,KH-281536751,SP3127
WC700700,2025-04-29 12:27,KH590013824,SP3195
WC700701,2025-04-29 12:42,KH544610008,SP3141
WC700702,2025-04-29 13:17,KH-322860630,SP3290
WC700703,2025-04-29 14:35,KH866301360,SP3359
WC700704,2025-04-29 15:59,KH204290314,SP3077
WC700705,2025-04-29 16:10,KH446986985,SP3334
WC700706,2025-04-29 16:42,KH654431858,SP3159
WC700707,2025-04-29 17:23,KH407043687,SP3125
WC700708,2025-04-29 18:59,KH-253287061,SP3032
WC700709,2025-04-29 20:15,KH366922770,SP3197
WC700710,2025-04-29 20:45,KH233950570,SP3111
WC700711,2025-04-29 23:43,KH797718312,SP3198
WC700712,2025-04-29 23:55,KH375316965,SP3290
WC700713,2025-04-30 00:04,KH787184336,SP3095
WC700714,2025-04-30 00:17,KH219733370,SP3352
WC700715,2025-04-30 01:46,KH233471862,SP3044
WC700716,2025-04-30 04:02,KH238787483,SP3204
WC700717,2025-04-30 04:26,KH480339349,SP3054
WC700718,2025-04-30 05:03,KH633792448,SP3347
WC700719,2025-04-30 05:21,KH816173313,SP3056
WC700720,2025-04-30 05:39, KH170116775,SP3303
WC700721,2025-04-30 05:57,KH352998187,SP3041
WC700722,2025-04-30 07:00,KH251984945,SP3102
WC700723,2025-04-30 07:15,KH223461947,SP3298
WC700724,2025-04-30 07:35,KH881339119,SP3339
WC700725,2025-04-30 08:10,KH690901722,SP3100
WC700726,2025-04-30 08:55,KH739027483,SP3013
WC700727,2025-04-30 10:36,KH943864823,SP3051
WC700728,2025-04-30 10:48, KH998385543,SP3091
WC700730,2025-04-30 11:12,KH220848860,SP3026
WC700729,2025-04-30 11:12,KH989336846,SP3057
WC700731,2025-04-30 12:24,KH185047283,SP3299
WC700732,2025-04-30 13:00,KH-612668064,SP3333
WC700733,2025-04-30 15:45,KH550871478,SP3076
WC700734,2025-04-30 16:13,KH-501034360,SP3197
WC700735,2025-04-30 16:41,KH363233239,SP3025
WC700736,2025-04-30 17:56,KH176401051,SP3361
WC700737,2025-04-30 19:22,KH123712283,SP3083
WC700738,2025-04-30 23:52,KH409076563,SP3238
WC700739,2025-05-01 00:18,KH-368937492,SP3152
WC700740,2025-05-01 00:29,KH621431411,SP3298
WC700741,2025-05-01 01:08,KH904468068,SP3071
WC700742,2025-05-01 02:16,kh864593378,SP3185
WC700743,2025-05-01 02:29, KH658391770,SP3012
WC700744,2025-05-01 03:50,kh370912394,SP3279
WC700745,2025-05-01 04:20,kh210075363,SP3029
WC700746,2025-05-01 08:15,KH850357075,SP3214
WC700747,2025-05-01 08:22,KH-139169521,SP3329
WC700748,2025-05-01 09:03,KH772468778,SP3144
WC700749,2025-05-01 10:19,KH207682801,SP3083
WC700750,2025-05-01 10:26,KH101926975,SP3214
WC700751,2025-05-01 10:33,KH655521845,SP3147
WC700752,2025-05-01 10:35,KH203740336,SP3207
WC700753,2025-05-01 10:58,kh955742306,SP3288
WC700754,2025-05-01 13:41,KH136853348,SP3069
WC700755,2025-05-01 13:44,KH655988148,SP3351
WC700756,2025-05-01 14:07,KH468102623,SP3331
WC700757,2025-05-01 14:27,KH153060184,SP3164
WC700758,2025-05-01 16:59,KH946468461,SP3139
WC700759,2025-05-01 18:22,kh608613227,SP3126
WC700760,2025-05-01 18:57,KH982395239,SP3361
WC700761,2025-05-01 20:11,KH470367794,SP3268
WC700762,2025-05-01 20:52,KH944499027,SP3108
WC700763,2025-05-01 21:36,KH961875912,SP3137
WC700764,2025-05-01 22:55,KH931616574,SP3288
WC700765,2025-05-02 00:21,KH-286415036,SP3136
WC700766,2025-05-02 01:07,KH847164962,SP3033
WC700767,2025-05-02 01:30,KH482800446,SP3142
WC700768,2025-05-02 01:59,KH787028772,SP3020
WC700769,2025-05-02 03:40,KH816229938,SP3241
WC700770,2025-05-02 08:11, KH185581776,SP3268
WC700771,2025-05-02 08:33,KH-887322268,SP3349
WC700772,2025-05-02 08:48, KH847789637,SP3260
WC700773,2025-05-02 09:20, KH676962448,SP3303
WC700774,2025-05-02 10:07,kh155648818,SP3032
WC700775,2025-05-02 11:35, KH237749695,SP3080
WC700776,2025-05-02 11:39,KH527203883,SP3348
WC700777,2025-05-02 12:30,KH422625767,SP3089
WC700778,2025-05-02 12:53,KH-623421818,SP3301
WC700779,2025-05-02 13:50,KH833420475,SP3348
WC700780,2025-05-02 16:07,kh777994667,SP3150
WC700781,2025-05-02 16:48,KH126831141,SP3211
WC700782,2025-05-02 17:05,KH817475722,SP3151
WC700783,2025-05-02 23:40,KH121563316,SP3320
WC700784,2025-05-03 00:10,KH136777904,SP3139
WC700785,2025-05-03 00:25,KH133065619,SP3087
WC700786,2025-05-03 01:08,KH180736952,SP3049
WC700787,2025-05-03 03:00,KH604758967,SP3220
WC700788,2025-05-03 03:49,KH499719428,SP3288
WC700789,2025-05-03 03:52,KH726447848,SP3335
WC700790,2025-05-03 04:08,KH527944029,SP3017
WC700791,2025-05-03 04:38,KH553520032,SP3376
WC700792,2025-05-03 04:58, KH891752689,SP3135
WC700793,2025-05-03 06:50,KH419405387,SP3350
WC700794,2025-05-03 09:34,KH434306283,SP3208
WC700795,2025-05-03 09:42,KH553424724,SP3304
WC700796,2025-05-03 09:57,KH412541989,SP3140
WC700797,2025-05-03 10:13,KH783941847,SP3377
WC700798,2025-05-03 10:25,KH149177588,SP3031
WC700799,2025-05-03 12:25,KH531369148,SP3005
WC700800,2025-05-03 13:04,KH870678869,SP3008
WC700801,2025-05-03 14:23,KH800487554,SP3100
WC700802,2025-05-03 14:54,KH294365715,SP3358
WC700803,2025-05-03 15:47,KH208204753,SP3152
WC700804,2025-05-03 16:17, KH938198205,SP3215
WC700805,2025-05-03 16:24,KH-437919746,SP3211
WC700806,2025-05-03 17:28, KH188484921,SP3211
WC700807,2025-05-03 17:39,KH308130491,SP3110
WC700808,2025-05-03 17:47,KH973882322,SP3203
WC700809,2025-05-03 17:54,KH824340260,SP3364
WC700810,2025-05-03 18:35,KH275732920,SP3136
WC700811,2025-05-03 20:40,KH774040902,SP3026
WC700812,2025-05-03 22:28,KH517183806,SP3222
WC700814,2025-05-04 00:50,KH523584268,SP3047
WC700813,2025-05-04 00:50, KH280016546,SP3317
WC700815,2025-05-04 00:54,KH127716395,SP3368
WC700816,2025-05-04 01:08, KH462070667,SP3267
WC700817,2025-05-04 01:42,KH555762355,SP3152
WC700818,2025-05-04 02:04,KH-874315563,SP3291
WC700819,2025-05-04 02:22,KH-328505357,SP3046
WC700820,2025-05-04 02:32,KH825004931,SP3103
WC700821,2025-05-04 03:05,kh997086989,SP3077
WC700822,2025-05-04 05:21,KH735057763,SP3186
WC700823,2025-05-04 07:38,KH438280459,SP3042
WC700824,2025-05-04 07:54,KH695155330,SP3228
WC700825,2025-05-04 09:01,KH789063296,SP3139
WC700826,2025-05-04 11:01,KH565795331,SP3330
WC700827,2025-05-04 11:33,KH429667002,SP3201
WC700828,2025-05-04 11:35,KH120784073,SP3106
WC700829,2025-05-04 14:00, KH717655361,SP3367
WC700830,2025-05-04 14:16,kh688066612,SP3309
WC700831,2025-05-04 15:56,KH805275892,SP3240
WC700832,2025-05-04 17:11,KH342577910,SP3020
WC700833,2025-05-04 18:50,KH642341539,SP3049
WC700834,2025-05-04 20:09,KH135163779,SP3210
WC700835,2025-05-04 20:23,KH485624875,SP3017
WC700836,2025-05-04 21:04,KH713383781,SP3177
WC700837,2025-05-04 23:23,KH816840291,SP3104
WC700838,2025-05-05 00:30,KH999545184,SP3003
WC700839,2025-05-05 01:46,KH775379415,SP3096
WC700840,2025-05-05 01:58,KH-937507235,SP3264
WC700841,2025-05-05 05:25,kh803312895,SP3314
WC700842,2025-05-05 05:27,KH476872249,SP3208
WC700843,2025-05-05 05:29,KH181868933,SP3332
WC700844,2025-05-05 06:26,KH124965850,SP3278
WC700845,2025-05-05 07:05,kh147597630,SP3081
WC700846,2025-05-05 07:17,kh188366174,SP3364
WC700847,2025-05-05 07:31,KH862038027,SP3122
WC700848,2025-05-05 09:47,KH-550198400,SP3135
WC700849,2025-05-05 10:59,KH901542473,SP3088
WC700850,2025-05-05 12:01,KH605303501,SP3063
WC700851,2025-05-05 12:09,KH-688143751,SP3251
WC700852,2025-05-05 12:24,KH402770289,SP3238
WC700853,2025-05-05 14:33,KH245046393,SP3086
WC700854,2025-05-05 15:05,KH867381558,SP3175
WC700855,2025-05-05 15:07, KH529247982,SP3217
WC700856,2025-05-05 16:21,KH451199562,SP3190
WC700857,2025-05-05 16:25,KH150983586,SP3141
WC700858,2025-05-05 19:22,KH758729640,SP3061
WC700859,2025-05-05 19:41,KH246249204,SP3273
WC700860,2025-05-05 19:51,kh487006797,SP3183
WC700861,2025-05-05 20:12,KH219938914,SP3369
WC700862,2025-05-05 21:38,KH322586113,SP3193
WC700863,2025-05-05 21:51,KH-380375203,SP3113
WC700864,2025-05-05 22:19,KH-814442889,SP3290
WC700865,2025-05-05 23:13,KH536498365,SP3171
WC700866,2025-05-06 00:13, KH192700263,SP3165
WC700867,2025-05-06 00:34,KH476985455,SP3290
WC700868,2025-05-06 02:44,KH283687987,SP3025
WC700869,2025-05-06 03:34,KH-959544122,SP3154
WC700870,2025-05-06 04:56,kh702140901,SP3036
WC700871,2025-05-06 05:37,KH426340961,SP3288
WC700872,2025-05-06 06:54,kh649156441,SP3075
WC700873,2025-05-06 06:55,KH251201500,SP3148
WC700874,2025-05-06 07:30,KH924394202,SP3034
WC700875,2025-05-06 08:56,KH250844955,SP3169
WC700876,2025-05-06 09:25,KH884001102,SP3309
WC700877,2025-05-06 09:54,KH136818870,SP3198
WC700878,2025-05-06 11:47,kh598621926,SP3235
WC700879,2025-05-06 11:55,kh748336704,SP3330
WC700880,2025-05-06 12:07,KH271209979,SP3165
WC700881,2025-05-06 12:11,KH-145037769,SP3213
WC700882,2025-05-06 12:23,KH111995701,SP3143
WC700883,2025-05-06 12:27, KH741970757,SP3368
WC700884,2025-05-06 13:00,KH406664443,SP3262
WC700885,2025-05-06 13:06,KH571151158,SP3323
WC700886,2025-05-06 13:07,KH942277576,SP3216
WC700887,2025-05-06 13:11,KH448963692,SP3209
WC700888,2025-05-06 14:18,KH580979490,SP3060
WC700889,2025-05-06 15:16,KH877114428,SP3190
WC700890,2025-05-06 15:17, KH479144041,SP3217
WC700891,2025-05-06 17:53,KH394375141,SP3041
WC700892,2025-05-06 18:04,KH951614066,SP3376
WC700893,2025-05-06 18:24,KH681024635,SP3098
WC700894,2025-05-06 18:39,KH739407087,SP3212
WC700895,2025-05-06 19:11,KH438115161,SP3171
WC700896,2025-05-06 19:24,KH264845893,SP3355
WC700897,2025-05-06 20:47,KH580696789,SP3173
WC700898,2025-05-06 20:53,KH407051356,SP3269
WC700899,2025-05-06 21:32, KH623860367,SP3051
WC700900,2025-05-06 22:16,KH942591357,SP3182
WC700901,2025-05-06 22:33,KH862638765,SP3087
WC700902,2025-05-07 00:23,KH960198101,SP3205
WC700903,2025-05-07 00:42,KH595439990,SP3106
WC700904,2025-05-07 01:19,KH-462615146,SP3345
WC700905,2025-05-07 01:32,KH425205238,SP3029
WC700906,2025-05-07 03:58,KH197549353,SP3076
WC700907,2025-05-07 04:20,KH513358607,SP3355
WC700908,2025-05-07 05:41,KH307820827,SP3126
WC700909,2025-05-07 05:52,KH112575053,SP3004
WC700910,2025-05-07 07:45,KH294833365,SP3259
WC700911,2025-05-07 08:45, KH482475455,SP3220
WC700912,2025-05-07 13:27,KH147663246,SP3044
WC700913,2025-05-07 16:54,KH976601039,SP3332
WC700914,2025-05-07 17:21,KH727705967,SP3195
WC700915,2025-05-07 17:53, KH857881767,SP3072
WC700916,2025-05-07 17:58, KH536498365,SP3332
WC700917,2025-05-07 18:42,KH460207123,SP3083
WC700918,2025-05-07 18:52,KH886680546,SP3034
WC700919,2025-05-07 19:20,KH-183077389,SP3263
WC700920,2025-05-07 20:20,KH961426983,SP3337
WC700921,2025-05-07 20:27, KH590335281,SP3101
WC700922,2025-05-07 20:30,kh680671530,SP3306
WC700923,2025-05-07 20:36,KH-928033744,SP3321
WC700924,2025-05-07 21:40,KH697346771,SP3099
WC700925,2025-05-07 21:53,KH754025580,SP3335
WC700926,2025-05-07 22:03,KH210763017,SP3272
WC700927,2025-05-07 22:21,KH179114382,SP3328
WC700928,2025-05-07 22:23,KH927551407,SP3366
WC700929,2025-05-07 22:28,KH894912754,SP3136
WC700930,2025-05-07 22:34,kh678209313,SP3099
WC700931,2025-05-07 22:41, KH653767233,SP3152
WC700932,2025-05-08 00:19,KH592646864,SP3065
WC700933,2025-05-08 01:17,KH416148007,SP3135
WC700934,2025-05-08 01:19,KH184955117,SP3282
WC700935,2025-05-08 02:32,KH504461278,SP3272
WC700936,2025-05-08 03:39,kh827780107,SP3269
WC700937,2025-05-08 04:02,KH-110929926,SP3244
WC700938,2025-05-08 05:42,KH256395688,SP3255
WC700939,2025-05-08 06:57,KH418036085,SP3265
WC700940,2025-05-08 07:24,KH784048577,SP3101
WC700941,2025-05-08 09:12,KH585966170,SP3164
WC700942,2025-05-08 10:14,KH132156694,SP3337
WC700943,2025-05-08 10:36,KH366647732,SP3348
WC700944,2025-05-08 11:10,KH617020064,SP3124
WC700945,2025-05-08 13:43,KH330274032,SP3377
WC700946,2025-05-08 13:51, KH153601696,SP3284
WC700947,2025-05-08 16:39,KH946326370,SP3358
WC700948,2025-05-08 17:56,KH812354285,SP3360
WC700949,2025-05-08 17:56,KH295667227,SP3222
WC700950,2025-05-08 18:49,KH107219701,SP3064
WC700951,2025-05-08 18:52,KH480737413,SP3216
WC700952,2025-05-08 19:04,KH551021950,SP3046
WC700953,2025-05-08 19:29,KH-781369670,SP3063
WC700954,2025-05-08 20:11,KH642476960,SP3004
WC700955,2025-05-08 20:27,KH624047372,SP3084
WC700956,2025-05-08 20:50,KH384075859,SP3246
WC700957,2025-05-08 21:15,KH335386407,SP3298
WC700958,2025-05-08 21:54,KH946437322,SP3282
WC700959,2025-05-08 22:19,KH308079730,SP3094
WC700960,2025-05-09 00:30,KH171571173,SP3274
WC700961,2025-05-09 02:27,KH546595732,SP3073
WC700962,2025-05-09 02:49,KH618020684,SP3217
WC700963,2025-05-09 04:27, KH574495655,SP3005
WC700964,2025-05-09 04:51,kh439940308,SP3058
WC700965,2025-05-09 05:12,KH227204429,SP3154
WC700966,2025-05-09 06:09,KH762670198,SP3207
WC700967,2025-05-09 06:19,KH869124252,SP3242
WC700968,2025-05-09 08:01, KH937157584,SP3200
WC700969,2025-05-09 08:21,KH975858237,SP3238
WC700970,2025-05-09 10:19,KH837670726,SP3153
WC700971,2025-05-09 11:01,KH-716458211,SP3188
WC700972,2025-05-09 13:01,KH189517153,SP3120
WC700973,2025-05-09 13:22,KH857656538,SP3022
WC700974,2025-05-09 13:31,KH521996604,SP3130
WC700975,2025-05-09 13:48,KH984350622,SP3185
WC700976,2025-05-09 13:53, KH745924878,SP3360
WC700977,2025-05-09 14:28,KH861848642,SP3325
WC700978,2025-05-09 15:49,kh459849303,SP3338
WC700979,2025-05-09 18:29,KH940370876,SP3268
WC700980,2025-05-09 19:17,KH435712534,SP3285
WC700981,2025-05-09 19:40, KH542149936,SP3289
WC700982,2025-05-09 19:41,KH886722326,SP3175
WC700983,2025-05-09 20:02, KH229360547,SP3373
WC700984,2025-05-09 20:06,KH400995717,SP3091
WC700985,2025-05-09 20:43,KH140400709,SP3157
WC700986,2025-05-09 20:50,KH-654431858,SP3266
WC700987,2025-05-09 20:54,KH749825420,SP3143
WC700988,2025-05-09 22:30,KH845928758,SP3373
WC700989,2025-05-09 23:27,KH925384338,SP3166
WC700990,2025-05-09 23:57,KH694076603,SP3033
WC700991,2025-05-10 00:19,kh806187937,SP3282
WC700992,2025-05-10 00:46,KH615854715,SP3044
WC700993,2025-05-10 00:56,KH207682801,SP3086
WC700994,2025-05-10 01:18, KH725140550,SP3247
WC700995,2025-05-10 01:47,KH914859650,SP3366
WC700996,2025-05-10 04:59, KH994910250,SP3134
WC700997,2025-05-10 05:47,KH805602342,SP3242
WC700998,2025-05-10 06:07,KH622838525,SP3079
WC700999,2025-05-10 06:30,KH-254019556,SP3302
WC701000,2025-05-10 07:23,KH967302784,SP3099
WC701001,2025-05-10 07:52,kh181868933,SP3163
WC701002,2025-05-10 08:05,KH269932222,SP3363
WC701003,2025-05-10 08:07, KH110270997,SP3258
WC701004,2025-05-10 08:23,KH927488766,SP3342
WC701005,2025-05-10 09:54, KH249198308,SP3244
WC701006,2025-05-10 10:21,KH537523585,SP3190
WC701007,2025-05-10 11:09, KH984028541,SP3086
WC701008,2025-05-10 11:16,KH917128832,SP3276
WC701009,2025-05-10 11:34,KH457371717,SP3342
WC701010,2025-05-10 11:52,KH756213712,SP3055
WC701011,2025-05-10 12:45,KH765684452,SP3321
WC701012,2025-05-10 13:48,KH503837944,SP3338
WC701013,2025-05-10 15:59, KH623208128,SP3046
WC701014,2025-05-10 17:00,KH862196273,SP3368
WC701015,2025-05-10 18:22,KH457097578,SP3065
WC701016,2025-05-10 19:36,KH229716662,SP3012
WC701017,2025-05-10 21:52,KH847264658,SP3372
WC701018,2025-05-10 22:38,KH890387584,SP3204
WC701019,2025-05-10 23:06,kh432528540,SP3374
WC701020,2025-05-10 23:48,KH746194572,SP3109
WC701021,2025-05-11 00:20,KH279128697,SP3378
WC701022,2025-05-11 00:48,KH413364750,SP3088
WC701023,2025-05-11 02:03,KH827267716,SP3063
WC701024,2025-05-11 03:15,KH676301101,SP3265
WC701025,2025-05-11 08:21,KH890658201,SP3096
WC701026,2025-05-11 08:36,KH646839199,SP3337
WC701027,2025-05-11 09:52,KH554025802,SP3298
WC701028,2025-05-11 10:00,KH-327380064,SP3203
WC701029,2025-05-11 10:11,KH392011116,SP3345
WC701030,2025-05-11 16:58,KH241940697,SP3013
WC701031,2025-05-11 17:04,KH801358508,SP3230
WC701032,2025-05-11 17:35,KH892456550,SP3189
WC701033,2025-05-11 19:05,KH983723377,SP3134
WC701034,2025-05-11 20:24,kh216847298,SP3360
WC701035,2025-05-11 20:58,KH598030426,SP3062
WC701036,2025-05-11 23:03,kh257150370,SP3183
WC701037,2025-05-11 23:23,KH283608651,SP3092
WC701038,2025-05-11 23:52, KH588756701,SP3163
WC701039,2025-05-12 00:21,KH590908025,SP3056
WC701040,2025-05-12 00:29,KH-159327620,SP3080
WC701041,2025-05-12 01:14,KH766089500,SP3246
WC701042,2025-05-12 02:19,KH369185545,SP3326
WC701043,2025-05-12 02:28, KH798444862,SP3246
WC701044,2025-05-12 02:36,KH812050851,SP3175
WC701045,2025-05-12 04:37,KH846391475,SP3178
WC701046,2025-05-12 05:54,KH-419806672,SP3138
WC701047,2025-05-12 06:11,KH747799199,SP3142
WC701048,2025-05-12 06:29, KH750854258,SP3036
WC701049,2025-05-12 08:09,KH593026886,SP3195
WC701050,2025-05-12 09:33,KH355073003,SP3139
WC701051,2025-05-12 10:35,KH789276734,SP3137
WC701052,2025-05-12 11:08,KH112203957,SP3029
WC701053,2025-05-12 11:27,KH-962023814,SP3178
WC701054,2025-05-12 11:57,KH-530990957,SP3138
WC701055,2025-05-12 12:58,KH287835295,SP3358
WC701056,2025-05-12 14:27,kh412058398,SP3082
WC701057,2025-05-12 16:55,KH211148904,SP3372
WC701058,2025-05-12 18:00,KH894088143,SP3200
WC701059,2025-05-12 18:13,KH760095280,SP3199
WC701060,2025-05-12 18:28,KH726566255,SP3111
WC701061,2025-05-12 18:31,KH-687921076,SP3255
WC701062,2025-05-12 18:42,KH551021950,SP3361
WC701063,2025-05-12 19:44, KH760993844,SP3255
WC701064,2025-05-12 19:45,KH350355759,SP3001
WC701065,2025-05-13 01:00, KH342700943,SP3186
WC701066,2025-05-13 01:19,KH309880800,SP3296
WC701067,2025-05-13 02:16,KH409514242,SP3206
WC701068,2025-05-13 03:43,KH416039908,SP3277
WC701069,2025-05-13 04:08,KH696547845,SP3348
WC701070,2025-05-13 05:30,KH875059355,SP3133
WC701071,2025-05-13 06:36,KH121174409,SP3036
WC701072,2025-05-13 06:54,KH739371242,SP3342
WC701073,2025-05-13 07:47,KH293275065,SP3222
WC701074,2025-05-13 08:09,KH-219243646,SP3101
WC701075,2025-05-13 08:28,KH579904353,SP3063
WC701076,2025-05-13 09:08,KH313877739,SP3304
WC701077,2025-05-13 09:09,KH-915969129,SP3259
WC701078,2025-05-13 11:15,KH192849552,SP3099
WC701079,2025-05-13 12:11,KH304657404,SP3020
WC701080,2025-05-13 12:36,KH405571046,SP3227
WC701081,2025-05-13 12:57, KH516035718,SP3077
WC701082,2025-05-13 13:30, KH182951593,SP3054
WC701083,2025-05-13 13:47,KH629552084,SP3321
WC701084,2025-05-13 13:59, KH421566232,SP3279
WC701085,2025-05-13 14:34,KH349644077,SP3254
WC701086,2025-05-13 15:06,KH-683254027,SP3329
WC701087,2025-05-13 16:11,KH385383816,SP3023
WC701088,2025-05-13 16:43,KH-477338935,SP3076
WC701089,2025-05-13 16:49,KH619199134,SP3004
WC701090,2025-05-13 18:15,KH774671755,SP3350
WC701091,2025-05-13 19:21,KH772629380,SP3113
WC701092,2025-05-14 00:27, KH293977869,SP3110
WC701093,2025-05-14 01:01,KH-622838525,SP3045
WC701094,2025-05-14 01:54,KH-781089741,SP3086
WC701095,2025-05-14 03:44,KH367110155,SP3163
WC701096,2025-05-14 05:13,KH637212466,SP3241
WC701097,2025-05-14 07:40,KH848906364,SP3291
WC701098,2025-05-14 07:51,KH693197094,SP3177
WC701099,2025-05-14 08:04,KH203804155,SP3046
WC701100,2025-05-14 10:04,KH837225544,SP3136
WC701101,2025-05-14 11:48,kh378837057,SP3204
WC701102,2025-05-14 12:20,kh985192798,SP3379
WC701103,2025-05-14 13:09,KH438115161,SP3243
WC701104,2025-05-14 13:43,KH313870581,SP3211
WC701105,2025-05-14 15:56, KH648124836,SP3342
WC701106,2025-05-14 17:45,KH399454046,SP3017
WC701107,2025-05-14 19:52,KH250110218,SP3370
WC701108,2025-05-14 20:14,kh856157880,SP3047
WC701109,2025-05-14 21:29,KH-744712543,SP3019
WC701110,2025-05-14 22:39,KH776046259,SP3269
WC701111,2025-05-15 00:54,KH-331408675,SP3172
WC701112,2025-05-15 01:16,KH520132411,SP3058
WC701113,2025-05-15 01:24,KH205790669,SP3240
WC701114,2025-05-15 01:27,KH692275887,SP3099
WC701115,2025-05-15 01:56,KH953594497,SP3364
WC701116,2025-05-15 02:44,KH362456659,SP3035
WC701117,2025-05-15 03:51,KH185556318,SP3273
WC701118,2025-05-15 06:04,KH891160268,SP3123
WC701119,2025-05-15 08:41,KH330454127,SP3299
WC701120,2025-05-15 12:29,KH613041108,SP3058
WC701121,2025-05-15 12:45,KH609418157,SP3222
WC701122,2025-05-15 13:08,KH675067576,SP3093
WC701123,2025-05-15 13:34,KH414971890,SP3023
WC701124,2025-05-15 16:59,KH238167620,SP3088
WC701125,2025-05-15 17:59,KH846752268,SP3336
WC701126,2025-05-15 18:53, KH498976489,SP3054
WC701127,2025-05-15 19:25,kh699766874,SP3179
WC701128,2025-05-15 20:18,KH-394375141,SP3186
WC701129,2025-05-15 21:59,KH194904620,SP3206
WC701130,2025-05-15 22:38,KH157318669,SP3312
WC701131,2025-05-15 23:20,kh653459719,SP3296
WC701132,2025-05-16 01:35,KH-816748123,SP3102
WC701133,2025-05-16 02:11,KH974110995,SP3203
WC701134,2025-05-16 02:30,KH-128798755,SP3076
WC701135,2025-05-16 02:44,KH631331854,SP3302
WC701136,2025-05-16 05:51,kh835543759,SP3062
WC701137,2025-05-16 06:37,kh878097570,SP3053
WC701138,2025-05-16 08:10, KH852797389,SP3186
WC701139,2025-05-16 09:35,KH106865467,SP3215
WC701140,2025-05-16 09:49,KH439620594,SP3339
WC701142,2025-05-16 09:54, KH284612425,SP3352
WC701141,2025-05-16 09:54,KH668082654,SP3025
WC701143,2025-05-16 11:04,kh605745756,SP3212
WC701144,2025-05-16 11:27, KH129602755,SP3158
WC701145,2025-05-16 11:45,KH442041386,SP3352
WC701146,2025-05-16 12:14,KH159462083,SP3216
WC701147,2025-05-16 13:32,KH217470879,SP3155
WC701148,2025-05-16 14:37,KH890042704,SP3296
WC701149,2025-05-16 14:44,KH-444386952,SP3246
WC701150,2025-05-16 14:48,KH355734839,SP3153
WC701151,2025-05-16 14:53,KH598948738,SP3282
WC701152,2025-05-16 15:13,kh238650175,SP3189
WC701153,2025-05-16 15:39,kh758437828,SP3376
WC701154,2025-05-16 15:57,KH261094840,SP3296
WC701155,2025-05-16 17:58,KH500680457,SP3076
WC701156,2025-05-16 18:02,KH912321246,SP3365
WC701157,2025-05-16 18:59,kh612155583,SP3327
WC701158,2025-05-16 19:30,KH359203510,SP3241
WC701159,2025-05-16 20:10,KH383764178,SP3030
WC701160,2025-05-16 20:57,KH476989252,SP3234
WC701161,2025-05-17 00:55,KH926418182,SP3172
WC701162,2025-05-17 01:02,KH658391770,SP3187
WC701163,2025-05-17 01:22,KH830826832,SP3005
WC701164,2025-05-17 02:51,KH119384416,SP3284
WC701165,2025-05-17 05:57,KH530409529,SP3036
WC701166,2025-05-17 06:08,KH846904204,SP3182
WC701167,2025-05-17 06:10,KH904450019,SP3017
WC701168,2025-05-17 07:03,KH386269933,SP3192
WC701169,2025-05-17 07:38,KH156961399,SP3196
WC701170,2025-05-17 09:04,KH229945684,SP3341
WC701171,2025-05-17 14:01,KH584590530,SP3376
WC701172,2025-05-17 15:35,KH746764105,SP3326
WC701173,2025-05-17 17:01,KH481040761,SP3041
WC701174,2025-05-17 17:03,KH285551330,SP3083
WC701175,2025-05-17 17:06,kh650867557,SP3074
WC701176,2025-05-17 18:03,KH668914177,SP3163
WC701177,2025-05-17 20:30,KH695808081,SP3333
WC701178,2025-05-18 00:02,KH963894092,SP3151
WC701179,2025-05-18 01:05,KH963827132,SP3076
WC701180,2025-05-18 01:50,KH740154335,SP3337
WC701181,2025-05-18 02:04,KH493537410,SP3376
WC701182,2025-05-18 02:12,KH394027341,SP3266
WC701183,2025-05-18 04:07,KH-348135066,SP3002
WC701184,2025-05-18 04:55,KH634409298,SP3159
WC701185,2025-05-18 05:08,KH-448520281,SP3034
WC701186,2025-05-18 06:40,KH722994427,SP3272
WC701187,2025-05-18 06:45,KH977291286,SP3142
WC701188,2025-05-18 10:22,KH914605540,SP3297
WC701189,2025-05-18 11:28,KH359911472,SP3327
WC701190,2025-05-18 12:53,KH170292328,SP3325
WC701191,2025-05-18 13:48,KH907562544,SP3261
WC701192,2025-05-18 13:51, KH302419238,SP3370
WC701193,2025-05-18 15:28,KH860309680,SP3171
WC701194,2025-05-18 17:19,KH133198678,SP3133
WC701195,2025-05-18 17:29,KH-621431411,SP3065
WC701196,2025-05-18 18:09,KH784778348,SP3309
WC701197,2025-05-18 19:34,KH787903311,SP3057
WC701198,2025-05-18 19:41, KH812949057,SP3121
WC701199,2025-05-18 19:48,KH565562361,SP3065
WC701200,2025-05-18 21:07,KH306666310,SP3032
WC701201,2025-05-18 21:18,KH857870939,SP3087
WC701202,2025-05-18 21:24, KH122834794,SP3141
WC701203,2025-05-18 21:35,KH191645690,SP3148
WC701204,2025-05-18 22:59,KH700462228,SP3335
WC701205,2025-05-18 23:17,KH203384485,SP3320
WC701206,2025-05-18 23:35,KH188888394,SP3235
WC701207,2025-05-19 00:49,KH208883667,SP3100
WC701208,2025-05-19 01:37,KH961090901,SP3336
WC701209,2025-05-19 02:35,KH416692861,SP3275
WC701210,2025-05-19 02:38,KH-171454462,SP3002
WC701211,2025-05-19 03:35,KH235764343,SP3206
WC701212,2025-05-19 05:07,KH542860368,SP3122
WC701213,2025-05-19 05:35,KH112083101,SP3171
WC701214,2025-05-19 06:01, KH536245199,SP3026
WC701215,2025-05-19 07:07,KH895734867,SP3187
WC701216,2025-05-19 07:59,KH-559721855,SP3089
WC701217,2025-05-19 09:55,KH885745919,SP3159
WC701218,2025-05-19 11:22,KH374889714,SP3263
WC701219,2025-05-19 11:57,KH335687412,SP3242
WC701220,2025-05-19 12:27,KH472698660,SP3140
WC701221,2025-05-19 12:46,KH474686371,SP3024
WC701222,2025-05-19 13:06,KH340958770,SP3238
WC701223,2025-05-19 13:12,KH707158239,SP3180
WC701224,2025-05-19 14:11,KH909660488,SP3359
WC701225,2025-05-19 14:47, KH775801342,SP3288
WC701226,2025-05-19 17:48,KH502209726,SP3320
WC701227,2025-05-19 20:43,kh333292244,SP3370
WC701228,2025-05-19 20:55,KH456450575,SP3200
WC701229,2025-05-19 23:17,KH444711003,SP3082
WC701230,2025-05-20 02:20,KH264138516,SP3251
WC701231,2025-05-20 02:59,KH869124252,SP3020
WC701232,2025-05-20 03:05,KH-552051026,SP3368
WC701233,2025-05-20 06:28,KH786098776,SP3100
WC701234,2025-05-20 07:21,KH712068478,SP3060
WC701235,2025-05-20 07:36,KH711528797,SP3164
WC701236,2025-05-20 07:38,KH137801094,SP3202
WC701237,2025-05-20 08:59,KH940333961,SP3165
WC701238,2025-05-20 11:21,KH153211920,SP3240
WC701239,2025-05-20 12:43,KH528086907,SP3210
WC701240,2025-05-20 12:47,KH964822514,SP3208
WC701241,2025-05-20 12:47,KH931507608,SP3178
WC701242,2025-05-20 14:26,kh978084423,SP3267
WC701243,2025-05-20 15:26,KH821469812,SP3329
WC701244,2025-05-20 16:18,kh250728198,SP3177
WC701245,2025-05-20 17:17,KH241130483,SP3165
WC701246,2025-05-20 18:38,kh438890780,SP3026
WC701247,2025-05-20 22:45,KH404182737,SP3279
WC701248,2025-05-21 00:50,KH656609347,SP3137
WC701249,2025-05-21 01:05,KH112203957,SP3352
WC701250,2025-05-21 01:47,KH140318004,SP3072
WC701251,2025-05-21 02:11, KH454397941,SP3080
WC701252,2025-05-21 02:48,kh335584517,SP3298
WC701253,2025-05-21 03:21,KH-117694411,SP3291
WC701254,2025-05-21 05:28,KH427853902,SP3179
WC701255,2025-05-21 05:46,kh250844955,SP3104
WC701256,2025-05-21 06:34,KH637344860,SP3247
WC701257,2025-05-21 08:46,KH464908744,SP3173
WC701258,2025-05-21 09:29, KH606543543,SP3355
WC701259,2025-05-21 10:34,KH246249204,SP3361
WC701260,2025-05-21 11:13,kh313877739,SP3122
WC701261,2025-05-21 12:39,KH874302062,SP3153
WC701262,2025-05-21 12:52,KH938848978,SP3142
WC701263,2025-05-21 13:32,kh760757972,SP3263
WC701264,2025-05-21 15:42,KH-772016989,SP3343
WC701265,2025-05-21 16:35,KH231679709,SP3355
WC701266,2025-05-21 16:49, KH544869265,SP3281
WC701267,2025-05-21 17:25,KH874341495,SP3086
WC701268,2025-05-21 17:43,KH151004189,SP3355
WC701269,2025-05-21 18:02,KH-910870371,SP3329
WC701270,2025-05-21 18:39,KH396750366,SP3158
WC701271,2025-05-21 20:07,KH610738752,SP3006
WC701272,2025-05-21 20:57,KH731551461,SP3328
WC701273,2025-05-21 22:07,KH-570855269,SP3144
WC701274,2025-05-22 03:49,KH933883127,SP3180
WC701275,2025-05-22 04:59,KH313697076,SP3054
WC701276,2025-05-22 06:57,KH-684293220,SP3117
WC701277,2025-05-22 07:07,KH-135387187,SP3235
WC701278,2025-05-22 07:12, KH922679588,SP3167
WC701279,2025-05-22 08:07,KH237894785,SP3023
WC701280,2025-05-22 08:14,kh866699426,SP3225
WC701281,2025-05-22 09:11, KH763181297,SP3259
WC701282,2025-05-22 10:41,kh717535439,SP3274
WC701283,2025-05-22 10:51,KH285258676,SP3330
WC701284,2025-05-22 11:30,kh710179366,SP3139
WC701285,2025-05-22 12:07,KH143641260,SP3016
WC701286,2025-05-22 12:46,KH122834794,SP3193
WC701287,2025-05-22 13:00,kh398779757,SP3078
WC701288,2025-05-22 13:33,KH935422345,SP3047
WC701289,2025-05-22 15:46,KH552938282,SP3087
WC701290,2025-05-22 16:33,KH486735600,SP3263
WC701291,2025-05-22 17:12, KH691421904,SP3299
WC701292,2025-05-22 17:25,KH205790669,SP3001
WC701293,2025-05-22 18:35,KH816840291,SP3102
WC701294,2025-05-22 19:24,KH828340393,SP3150
WC701295,2025-05-22 19:38,KH-553363895,SP3302
WC701296,2025-05-22 19:48,KH618519588,SP3017
WC701297,2025-05-22 23:55,KH943864823,SP3121
WC701298,2025-05-23 00:39,KH-283241322,SP3017
WC701299,2025-05-23 01:07,KH-607401569,SP3202
WC701300,2025-05-23 03:13,KH918084374,SP3376
WC701301,2025-05-23 03:58,KH489120123,SP3102
WC701302,2025-05-23 04:08,KH575339386,SP3249
WC701303,2025-05-23 04:51,KH843999915,SP3080
WC701304,2025-05-23 05:08,KH780229567,SP3159
WC701305,2025-05-23 07:09,KH738981719,SP3215
WC701306,2025-05-23 08:02,KH573828984,SP3196
WC701307,2025-05-23 08:19,KH399833401,SP3218
WC701308,2025-05-23 08:51, KH215105927,SP3302
WC701309,2025-05-23 09:02,KH718854226,SP3152
WC701310,2025-05-23 11:03,kh206484959,SP3253
WC701311,2025-05-23 12:15,KH661242434,SP3034
WC701312,2025-05-23 12:58,KH166866687,SP3135
WC701313,2025-05-23 13:55, KH767873306,SP3210
WC701314,2025-05-23 14:17, KH635334590,SP3051
WC701315,2025-05-23 15:03, KH919008907,SP3006
WC701316,2025-05-23 16:08,KH182496942,SP3254
WC701317,2025-05-23 16:12,KH393679495,SP3378
WC701318,2025-05-23 16:39,KH830826832,SP3185
WC701319,2025-05-23 16:56,KH326766321,SP3108
WC701320,2025-05-23 18:46,KH539692258,SP3335
WC701321,2025-05-23 20:05,KH757054913,SP3215
WC701322,2025-05-23 20:06,kh781065132,SP3051
WC701323,2025-05-23 20:17,kh253249062,SP3183
WC701324,2025-05-23 20:37,KH600962485,SP3093
WC701325,2025-05-23 21:35,KH578712345,SP3339
WC701326,2025-05-23 22:11,KH320231910,SP3356
WC701327,2025-05-23 23:38,KH217354627,SP3101
WC701328,2025-05-24 00:28,KH968192736,SP3137
WC701329,2025-05-24 00:30,KH690697486,SP3268
WC701330,2025-05-24 01:06,KH397259110,SP3238
WC701331,2025-05-24 02:05,kh486577988,SP3293
WC701332,2025-05-24 02:52,KH960198101,SP3163
WC701333,2025-05-24 03:55,KH-217642013,SP3203
WC701334,2025-05-24 04:45,KH-461026495,SP3218
WC701335,2025-05-24 05:54,kh374277213,SP3043
WC701336,2025-05-24 06:07,kh196953557,SP3081
WC701337,2025-05-24 07:21,kh620138248,SP3312
WC701338,2025-05-24 07:26,KH807536702,SP3041
WC701339,2025-05-24 08:13,KH597058034,SP3041
WC701340,2025-05-24 08:48,KH248576747,SP3092
WC701341,2025-05-24 09:08,KH961920313,SP3002
WC701342,2025-05-24 09:41,KH214166222,SP3035
WC701343,2025-05-24 09:54,KH296710421,SP3268
WC701344,2025-05-24 10:51,KH196769126,SP3113
WC701345,2025-05-24 11:16,KH201994497,SP3178
WC701346,2025-05-24 11:17,KH156990664,SP3145
WC701347,2025-05-24 14:48,KH277893747,SP3032
WC701348,2025-05-24 15:17,KH-865131045,SP3273
WC701349,2025-05-24 15:23,KH851086479,SP3106
WC701350,2025-05-24 15:26,KH833618246,SP3016
WC701351,2025-05-24 15:31,KH619816130,SP3193
WC701352,2025-05-24 15:56, KH694077706,SP3314
WC701353,2025-05-24 16:50,KH-446987179,SP3297
WC701354,2025-05-24 18:18,KH483715713,SP3081
WC701355,2025-05-24 19:20,KH-483454431,SP3145
WC701356,2025-05-24 19:25,kh198025993,SP3127
WC701357,2025-05-24 19:46,KH-796269819,SP3176
WC701358,2025-05-24 19:56,KH805918183,SP3073
WC701359,2025-05-24 19:58, KH528577262,SP3206
WC701360,2025-05-24 20:05,kh679712802,SP3143
WC701361,2025-05-24 21:00,KH257546690,SP3373
WC701362,2025-05-24 21:27,KH383335943,SP3162
WC701363,2025-05-24 21:47,kh350105678,SP3047
WC701364,2025-05-24 22:00,kh148669858,SP3097
WC701365,2025-05-24 22:43,kh712111649,SP3157
WC701366,2025-05-25 00:01,KH902920762,SP3126
WC701367,2025-05-25 00:43,KH559067952,SP3216
WC701368,2025-05-25 01:29,KH902816091,SP3365
WC701369,2025-05-25 01:58,KH608877192,SP3084
WC701370,2025-05-25 02:26,kh865475525,SP3078
WC701371,2025-05-25 03:24,KH155117078,SP3254
WC701372,2025-05-25 04:01,KH404866873,SP3104
WC701373,2025-05-25 05:19,KH467997965,SP3250
WC701374,2025-05-25 06:52,KH461026495,SP3368
WC701375,2025-05-25 06:52,KH182351894,SP3199
WC701376,2025-05-25 09:09,KH596770587,SP3163
WC701377,2025-05-25 09:29,KH336678197,SP3281
WC701378,2025-05-25 09:36, KH293070351,SP3167
WC701379,2025-05-25 11:57,KH789546066,SP3244
WC701380,2025-05-25 12:03,KH843344832,SP3322
WC701381,2025-05-25 13:03,KH475318457,SP3148
WC701382,2025-05-25 14:47,KH700538679,SP3179
WC701383,2025-05-25 15:07,KH162394965,SP3277
WC701384,2025-05-25 18:22,KH928292273,SP3248
WC701385,2025-05-25 18:47,KH761584153,SP3334
WC701386,2025-05-25 18:59,KH720187618,SP3034
WC701387,2025-05-25 19:55,KH103740207,SP3034
WC701388,2025-05-25 21:53,KH246996757,SP3342
WC701389,2025-05-25 22:22,KH951391234,SP3152
WC701390,2025-05-26 00:17,KH700247642,SP3095
WC701391,2025-05-26 00:49,KH686088432,SP3079
WC701392,2025-05-26 03:16,KH641081784,SP3032
WC701393,2025-05-26 03:57,kh416626579,SP3081
WC701394,2025-05-26 04:16,KH235117342,SP3040
WC701395,2025-05-26 05:13,KH784062056,SP3289
WC701396,2025-05-26 05:57,kh324905976,SP3268
WC701397,2025-05-26 06:07,KH767067486,SP3225
WC701398,2025-05-26 06:22,KH159032745,SP3292
WC701399,2025-05-26 06:47, KH472698660,SP3358
WC701400,2025-05-26 06:58,KH236804057,SP3296
WC701401,2025-05-26 07:07,KH867022768,SP3100
WC701402,2025-05-26 07:40,KH280978166,SP3176
WC701403,2025-05-26 15:18,KH470168219,SP3070
WC701404,2025-05-26 16:08,KH961920313,SP3345
WC701405,2025-05-26 16:10,KH527473634,SP3248
WC701406,2025-05-26 16:56,KH374667536,SP3091
WC701407,2025-05-26 17:02,kh656609347,SP3355
WC701408,2025-05-26 17:14,KH896633366,SP3370
WC701409,2025-05-26 17:17,KH245282602,SP3012
WC701410,2025-05-26 20:26,KH-352665327,SP3110
WC701411,2025-05-26 20:44,KH744924915,SP3188
WC701412,2025-05-26 23:54, KH310081340,SP3250
WC701413,2025-05-27 00:02,kh431590528,SP3012
WC701414,2025-05-27 00:13,KH608863529,SP3323
WC701415,2025-05-27 00:22,KH282510785,SP3158
WC701416,2025-05-27 01:59,KH114010300,SP3276
WC701417,2025-05-27 03:10, KH807663511,SP3100
WC701418,2025-05-27 04:41,KH835948289,SP3128
WC701419,2025-05-27 05:21,KH950809083,SP3189
WC701420,2025-05-27 05:27,kh192668486,SP3241
WC701421,2025-05-27 08:30,KH811693000,SP3187
WC701422,2025-05-27 09:29,KH-201875159,SP3133
WC701423,2025-05-27 10:14,KH590013824,SP3310
WC701424,2025-05-27 10:25,KH339102481,SP3040
WC701425,2025-05-27 10:43,kh471228328,SP3077
WC701426,2025-05-27 11:56,KH132894225,SP3362
WC701427,2025-05-27 13:46,KH380601114,SP3288
WC701428,2025-05-27 15:21,KH133198678,SP3001
WC701429,2025-05-27 16:07,kh259251085,SP3015
WC701430,2025-05-27 17:44,KH392969339,SP3247
WC701431,2025-05-27 19:39,KH677709261,SP3163
WC701432,2025-05-27 20:39,kh779823038,SP3361
WC701433,2025-05-27 21:58, KH376610655,SP3081
WC701434,2025-05-27 22:22,KH-437328659,SP3363
WC701435,2025-05-28 00:13,KH-260699999,SP3034
WC701436,2025-05-28 01:37,kh391592503,SP3201
WC701437,2025-05-28 03:19,KH314416683,SP3127
WC701438,2025-05-28 04:56,kh612906259,SP3004
WC701439,2025-05-28 06:08,KH697200657,SP3188
WC701440,2025-05-28 08:19,kh858100994,SP3182
WC701441,2025-05-28 10:40,kh884001102,SP3363
WC701442,2025-05-28 11:09,KH489227005,SP3320
WC701443,2025-05-28 12:01,KH501659049,SP3327
WC701444,2025-05-28 12:50,kh897199316,SP3342
WC701445,2025-05-28 12:57,KH105683712,SP3147
WC701446,2025-05-28 13:47,KH748878416,SP3155
WC701447,2025-05-28 15:02,KH775291016,SP3308
WC701448,2025-05-28 16:07,KH812354285,SP3196
WC701449,2025-05-28 19:17,KH181542833,SP3293
WC701450,2025-05-28 21:39,KH-191281979,SP3028
WC701451,2025-05-28 23:21,KH769054473,SP3079
WC701452,2025-05-28 23:43,KH436730822,SP3269
WC701453,2025-05-29 00:50,KH617408203,SP3103
WC701454,2025-05-29 04:04,KH603609066,SP3029
WC701455,2025-05-29 06:24,KH665442001,SP3166
WC701456,2025-05-29 06:57,kh740213711,SP3278
WC701457,2025-05-29 07:52,KH-474862115,SP3157
WC701458,2025-05-29 12:24,KH848928771,SP3238
WC701459,2025-05-29 12:31, KH116298033,SP3314
WC701460,2025-05-29 13:35,KH634002248,SP3128
WC701461,2025-05-29 14:52,kh960267348,SP3213
WC701462,2025-05-29 15:20,KH524952965,SP3230
WC701463,2025-05-29 15:22,kh288190698,SP3193
WC701464,2025-05-29 16:05,kh473739718,SP3240
WC701465,2025-05-29 17:15,KH573291718,SP3326
WC701466,2025-05-29 19:34,KH837542061,SP3237
WC701467,2025-05-29 19:49,kh799216746,SP3008
WC701468,2025-05-29 20:23,KH593494188,SP3326
WC701469,2025-05-29 21:58,KH365395981,SP3285
WC701470,2025-05-29 23:24,KH678757359,SP3356
WC701471,2025-05-30 00:11,KH136584183,SP3207
WC701472,2025-05-30 00:30,KH430662700,SP3197
WC701473,2025-05-30 01:16,KH559585702,SP3299
WC701474,2025-05-30 03:10,KH415463217,SP3213
WC701475,2025-05-30 03:33,KH295223538,SP3243
WC701476,2025-05-30 06:06,KH311880560,SP3214
WC701477,2025-05-30 06:10,kh493463292,SP3334
WC701478,2025-05-30 06:31,KH195114704,SP3083
WC701479,2025-05-30 06:35,KH607306372,SP3006
WC701480,2025-05-30 11:40,KH576258919,SP3367
WC701481,2025-05-30 12:36,KH136777904,SP3255
WC701482,2025-05-30 16:54,kh101212780,SP3275
WC701483,2025-05-30 18:39,KH-435065356,SP3166
WC701484,2025-05-30 20:00,kh594167239,SP3192
WC701485,2025-05-30 20:57,KH983465513,SP3121
WC701486,2025-05-30 22:11,KH765701193,SP3154
WC701487,2025-05-30 23:48,kh792694484,SP3146
WC701488,2025-05-31 01:02,KH-343057666,SP3134
WC701489,2025-05-31 02:50,KH240901299,SP3150
WC701490,2025-05-31 05:11, KH411204484,SP3044
WC701491,2025-05-31 08:55,KH833222589,SP3205
WC701492,2025-05-31 09:11,KH607306372,SP3251
WC701493,2025-05-31 09:39,kh594655773,SP3064
WC701494,2025-05-31 10:50,KH197680089,SP3084
WC701495,2025-05-31 11:56,KH891942268,SP3057
WC701496,2025-05-31 14:57,KH393222131,SP3102
WC701497,2025-05-31 19:14,KH679852229,SP3130
WC701498,2025-05-31 20:04,kh656947985,SP3206
WC701499,2025-05-31 20:35,KH155970061,SP3165
WC701500,2025-05-31 21:31,KH268057237,SP3070
WC701501,2025-05-31 23:02,KH508188800,SP3273
WC701502,2025-05-31 23:44, KH378108395,SP3041
WC701503,2025-06-01 01:14,KH277828984,SP3132
WC701504,2025-06-01 02:55,KH235117342,SP3026
WC701505,2025-06-01 04:00,KH789092162,SP3242
WC701506,2025-06-01 05:16,KH430637991,SP3158
WC701507,2025-06-01 06:35,KH180481407,SP3230
WC701508,2025-06-01 06:56,KH472507401,SP3331
WC701509,2025-06-01 07:49,kh470086730,SP3016
WC701510,2025-06-01 08:59,KH402770289,SP3238
WC701511,2025-06-01 09:31,KH830309219,SP3012
WC701512,2025-06-01 10:28,KH203393561,SP3376
WC701513,2025-06-01 11:09,KH499576949,SP3083
WC701514,2025-06-01 12:37,KH215864574,SP3258
WC701515,2025-06-01 13:31,KH920262930,SP3297
WC701516,2025-06-01 13:31,KH229716662,SP3040
WC701517,2025-06-01 14:18,KH590800082,SP3185
WC701518,2025-06-01 14:24,KH291530029,SP3012
WC701519,2025-06-01 14:50,KH996558740,SP3103
WC701520,2025-06-01 16:01,KH849562164,SP3061
WC701521,2025-06-01 18:09,KH-999555281,SP3284
WC701522,2025-06-01 19:36,KH936427479,SP3082
WC701523,2025-06-01 20:02, KH435524005,SP3110
WC701524,2025-06-01 20:12,KH477274984,SP3095
WC701525,2025-06-01 20:16,KH326254614,SP3238
WC701526,2025-06-01 20:29,KH882190388,SP3055
WC701527,2025-06-01 20:39,KH-487006797,SP3029
WC701528,2025-06-01 22:07,KH620201919,SP3113
WC701529,2025-06-01 22:10,KH464660219,SP3348
WC701530,2025-06-01 22:58,KH379666429,SP3343
WC701531,2025-06-02 01:54,KH341749591,SP3018
WC701532,2025-06-02 01:58,KH994113900,SP3371
WC701533,2025-06-02 02:40,KH458808741,SP3078
WC701534,2025-06-02 07:02,KH-159127078,SP3205
WC701535,2025-06-02 07:23,kh330274032,SP3210
WC701536,2025-06-02 07:37,KH666848059,SP3273
WC701537,2025-06-02 09:40,KH331665329,SP3248
WC701538,2025-06-02 09:50,KH209243376,SP3188
WC701539,2025-06-02 10:11,KH182827701,SP3355
WC701540,2025-06-02 10:55,KH168718166,SP3019
WC701541,2025-06-02 11:49,KH659234069,SP3277
WC701542,2025-06-02 12:58,KH444293793,SP3201
WC701543,2025-06-02 13:08,KH243086973,SP3205
WC701544,2025-06-02 13:10,KH947433906,SP3185
WC701545,2025-06-02 14:58,KH104296022,SP3278
WC701546,2025-06-02 16:09,KH624448869,SP3038
WC701547,2025-06-02 16:20,KH868498057,SP3214
WC701548,2025-06-02 16:52,KH453099236,SP3157
WC701549,2025-06-02 19:40,KH235121146,SP3309
WC701550,2025-06-02 20:08,KH832818972,SP3275
WC701551,2025-06-02 20:56,KH137280112,SP3087
WC701552,2025-06-02 21:32,KH267941714,SP3153
WC701553,2025-06-02 21:43,KH779541625,SP3139
WC701554,2025-06-02 21:48,KH464589259,SP3207
WC701555,2025-06-02 22:07, KH600931427,SP3076
WC701556,2025-06-03 00:17,KH479665440,SP3102
WC701557,2025-06-03 00:44,KH485679960,SP3195
WC701558,2025-06-03 01:41,kh782858348,SP3341
WC701559,2025-06-03 02:59,KH181271700,SP3238
WC701560,2025-06-03 02:59,KH834160349,SP3132
WC701561,2025-06-03 03:36,KH843818901,SP3348
WC701562,2025-06-03 04:03,KH-238346289,SP3199
WC701563,2025-06-03 04:16,KH-904988606,SP3187
WC701564,2025-06-03 06:29,KH620482564,SP3067
WC701565,2025-06-03 07:10,KH616023813,SP3175
WC701566,2025-06-03 07:55, KH171229515,SP3017
WC701567,2025-06-03 08:08,kh639298878,SP3141
WC701568,2025-06-03 09:05, KH805496208,SP3217
WC701569,2025-06-03 09:16,kh861215674,SP3192
WC701570,2025-06-03 10:13,KH175935768,SP3091
WC701571,2025-06-03 10:20,kh784778348,SP3017
WC701572,2025-06-03 10:35,KH542951216,SP3208
WC701573,2025-06-03 12:30,KH-335508723,SP3159
WC701574,2025-06-03 12:44,KH513600205,SP3049
WC701575,2025-06-03 13:07,KH-229966450,SP3186
WC701576,2025-06-03 13:11,KH920083404,SP3053
WC701577,2025-06-03 14:11,KH491643217,SP3069
WC701578,2025-06-03 14:59,KH419413608,SP3116
WC701579,2025-06-03 16:28,KH144456031,SP3325
WC701580,2025-06-03 16:35, KH494021884,SP3246
WC701581,2025-06-03 17:55,KH954884338,SP3043
WC701582,2025-06-03 20:09,KH797415920,SP3076
WC701583,2025-06-03 22:19,KH955689088,SP3171
WC701584,2025-06-04 00:07,KH749952862,SP3358
WC701585,2025-06-04 02:45,kh717535439,SP3143
WC701586,2025-06-04 04:23,KH622777391,SP3064
WC701587,2025-06-04 07:22,kh740399481,SP3304
WC701588,2025-06-04 07:41,KH559721855,SP3080
WC701589,2025-06-04 09:07,KH884468253,SP3192
WC701590,2025-06-04 09:28,KH625627252,SP3254
WC701591,2025-06-04 09:51,KH952392403,SP3089
WC701592,2025-06-04 12:32,KH676962448,SP3235
WC701593,2025-06-04 13:31,KH400851316,SP3324
WC701594,2025-06-04 15:06,KH775276157,SP3036
WC701595,2025-06-04 15:24,KH-974366645,SP3222
WC701596,2025-06-04 15:37,kh178509676,SP3104
WC701597,2025-06-04 16:57,KH335938721,SP3308
WC701598,2025-06-04 17:09,KH111889437,SP3035
WC701599,2025-06-04 18:55,KH256120710,SP3195
WC701600,2025-06-04 21:16,KH-732587718,SP3164
WC701601,2025-06-04 21:32,KH201165386,SP3031
WC701602,2025-06-04 23:04,KH671049293,SP3181
WC701603,2025-06-05 01:07,kh817539850,SP3247
WC701604,2025-06-05 01:21,KH542451677,SP3269
WC701605,2025-06-05 03:13,kh559303280,SP3097
WC701606,2025-06-05 03:26,KH895490576,SP3166
WC701607,2025-06-05 03:55,KH677709261,SP3237
WC701608,2025-06-05 03:56,KH-468276030,SP3095
WC701609,2025-06-05 05:51,KH536755304,SP3026
WC701610,2025-06-05 06:11,KH199451429,SP3242
WC701611,2025-06-05 07:08,KH-515927926,SP3352
WC701612,2025-06-05 07:47,KH525440304,SP3312
WC701613,2025-06-05 08:17,KH527962074,SP3082
WC701614,2025-06-05 12:26, KH154548185,SP3034
WC701615,2025-06-05 13:01,KH345008860,SP3165
WC701616,2025-06-05 13:34,KH509857887,SP3304
WC701617,2025-06-05 14:30,KH635312912,SP3134
WC701618,2025-06-05 15:11,KH591895675,SP3339
WC701619,2025-06-05 15:41,kh545312829,SP3216
WC701620,2025-06-05 17:49,KH-290315629,SP3017
WC701621,2025-06-05 18:00,KH268348473,SP3134
WC701622,2025-06-05 18:16,KH-970817714,SP3158
WC701623,2025-06-05 18:41,KH994623255,SP3078
WC701624,2025-06-05 18:57,KH798017519,SP3314
WC701625,2025-06-05 21:24,KH737759548,SP3304
WC701626,2025-06-05 22:24,KH903833764,SP3210
WC701627,2025-06-06 02:50,KH177870587,SP3049
WC701628,2025-06-06 03:55,KH-526802978,SP3108
WC701629,2025-06-06 04:49,KH258256844,SP3253
WC701630,2025-06-06 06:41,kh877247057,SP3144
WC701631,2025-06-06 08:49,KH571402991,SP3378
WC701632,2025-06-06 10:13,KH497278742,SP3137
WC701633,2025-06-06 10:36,KH267269925,SP3054
WC701634,2025-06-06 11:01,KH215460078,SP3185
WC701635,2025-06-06 11:02,kh509498834,SP3271
WC701636,2025-06-06 11:39,KH450321662,SP3005
WC701637,2025-06-06 12:00,KH-230338199,SP3132
WC701638,2025-06-06 12:21,KH719889112,SP3208
WC701639,2025-06-06 12:25,KH166543845,SP3023
WC701640,2025-06-06 13:04,kh160024725,SP3202
WC701641,2025-06-06 13:43,KH974456196,SP3263
WC701642,2025-06-06 14:10,KH840827279,SP3175
WC701643,2025-06-06 14:26,kh147929737,SP3278
WC701644,2025-06-06 15:45,KH813578702,SP3138
WC701645,2025-06-06 15:48,KH752340857,SP3275
WC701646,2025-06-06 16:22,KH635812301,SP3163
WC701647,2025-06-06 16:27,KH773192334,SP3259
WC701648,2025-06-06 17:27,KH981656387,SP3077
WC701649,2025-06-06 18:47,KH345761901,SP3002
WC701650,2025-06-06 18:53,KH454892491,SP3281
WC701651,2025-06-06 19:26,KH907494080,SP3368
WC701652,2025-06-06 21:11,KH957230063,SP3247
WC701653,2025-06-06 21:50,KH470511557,SP3142
WC701654,2025-06-06 22:07,KH716490042,SP3098
WC701655,2025-06-07 02:14,KH571275997,SP3045
WC701656,2025-06-07 02:28,kh552671559,SP3018
WC701657,2025-06-07 02:30,KH115936867,SP3249
WC701658,2025-06-07 03:13, KH563502191,SP3251
WC701659,2025-06-07 03:48,KH671863292,SP3106
WC701660,2025-06-07 04:11,KH907557147,SP3097
WC701661,2025-06-07 05:42,KH613498516,SP3358
WC701662,2025-06-07 05:47,KH568551267,SP3047
WC701663,2025-06-07 06:18,KH811867458,SP3185
WC701664,2025-06-07 08:46,KH-125186322,SP3369
WC701665,2025-06-07 11:06, KH689294874,SP3247
WC701666,2025-06-07 11:09,KH787903311,SP3063
WC701667,2025-06-07 11:11,KH644348715,SP3329
WC701668,2025-06-07 11:50,kh418753906,SP3348
WC701669,2025-06-07 11:59,KH233725202,SP3139
WC701670,2025-06-07 12:32,KH289283148,SP3267
WC701671,2025-06-07 13:00, KH896777310,SP3235
WC701672,2025-06-07 14:55,KH-957207366,SP3158
WC701673,2025-06-07 16:02,KH600245018,SP3251
WC701674,2025-06-07 16:32, KH335938721,SP3179
WC701675,2025-06-07 16:38,kh337889246,SP3012
WC701676,2025-06-07 22:15,KH367981954,SP3121
WC701677,2025-06-07 23:31,KH894635471,SP3289
WC701678,2025-06-08 01:51,KH689484319,SP3217
WC701679,2025-06-08 04:40,KH-537698668,SP3360
WC701680,2025-06-08 05:02,KH266911427,SP3072
WC701681,2025-06-08 07:02,KH284894178,SP3024
WC701682,2025-06-08 07:36,kh326986162,SP3365
WC701683,2025-06-08 08:38,KH623855467,SP3370
WC701684,2025-06-08 08:56,KH630540458,SP3097
WC701685,2025-06-08 09:00,KH348043182,SP3338
WC701686,2025-06-08 11:29,KH825458271,SP3317
WC701687,2025-06-08 12:12,KH917559936,SP3058
WC701688,2025-06-08 14:16,KH775291016,SP3013
WC701689,2025-06-08 15:22,KH312163497,SP3054
WC701690,2025-06-08 16:55,KH364104205,SP3190
WC701691,2025-06-08 17:21,kh592670375,SP3352
WC701692,2025-06-08 21:02,KH695378824,SP3075
WC701693,2025-06-08 22:56,KH969486055,SP3329
WC701694,2025-06-08 23:02,KH459792045,SP3360
WC701695,2025-06-09 01:01,KH429364857,SP3222
WC701696,2025-06-09 02:21,KH784798130,SP3172
WC701697,2025-06-09 02:30, KH540944838,SP3260
WC701698,2025-06-09 03:20,KH170376546,SP3310
WC701699,2025-06-09 04:12,KH776459612,SP3013
WC701700,2025-06-09 04:36,KH215689117,SP3352
WC701701,2025-06-09 05:18,KH296107761,SP3249
WC701702,2025-06-09 06:50,KH443082125,SP3263
WC701703,2025-06-09 11:24,kh476182085,SP3264
WC701704,2025-06-09 13:18,KH170670412,SP3204
WC701705,2025-06-09 14:10,kh112147162,SP3042
WC701706,2025-06-09 16:00,KH229966450,SP3309
WC701707,2025-06-09 16:00,KH757727514,SP3165
WC701708,2025-06-09 17:39,KH926404354,SP3197
WC701709,2025-06-09 17:47,KH426336468,SP3293
WC701710,2025-06-09 17:52, KH164286173,SP3377
WC701711,2025-06-09 19:19,KH401321609,SP3126
WC701712,2025-06-09 19:20,KH193166672,SP3136
WC701713,2025-06-09 19:39,KH-715542270,SP3195
WC701714,2025-06-09 19:47,KH355263067,SP3123
WC701715,2025-06-09 19:52, KH999407231,SP3255
WC701716,2025-06-09 21:17, KH306897986,SP3084
WC701717,2025-06-09 21:52,KH-432412542,SP3137
WC701718,2025-06-09 22:16,KH879214973,SP3038
WC701719,2025-06-09 22:18,KH-233725202,SP3070
WC701720,2025-06-09 23:32,kh775135622,SP3146
WC701721,2025-06-10 00:31, KH668417869,SP3246
WC701722,2025-06-10 00:40,KH-475013540,SP3323
WC701723,2025-06-10 01:43,KH646184516,SP3189
WC701724,2025-06-10 05:21,kh499596311,SP3200
WC701725,2025-06-10 05:55,KH-142829686,SP3143
WC701726,2025-06-10 05:57,KH476604947,SP3089
WC701727,2025-06-10 06:34,KH141380981,SP3335
WC701728,2025-06-10 07:22,KH135794415,SP3002
WC701729,2025-06-10 07:51,KH398779757,SP3259
WC701730,2025-06-10 09:25,KH239588534,SP3361
WC701731,2025-06-10 10:23,kh604555181,SP3291
WC701732,2025-06-10 12:10,KH605828008,SP3279
WC701733,2025-06-10 12:21,KH183909712,SP3379
WC701734,2025-06-10 12:32,KH-217776511,SP3128
WC701735,2025-06-10 12:37,KH670923670,SP3032
WC701736,2025-06-10 13:20,kh581837025,SP3200
WC701737,2025-06-10 13:41,KH351364395,SP3029
WC701738,2025-06-10 14:04,KH476559780,SP3018
WC701739,2025-06-10 14:06,KH123185972,SP3362
WC701740,2025-06-10 14:20,KH565232915,SP3122
WC701741,2025-06-10 16:06,KH579522094,SP3193
WC701742,2025-06-10 16:25,KH156961399,SP3098
WC701743,2025-06-10 17:00,KH196949044,SP3063
WC701744,2025-06-10 17:59,KH135794415,SP3190
WC701745,2025-06-10 19:14, KH400995717,SP3051
WC701746,2025-06-10 19:59,KH829792818,SP3102
WC701747,2025-06-10 20:22,KH170763182,SP3072
WC701748,2025-06-10 21:02,KH828435340,SP3053
WC701749,2025-06-10 21:04,KH336801386,SP3154
WC701750,2025-06-10 21:38,KH229340672,SP3142
WC701751,2025-06-10 23:31,KH660387648,SP3028
WC701752,2025-06-11 00:11,kh841073296,SP3185
WC701753,2025-06-11 00:35,KH450321662,SP3022
WC701754,2025-06-11 00:52,KH194934485,SP3359
WC701755,2025-06-11 02:21,KH778396514,SP3032
WC701756,2025-06-11 02:52,KH665385920,SP3073
WC701757,2025-06-11 04:13,KH417259832,SP3333
WC701758,2025-06-11 04:58,KH412953345,SP3177
WC701759,2025-06-11 06:03,KH770395271,SP3076
WC701760,2025-06-11 07:00,KH964259919,SP3213
WC701761,2025-06-11 07:28,KH956789971,SP3163
WC701762,2025-06-11 07:53,KH337910821,SP3139
WC701763,2025-06-11 08:10,KH774614782,SP3332
WC701764,2025-06-11 08:41,KH263202082,SP3120
WC701765,2025-06-11 09:02,KH225281966,SP3053
WC701766,2025-06-11 10:17,KH150768545,SP3361
WC701767,2025-06-11 10:58,kh354114935,SP3193
WC701768,2025-06-11 12:11, KH762312394,SP3100
WC701769,2025-06-11 12:23,KH393709928,SP3266
WC701770,2025-06-11 12:37, KH798737109,SP3128
WC701771,2025-06-11 12:38,KH561556347,SP3122
WC701772,2025-06-11 15:57,KH369151665,SP3249
WC701773,2025-06-11 16:17,KH622777391,SP3032
WC701774,2025-06-11 17:43,KH609529297,SP3164
WC701775,2025-06-11 18:53,KH432673588,SP3033
WC701776,2025-06-11 20:58, KH485203547,SP3201
WC701777,2025-06-11 21:47,KH845376814,SP3200
WC701778,2025-06-11 21:53,KH568480752,SP3304
WC701779,2025-06-11 22:07,kh213608859,SP3362
WC701780,2025-06-11 23:59,KH563884849,SP3364
WC701781,2025-06-12 00:39,KH152582651,SP3137
WC701782,2025-06-12 01:18,KH646839199,SP3078
WC701783,2025-06-12 01:26,KH803161451,SP3328
WC701784,2025-06-12 04:01,KH492961024,SP3152
WC701785,2025-06-12 04:49,KH689639945,SP3173
WC701786,2025-06-12 05:22,KH953326303,SP3293
WC701787,2025-06-12 07:28,KH319017111,SP3246
WC701788,2025-06-12 08:57,KH844362809,SP3132
WC701789,2025-06-12 11:06,KH596492468,SP3379
WC701790,2025-06-12 11:37,KH367697475,SP3261
WC701791,2025-06-12 12:24,KH-887338675,SP3061
WC701792,2025-06-12 13:49,KH688491548,SP3326
WC701793,2025-06-12 14:46,KH859650602,SP3314
WC701794,2025-06-12 15:29,KH357917202,SP3131
WC701795,2025-06-12 18:02,KH618020684,SP3089
WC701796,2025-06-12 18:47,KH716475635,SP3180
WC701797,2025-06-12 20:19,KH-290669400,SP3096
WC701798,2025-06-12 20:56,KH617549761,SP3269
WC701799,2025-06-12 21:14,KH768841522,SP3334
WC701800,2025-06-12 21:36,KH210335517,SP3137
WC701801,2025-06-12 21:56,KH907631482,SP3328
WC701802,2025-06-12 22:15,KH642476960,SP3113
WC701803,2025-06-12 22:55,KH219621491,SP3347
WC701804,2025-06-12 23:47,KH429386764,SP3093
WC701805,2025-06-13 00:08,KH293008165,SP3230
WC701806,2025-06-13 00:46,KH701152072,SP3189
WC701807,2025-06-13 02:34,KH235309696,SP3001
WC701808,2025-06-13 03:07,KH994947118,SP3308
WC701809,2025-06-13 06:49,KH606451857,SP3219
WC701810,2025-06-13 06:58,KH168523261,SP3078
WC701811,2025-06-13 09:23,KH912321246,SP3222
WC701812,2025-06-13 09:42,KH180728866,SP3230
WC701813,2025-06-13 10:08,KH356631339,SP3181
WC701814,2025-06-13 10:42,KH499596311,SP3054
WC701815,2025-06-13 12:30,KH702780916,SP3261
WC701816,2025-06-13 12:32,KH783922535,SP3336
WC701817,2025-06-13 12:42,KH396095424,SP3216
WC701818,2025-06-13 12:54,KH237539881,SP3303
WC701819,2025-06-13 13:13, KH812026269,SP3303
WC701820,2025-06-13 17:16,KH-340591001,SP3377
WC701821,2025-06-13 18:11,kh821427040,SP3175
WC701822,2025-06-13 18:21,KH818263409,SP3137
WC701823,2025-06-13 19:27,KH805360924,SP3296
WC701824,2025-06-13 19:30,KH-254595539,SP3136
WC701825,2025-06-14 01:41,KH380565527,SP3217
WC701826,2025-06-14 03:07,KH604062425,SP3157
WC701827,2025-06-14 03:52, KH575339386,SP3047
WC701828,2025-06-14 07:11,kh698322529,SP3114
WC701829,2025-06-14 08:30,KH598782985,SP3137
WC701830,2025-06-14 12:15,KH830994419,SP3207
WC701831,2025-06-14 12:28,kh565562361,SP3376
WC701832,2025-06-14 15:49,KH690636189,SP3337
WC701833,2025-06-14 16:44,KH430973121,SP3306
WC701834,2025-06-14 16:49,KH505479189,SP3094
WC701835,2025-06-14 17:08,KH692964366,SP3062
WC701836,2025-06-14 18:09,KH390505512,SP3064
WC701837,2025-06-14 18:32,KH472662761,SP3350
WC701838,2025-06-14 18:32,KH-546322162,SP3348
WC701839,2025-06-14 19:13, KH483080993,SP3132
WC701840,2025-06-14 20:01,KH805318656,SP3276
WC701841,2025-06-14 20:44,KH453630685,SP3057
WC701842,2025-06-15 00:44,KH430426178,SP3006
WC701843,2025-06-15 02:35,KH628287744,SP3034
WC701844,2025-06-15 03:07,KH217776511,SP3023
WC701845,2025-06-15 03:12,KH497349861,SP3178
WC701846,2025-06-15 03:27,kh578846227,SP3225
WC701847,2025-06-15 04:16,KH438890780,SP3145
WC701848,2025-06-15 05:20,KH529679257,SP3331
WC701849,2025-06-15 05:39,KH873058074,SP3336
WC701850,2025-06-15 08:41,KH481432286,SP3366
WC701851,2025-06-15 11:05,KH429266230,SP3117
WC701852,2025-06-15 11:30,KH150983586,SP3279
WC701853,2025-06-15 12:12,KH822615088,SP3178
WC701854,2025-06-15 12:25,KH628287744,SP3089
WC701855,2025-06-15 12:47,KH993627757,SP3276
WC701856,2025-06-15 13:29,KH681024635,SP3195
WC701857,2025-06-15 13:38,KH224027621,SP3040
WC701858,2025-06-15 15:21,KH723672766,SP3379
WC701859,2025-06-15 15:25,KH435065356,SP3076
WC701860,2025-06-15 15:33, KH793802062,SP3237
WC701861,2025-06-15 16:35,KH540967509,SP3206
WC701862,2025-06-15 20:55,kh293008165,SP3094
WC701863,2025-06-15 21:57,KH876513426,SP3238
WC701864,2025-06-15 21:58, KH754548619,SP3058
WC701865,2025-06-15 22:11,KH384839245,SP3275
WC701866,2025-06-15 22:11,KH265929196,SP3020
WC701867,2025-06-15 23:29, KH847896625,SP3093
WC701868,2025-06-16 00:22,KH403491921,SP3063
WC701869,2025-06-16 00:52,KH216974313,SP3133
WC701870,2025-06-16 02:29,KH640606653,SP3351
WC701871,2025-06-16 04:45,KH444971306,SP3195
WC701872,2025-06-16 05:06,KH470086730,SP3330
WC701873,2025-06-16 06:01,kh426770446,SP3269
WC701874,2025-06-16 06:20,KH615628808,SP3363
WC701875,2025-06-16 07:12,KH701434158,SP3134
WC701876,2025-06-16 08:28, KH481152235,SP3142
WC701877,2025-06-16 10:59,kh127460177,SP3018
WC701878,2025-06-16 11:29,KH889122178,SP3041
WC701879,2025-06-16 13:58,KH830183315,SP3025
WC701880,2025-06-16 14:24,KH517974151,SP3192
WC701881,2025-06-16 15:02,KH923987595,SP3134
WC701882,2025-06-16 15:20,KH140335024,SP3267
WC701883,2025-06-16 15:25,KH536673574,SP3203
WC701884,2025-06-16 15:29,kh694389249,SP3200
WC701885,2025-06-16 15:35,KH307100166,SP3197
WC701886,2025-06-16 16:02,KH594636199,SP3200
WC701887,2025-06-16 16:18,KH997575440,SP3215
WC701888,2025-06-16 17:33, KH978361495,SP3093
WC701889,2025-06-16 17:35,KH825428063,SP3186
WC701890,2025-06-16 18:48,KH211983556,SP3293
WC701891,2025-06-16 20:20,KH-736116282,SP3274
WC701892,2025-06-16 20:22,kh748099531,SP3249
WC701893,2025-06-16 21:11,KH-150245394,SP3329
WC701894,2025-06-16 23:25,KH717334509,SP3196
WC701895,2025-06-17 00:22,KH-153921707,SP3282
WC701896,2025-06-17 00:58,KH122392454,SP3043
WC701897,2025-06-17 01:35,KH-122354317,SP3234
WC701898,2025-06-17 03:05,KH615800251,SP3197
WC701899,2025-06-17 04:34,KH939430455,SP3323
WC701900,2025-06-17 04:38,KH880286831,SP3106
WC701901,2025-06-17 05:21,KH576285009,SP3168
WC701902,2025-06-17 05:27,KH992325072,SP3289
WC701903,2025-06-17 05:42,kh312880451,SP3122
WC701904,2025-06-17 06:04,KH842293690,SP3368
WC701905,2025-06-17 06:24,KH439723782,SP3359
WC701906,2025-06-17 07:59,KH639293497,SP3018
WC701907,2025-06-17 08:27,KH659293532,SP3363
WC701908,2025-06-17 08:28,KH758482042,SP3288
WC701909,2025-06-17 09:30,KH412457634,SP3201
WC701910,2025-06-17 09:48, KH430426178,SP3044
WC701911,2025-06-17 10:39,KH933438440,SP3022
WC701912,2025-06-17 11:54,KH985257566,SP3008
WC701913,2025-06-17 12:08, KH774515134,SP3175
WC701914,2025-06-17 12:38,KH347230077,SP3277
WC701915,2025-06-17 14:02,KH115936867,SP3019
WC701916,2025-06-17 15:42,KH385441411,SP3271
WC701917,2025-06-17 15:55,kh118971497,SP3291
WC701918,2025-06-17 17:01,KH714045553,SP3317
WC701919,2025-06-17 18:09,KH752985840,SP3044
WC701920,2025-06-17 18:48,KH987332221,SP3328
WC701921,2025-06-17 20:01,kh470367794,SP3298
WC701922,2025-06-17 20:14,KH899519767,SP3265
WC701923,2025-06-17 21:44,KH742928155,SP3032
WC701924,2025-06-17 23:03,KH318173027,SP3006
WC701925,2025-06-17 23:25,KH800208104,SP3331
WC701926,2025-06-18 00:53,KH998888706,SP3117
WC701927,2025-06-18 02:40,kh917489515,SP3117
WC701928,2025-06-18 04:00,KH265481562,SP3214
WC701929,2025-06-18 04:03,KH562544618,SP3043
WC701930,2025-06-18 05:02,KH162844475,SP3308
WC701931,2025-06-18 05:15,KH956038707,SP3152
WC701932,2025-06-18 05:31,KH308137312,SP3123
WC701933,2025-06-18 07:24,KH343682235,SP3032
WC701934,2025-06-18 08:47,KH605828008,SP3377
WC701935,2025-06-18 10:05,KH192463003,SP3209
WC701936,2025-06-18 10:34,KH461072318,SP3097
WC701937,2025-06-18 11:51,KH814897419,SP3169
WC701938,2025-06-18 12:12,KH494279518,SP3325
WC701939,2025-06-18 12:21,KH277088437,SP3216
WC701940,2025-06-18 13:34,KH-775162700,SP3122
WC701941,2025-06-18 13:34, KH489977283,SP3366
WC701942,2025-06-18 15:47, KH545449107,SP3212
WC701943,2025-06-18 15:50,KH690020623,SP3254
WC701944,2025-06-18 17:02,KH537713369,SP3092
WC701945,2025-06-18 17:19,KH-435914528,SP3188
WC701946,2025-06-18 18:42,kh512314194,SP3217
WC701947,2025-06-18 21:22,kh666780388,SP3146
WC701948,2025-06-18 23:07,KH239929680,SP3169
WC701949,2025-06-18 23:43,KH382101027,SP3340
WC701950,2025-06-18 23:55,KH805799192,SP3288
WC701951,2025-06-19 00:14,KH170117110,SP3004
WC701952,2025-06-19 00:15, KH822646155,SP3098
WC701953,2025-06-19 00:45, KH765241514,SP3262
WC701954,2025-06-19 01:12,KH917802334,SP3284
WC701955,2025-06-19 02:33,kh918718364,SP3312
WC701956,2025-06-19 03:14,KH368575267,SP3080
WC701957,2025-06-19 03:36,KH188121005,SP3210
WC701958,2025-06-19 04:24,KH419799328,SP3104
WC701959,2025-06-19 05:51,KH592612806,SP3303
WC701960,2025-06-19 06:11,KH211924483,SP3036
WC701961,2025-06-19 06:13,KH835725595,SP3165
WC701962,2025-06-19 06:22,KH562544618,SP3376
WC701963,2025-06-19 08:22,KH937014138,SP3008
WC701964,2025-06-19 09:13,KH921628507,SP3230
WC701965,2025-06-19 09:37,kh941495500,SP3168
WC701966,2025-06-19 09:47,KH849646525,SP3028
WC701967,2025-06-19 09:50,KH770624485,SP3377
WC701968,2025-06-19 10:04,KH943696121,SP3323
WC701969,2025-06-19 10:26,KH282484634,SP3312
WC701970,2025-06-19 12:38,KH761111335,SP3122
WC701971,2025-06-19 12:57,KH612870784,SP3211
WC701972,2025-06-19 13:54,KH898463421,SP3259
WC701973,2025-06-19 14:46,KH-993684757,SP3249
WC701974,2025-06-19 16:53,KH675029641,SP3211
WC701975,2025-06-19 17:17,kh458193288,SP3152
WC701976,2025-06-19 17:35, KH754501980,SP3103
WC701977,2025-06-19 18:00, KH742760864,SP3288
WC701978,2025-06-19 18:00,KH952568196,SP3349
WC701979,2025-06-19 20:22,KH624529522,SP3046
WC701980,2025-06-19 22:37,KH271195118,SP3150
WC701981,2025-06-19 23:18,KH-349644077,SP3361
WC701982,2025-06-19 23:49,KH-486570762,SP3089
WC701983,2025-06-20 00:39,KH790441748,SP3371
WC701984,2025-06-20 00:53,kh707612721,SP3203
WC701985,2025-06-20 01:14,KH950159298,SP3108
WC701986,2025-06-20 02:41,KH789261295,SP3241
WC701987,2025-06-20 04:41,KH-426127589,SP3354
WC701988,2025-06-20 05:00,KH745632510,SP3018
WC701989,2025-06-20 05:03,KH110141850,SP3243
WC701990,2025-06-20 05:42,KH573185748,SP3104
WC701991,2025-06-20 06:34,kh462757516,SP3083
WC701992,2025-06-20 06:49,KH548843414,SP3253
WC701993,2025-06-20 09:27,KH830994419,SP3202
WC701994,2025-06-20 10:21,KH-338978903,SP3378
WC701995,2025-06-20 11:03,KH466107509,SP3219
WC701996,2025-06-20 12:04,KH896138615,SP3207
WC701997,2025-06-20 14:29,KH403491921,SP3249
WC701998,2025-06-20 14:42,KH307820827,SP3176
WC701999,2025-06-20 16:37,KH696790798,SP3309
WC702000,2025-06-20 17:03, KH632199808,SP3337
WC702001,2025-06-20 18:35,KH197873268,SP3260
WC702002,2025-06-20 18:43,KH852087575,SP3217
WC702003,2025-06-20 19:23,KH539273743,SP3291
WC702004,2025-06-20 19:44,KH556086132,SP3369
WC702005,2025-06-20 21:42,kh516686473,SP3196
WC702006,2025-06-20 21:47,KH525275376,SP3025
WC702007,2025-06-20 22:21,KH669673161,SP3279
WC702008,2025-06-20 22:27,KH241267152,SP3061
WC702009,2025-06-21 00:34,kh815517122,SP3063
WC702010,2025-06-21 01:01,KH434666045,SP3358
WC702011,2025-06-21 02:13,KH430789447,SP3262
WC702012,2025-06-21 04:21,KH998080405,SP3364
WC702013,2025-06-21 04:36,KH448688009,SP3015
WC702014,2025-06-21 07:14,KH241830540,SP3049
WC702015,2025-06-21 07:50,KH934391006,SP3335
WC702016,2025-06-21 08:44, KH993959057,SP3296
WC702017,2025-06-21 09:40,KH135470091,SP3269
WC702018,2025-06-21 10:35,KH961640248,SP3217
WC702019,2025-06-21 10:39,KH153909189,SP3131
WC702020,2025-06-21 11:56,KH307027804,SP3179
WC702021,2025-06-21 12:10,KH444566877,SP3330
WC702022,2025-06-21 12:45,KH615623178,SP3119
WC702023,2025-06-21 15:20,KH-739613920,SP3202
WC702024,2025-06-21 15:46,KH294443822,SP3373
WC702025,2025-06-21 17:57,KH629012372,SP3003
WC702026,2025-06-21 18:00, KH433532918,SP3119
WC702027,2025-06-21 18:19,KH275627719,SP3131
WC702028,2025-06-21 18:47,KH621845975,SP3198
WC702029,2025-06-21 18:51,kh288288453,SP3330
WC702030,2025-06-21 18:58,KH564976236,SP3125
WC702031,2025-06-21 20:00,KH183144343,SP3036
WC702032,2025-06-21 20:57, KH954122962,SP3299
WC702033,2025-06-21 21:22,KH583232813,SP3150
WC702034,2025-06-22 02:11,KH509498834,SP3379
WC702035,2025-06-22 02:36,KH937451665,SP3185
WC702036,2025-06-22 03:31,KH730255815,SP3250
WC702037,2025-06-22 03:38,KH-850590729,SP3299
WC702038,2025-06-22 03:44,KH921488702,SP3165
WC702039,2025-06-22 04:25,KH138192224,SP3200
WC702040,2025-06-22 04:37,KH439456742,SP3291
WC702041,2025-06-22 04:42,kh303107801,SP3080
WC702042,2025-06-22 05:02,KH906171372,SP3143
WC702043,2025-06-22 05:08,KH640399190,SP3189
WC702044,2025-06-22 05:15,KH701468049,SP3030
WC702045,2025-06-22 07:58,KH929642333,SP3358
WC702046,2025-06-22 08:36,kh408383941,SP3130
WC702047,2025-06-22 09:27,KH345439177,SP3123
WC702048,2025-06-22 10:25,KH518696510,SP3268
WC702049,2025-06-22 10:32,KH-367331985,SP3100
WC702050,2025-06-22 11:26,KH699330505,SP3186
WC702051,2025-06-22 15:20, KH535672252,SP3047
WC702052,2025-06-22 18:03,KH989485082,SP3247
WC702053,2025-06-22 19:01,KH994062963,SP3216
WC702054,2025-06-22 19:21,kh926052781,SP3192
WC702055,2025-06-22 19:32,kh717184857,SP3351
WC702056,2025-06-22 19:33,KH-661755773,SP3083
WC702057,2025-06-22 20:12,KH677550662,SP3132
WC702058,2025-06-22 20:27,KH102169892,SP3137
WC702059,2025-06-22 22:14,KH668309820,SP3110
WC702060,2025-06-22 22:38,KH231273158,SP3154
WC702061,2025-06-23 00:00,KH688161484,SP3317
WC702062,2025-06-23 01:31,KH564889974,SP3362
WC702063,2025-06-23 02:10,KH578846227,SP3324
WC702064,2025-06-23 02:28, KH905270995,SP3352
WC702065,2025-06-23 04:43, KH354364380,SP3347
WC702066,2025-06-23 05:15, KH581155503,SP3036
WC702067,2025-06-23 05:19,KH564097477,SP3131
WC702068,2025-06-23 06:46,KH167926948,SP3152
WC702069,2025-06-23 07:45,KH392269874,SP3150
WC702070,2025-06-23 08:45,KH710152248,SP3207
WC702071,2025-06-23 09:03,KH809713037,SP3108
WC702072,2025-06-23 09:47,KH605801105,SP3051
WC702073,2025-06-23 09:50,KH305215449,SP3304
WC702074,2025-06-23 10:21,KH354114688,SP3271
WC702075,2025-06-23 10:47,KH758045505,SP3265
WC702076,2025-06-23 11:22,KH-768674804,SP3089
WC702077,2025-06-23 12:05,KH791944350,SP3081
WC702078,2025-06-23 13:08,KH984310638,SP3249
WC702079,2025-06-23 15:52,KH176122001,SP3370
WC702080,2025-06-23 16:07, KH493463292,SP3171
WC702081,2025-06-23 16:34,KH612007922,SP3035
WC702082,2025-06-23 16:59, KH297074090,SP3171
WC702083,2025-06-23 17:07,KH751181015,SP3243
WC702084,2025-06-23 19:06,KH920856050,SP3051
WC702085,2025-06-23 19:23,KH369474418,SP3117
WC702086,2025-06-23 20:02,KH245559413,SP3297
WC702087,2025-06-23 22:34,kh320231910,SP3152
WC702088,2025-06-24 02:01,KH223062448,SP3367
WC702089,2025-06-24 03:04,KH260304637,SP3134
WC702090,2025-06-24 04:46,KH814138969,SP3202
WC702091,2025-06-24 06:39,KH492090642,SP3154
WC702092,2025-06-24 07:12, KH671179115,SP3071
WC702093,2025-06-24 08:18,KH438721748,SP3166
WC702094,2025-06-24 09:08,KH326447602,SP3060
WC702095,2025-06-24 09:24,KH-610582871,SP3321
WC702096,2025-06-24 09:56,KH-281994563,SP3302
WC702097,2025-06-24 10:53,kh967551387,SP3003
WC702098,2025-06-24 12:26,KH355744023,SP3016
WC702099,2025-06-24 14:37, KH925988327,SP3003
WC702100,2025-06-24 14:39, KH986878872,SP3198
WC702101,2025-06-24 15:31,KH268138503,SP3026
WC702102,2025-06-24 17:54,KH515839876,SP3028
WC702103,2025-06-24 18:12,KH136584773,SP3047
WC702104,2025-06-24 19:17,KH703472974,SP3261
WC702105,2025-06-24 19:27,KH351763391,SP3092
WC702106,2025-06-24 20:22,KH646527717,SP3234
WC702107,2025-06-24 20:53, KH603784408,SP3199
WC702108,2025-06-24 22:15,KH260073785,SP3074
WC702109,2025-06-24 22:52,KH987332221,SP3124
WC702110,2025-06-24 23:47,kh530990957,SP3330
WC702111,2025-06-24 23:51,KH295694295,SP3310
WC702112,2025-06-25 00:16,KH248156994,SP3040
WC702113,2025-06-25 01:07,KH246790146,SP3377
WC702114,2025-06-25 01:15, KH280453735,SP3219
WC702115,2025-06-25 04:35,KH-929132654,SP3093
WC702116,2025-06-25 05:22, KH112879778,SP3336
WC702117,2025-06-25 05:43,KH447004801,SP3049
WC702118,2025-06-25 05:54,KH243255616,SP3006
WC702119,2025-06-25 06:31,kh413310332,SP3350
WC702120,2025-06-25 06:45,KH523334527,SP3260
WC702121,2025-06-25 06:57,KH534710358,SP3049
WC702122,2025-06-25 07:36,KH216398699,SP3345
WC702123,2025-06-25 09:22,KH474686371,SP3056
WC702124,2025-06-25 09:55,KH669867270,SP3278
WC702125,2025-06-25 11:13,KH692144123,SP3146
WC702126,2025-06-25 11:34,KH503218643,SP3199
WC702127,2025-06-25 11:59,KH986399878,SP3195
WC702128,2025-06-25 12:31,kh468753297,SP3003
WC702129,2025-06-25 12:50,KH591379780,SP3137
WC702130,2025-06-25 13:50,KH618317789,SP3371
WC702131,2025-06-25 16:39,KH-241121684,SP3030
WC702132,2025-06-25 17:58,kh375027961,SP3335
WC702133,2025-06-25 18:09,KH329074228,SP3369
WC702134,2025-06-25 18:31, KH331599641,SP3143
WC702135,2025-06-25 18:35,KH678012520,SP3358
WC702136,2025-06-25 19:25,KH111451966,SP3176
WC702137,2025-06-25 19:44,KH380601114,SP3314
WC702138,2025-06-25 20:45,KH-144694839,SP3051
WC702139,2025-06-25 22:27,KH422015180,SP3203
WC702141,2025-06-25 22:40,KH766067233,SP3094
WC702140,2025-06-25 22:40,KH723086904,SP3148
WC702142,2025-06-25 23:06, KH762310186,SP3019
WC702143,2025-06-26 00:01,KH-475374065,SP3047
WC702144,2025-06-26 01:51,KH445162065,SP3244
WC702145,2025-06-26 02:29,KH303133883,SP3258
WC702146,2025-06-26 03:40,kh499813034,SP3327
WC702147,2025-06-26 04:25,KH869763892,SP3026
WC702148,2025-06-26 04:35,KH-549940116,SP3202
WC702149,2025-06-26 05:40,KH337889246,SP3238
WC702150,2025-06-26 05:44, KH399224488,SP3330
WC702151,2025-06-26 06:27,KH717992930,SP3075
WC702152,2025-06-26 06:30,KH705932733,SP3012
WC702153,2025-06-26 07:27,KH664797724,SP3188
WC702154,2025-06-26 07:36,KH514798397,SP3117
WC702155,2025-06-26 07:42,KH-857194623,SP3279
WC702156,2025-06-26 07:51,KH-510636028,SP3061
WC702157,2025-06-26 08:15,KH792140451,SP3104
WC702158,2025-06-26 09:13,KH616076682,SP3094
WC702159,2025-06-26 09:25,KH909061191,SP3242
WC702160,2025-06-26 09:38,KH855728908,SP3138
WC702161,2025-06-26 10:10,KH412540841,SP3243
WC702162,2025-06-26 10:15,kh351763391,SP3141
WC702163,2025-06-26 10:39,KH724018306,SP3134
WC702164,2025-06-26 11:00, KH635753232,SP3119
WC702165,2025-06-26 11:09,KH226505636,SP3330
WC702166,2025-06-26 11:23,KH975962426,SP3029
WC702167,2025-06-26 11:36,KH803161451,SP3365
WC702168,2025-06-26 15:21, KH702381631,SP3214
WC702169,2025-06-26 15:47,KH294616686,SP3120
WC702170,2025-06-26 16:09,KH149177588,SP3112
WC702171,2025-06-26 16:29,kh257401674,SP3029
WC702172,2025-06-26 16:47,KH694113143,SP3076
WC702173,2025-06-26 17:29, KH161570180,SP3204
WC702174,2025-06-26 17:34, KH895963187,SP3169
WC702175,2025-06-26 18:05,KH379603849,SP3361
WC702176,2025-06-26 22:55,KH847734519,SP3297
WC702177,2025-06-26 23:03,KH297002334,SP3152
WC702178,2025-06-26 23:36, KH753290747,SP3163
WC702179,2025-06-26 23:59,KH162191313,SP3337
WC702180,2025-06-27 00:39,KH283915452,SP3176
WC702181,2025-06-27 00:41, KH261510827,SP3329
WC702182,2025-06-27 01:02,KH246049284,SP3087
WC702183,2025-06-27 02:27,KH643935148,SP3322
WC702184,2025-06-27 05:13,KH803381764,SP3070
WC702185,2025-06-27 05:35,KH694427986,SP3131
WC702186,2025-06-27 05:55,KH588353990,SP3208
WC702187,2025-06-27 06:45,KH427577689,SP3358
WC702188,2025-06-27 07:20,KH137281800,SP3033
WC702189,2025-06-27 07:29,KH395106024,SP3182
WC702190,2025-06-27 08:10,KH648912867,SP3047
WC702191,2025-06-27 08:55,KH985192798,SP3158
WC702192,2025-06-27 09:37,KH852009276,SP3377
WC702193,2025-06-27 09:41,KH300349779,SP3289
WC702194,2025-06-27 10:20,KH606451857,SP3334
WC702195,2025-06-27 10:34,KH677135480,SP3171
WC702196,2025-06-27 10:52,KH527203883,SP3128
WC702197,2025-06-27 11:23,KH671563371,SP3002
WC702198,2025-06-27 12:22,KH670923670,SP3147
WC702199,2025-06-27 13:22,kh576410666,SP3135
WC702200,2025-06-27 19:29,kh841292633,SP3282
WC702201,2025-06-27 19:29,KH292124454,SP3058
WC702202,2025-06-27 19:44,KH-201875159,SP3347
WC702203,2025-06-27 20:46,KH985379361,SP3234
WC702204,2025-06-27 21:05,KH143641260,SP3080
WC702205,2025-06-27 21:32,KH393169483,SP3021
WC702206,2025-06-27 21:44,KH933245123,SP3162
WC702207,2025-06-28 00:01,kh723282469,SP3025
WC702208,2025-06-28 00:07,KH388366705,SP3349
WC702209,2025-06-28 03:12,KH707175840,SP3021
WC702210,2025-06-28 03:43,KH416895325,SP3002
WC702211,2025-06-28 06:04,KH388768156,SP3379
WC702212,2025-06-28 06:09,KH558234593,SP3103
WC702213,2025-06-28 09:38,KH428286113,SP3265
WC702214,2025-06-28 10:34,KH443834172,SP3169
WC702215,2025-06-28 11:57,KH408178926,SP3028
WC702216,2025-06-28 14:15,KH-618020684,SP3030
WC702217,2025-06-28 14:58,KH769332210,SP3146
WC702218,2025-06-28 16:00,KH808024489,SP3164
WC702219,2025-06-28 17:39,KH550436094,SP3169
WC702220,2025-06-28 17:42,KH354631210,SP3217
WC702221,2025-06-28 23:39,KH624712635,SP3006
WC702222,2025-06-28 23:40,KH811314729,SP3241
WC702223,2025-06-29 01:26, KH301942498,SP3091
WC702224,2025-06-29 01:42,kh849865173,SP3330
WC702225,2025-06-29 02:47,KH877185210,SP3320
WC702226,2025-06-29 05:36,kh592283801,SP3188
WC702227,2025-06-29 06:16,KH642618071,SP3219
WC702228,2025-06-29 07:29,KH757997404,SP3214
WC702229,2025-06-29 07:39,KH289554215,SP3198
WC702230,2025-06-29 08:50,KH793815811,SP3126
WC702231,2025-06-29 09:14,KH528323615,SP3297
WC702232,2025-06-29 09:16,kh367331985,SP3331
WC702233,2025-06-29 09:28,KH327327302,SP3317
WC702234,2025-06-29 09:34,kh793070249,SP3028
WC702235,2025-06-29 09:42,KH822313792,SP3254
WC702236,2025-06-29 11:21,KH202236865,SP3356
WC702237,2025-06-29 13:26,KH488130049,SP3069
WC702238,2025-06-29 13:37, KH903641363,SP3158
WC702239,2025-06-29 13:51,kh293186433,SP3181
WC702240,2025-06-29 14:32,KH-756213712,SP3072
WC702241,2025-06-29 15:07,KH354631210,SP3068
WC702242,2025-06-29 15:52,KH162920203,SP3099
WC702243,2025-06-29 16:05,KH648011895,SP3326
WC702244,2025-06-29 18:48,KH352315840,SP3337
WC702245,2025-06-29 18:49, KH999931062,SP3056
WC702246,2025-06-29 19:37,KH717218209,SP3121
WC702247,2025-06-29 23:37,KH241482228,SP3180
WC702248,2025-06-29 23:49,KH235309696,SP3019
WC702249,2025-06-30 00:37,KH-443103292,SP3219
WC702250,2025-06-30 02:09,KH172043987,SP3207
WC702251,2025-06-30 02:36,KH974081976,SP3092
WC702252,2025-06-30 03:17,KH201141833,SP3151
WC702253,2025-06-30 03:18, KH257769618,SP3265
WC702254,2025-06-30 04:45,KH362456659,SP3154
WC702255,2025-06-30 08:01, KH209640905,SP3146
WC702256,2025-06-30 08:16,KH704599905,SP3177
WC702257,2025-06-30 08:46,KH730800986,SP3139
WC702258,2025-06-30 10:36,KH998888706,SP3308
WC702259,2025-06-30 10:37,KH774671755,SP3082
WC702260,2025-06-30 11:13,KH662523268,SP3120
WC702261,2025-06-30 11:19,KH502445187,SP3225
WC702262,2025-06-30 11:51, KH290862247,SP3168
WC702263,2025-06-30 11:52,kh929501792,SP3280
WC702264,2025-06-30 11:57,KH159833977,SP3343
WC702265,2025-06-30 11:59,KH837670726,SP3012
WC702266,2025-06-30 12:12,KH306802522,SP3175
WC702267,2025-06-30 12:34,KH347404396,SP3143
WC702268,2025-06-30 12:42,KH270238293,SP3279
WC702269,2025-06-30 12:52,KH310833403,SP3205
WC702270,2025-06-30 13:38,kh658812741,SP3172
WC702271,2025-06-30 14:54,KH686122934,SP3112
WC702272,2025-06-30 15:26,kh186410401,SP3291
WC702273,2025-06-30 16:13,KH935570347,SP3176
WC702274,2025-06-30 17:10,kh453099236,SP3209
WC702275,2025-06-30 17:11,KH103330873,SP3362
WC702276,2025-06-30 17:40,KH700905797,SP3164
WC702277,2025-06-30 18:16,KH700928198,SP3121
WC702278,2025-06-30 19:30,KH-311607978,SP3016
WC702279,2025-06-30 19:43,KH317624281,SP3285
WC702280,2025-06-30 20:18,KH605240096,SP3176
WC702281,2025-06-30 22:16,kh257150370,SP3366
WC702282,2025-06-30 23:59,KH493756315,SP3187
WC702283,2025-07-01 00:37,KH-245492021,SP3175
WC702284,2025-07-01 01:55,KH253428576,SP3222
WC702285,2025-07-01 02:19,KH712836607,SP3188
WC702286,2025-07-01 02:28, KH531218237,SP3352
WC702287,2025-07-01 03:17,KH841292633,SP3123
WC702288,2025-07-01 04:12,KH680881206,SP3190
WC702289,2025-07-01 05:08,KH955695098,SP3331
WC702290,2025-07-01 05:39,kh638271656,SP3349
WC702291,2025-07-01 06:40,KH-107787332,SP3326
WC702292,2025-07-01 07:05,kh928840195,SP3350
WC702293,2025-07-01 07:35,KH553610734,SP3247
WC702294,2025-07-01 07:40,KH200404236,SP3180
WC702295,2025-07-01 08:04,KH-950809083,SP3293
WC702296,2025-07-01 09:35, KH285898236,SP3016
WC702297,2025-07-01 10:58,KH937075340,SP3320
WC702298,2025-07-01 11:21,KH711065217,SP3347
WC702299,2025-07-01 12:14,KH609153967,SP3280
WC702300,2025-07-01 14:47,KH545449107,SP3097
WC702301,2025-07-01 17:50, KH813254124,SP3281
WC702302,2025-07-01 18:18,KH712751545,SP3110
WC702303,2025-07-01 18:34,KH107391536,SP3189
WC702304,2025-07-01 19:02,KH470367794,SP3219
WC702305,2025-07-01 19:29,KH918587738,SP3091
WC702306,2025-07-01 20:06,KH-322098083,SP3164
WC702307,2025-07-01 20:12,KH433183423,SP3339
WC702308,2025-07-01 21:49,kh793802062,SP3263
WC702309,2025-07-01 21:58, KH264076632,SP3209
WC702310,2025-07-02 05:34, KH582721431,SP3330
WC702311,2025-07-02 06:02,KH160417072,SP3351
WC702312,2025-07-02 07:07,KH537825772,SP3130
WC702313,2025-07-02 10:31,KH283046233,SP3257
WC702314,2025-07-02 11:19,kh425200317,SP3040
WC702315,2025-07-02 11:52,KH809214774,SP3128
WC702316,2025-07-02 12:16,KH551000537,SP3198
WC702317,2025-07-02 12:44,kh103963811,SP3133
WC702318,2025-07-02 13:35,KH233821797,SP3378
WC702319,2025-07-02 13:43,KH829174983,SP3362
WC702320,2025-07-02 14:06,KH470916803,SP3146
WC702321,2025-07-02 14:09,KH694778035,SP3063
WC702322,2025-07-02 14:47,KH598618927,SP3006
WC702323,2025-07-02 16:41,KH178007273,SP3292
WC702324,2025-07-02 17:44, KH689040801,SP3314
WC702325,2025-07-02 19:31,KH552438887,SP3096
WC702326,2025-07-02 19:46,KH192668486,SP3201
WC702327,2025-07-02 19:49,KH-428751644,SP3166
WC702328,2025-07-02 21:42,kh534217348,SP3061
WC702329,2025-07-02 21:57,KH172244856,SP3220
WC702330,2025-07-03 00:58,KH626021778,SP3098
WC702331,2025-07-03 02:30,KH111900669,SP3148
WC702332,2025-07-03 02:30, KH822658793,SP3034
WC702333,2025-07-03 02:30,KH866799439,SP3207
WC702334,2025-07-03 02:46,KH757113940,SP3279
WC702335,2025-07-03 03:43,KH305597680,SP3051
WC702336,2025-07-03 03:48,KH335192202,SP3324
WC702337,2025-07-03 05:00,KH225873358,SP3121
WC702338,2025-07-03 05:03,KH839342588,SP3135
WC702339,2025-07-03 05:07,KH593494188,SP3293
WC702340,2025-07-03 05:08,KH457717057,SP3349
WC702341,2025-07-03 05:31,KH201018882,SP3175
WC702342,2025-07-03 07:46,KH728270164,SP3374
WC702344,2025-07-03 10:54,KH349721877,SP3250
WC702343,2025-07-03 10:54,KH415375781,SP3132
WC702345,2025-07-03 15:27,KH781667741,SP3328
WC702346,2025-07-03 15:45,KH646939893,SP3272
WC702347,2025-07-03 15:47,KH398797098,SP3273
WC702348,2025-07-03 17:19,KH853465662,SP3078
WC702349,2025-07-03 17:59,KH114332156,SP3213
WC702350,2025-07-03 18:10,kh246249204,SP3028
WC702351,2025-07-03 21:04,KH-473857851,SP3141
WC702352,2025-07-03 21:55,KH513938519,SP3193
WC702353,2025-07-03 22:31,KH156451294,SP3138
WC702354,2025-07-03 22:33,KH889041072,SP3263
WC702355,2025-07-03 23:35,KH280042515,SP3133
WC702356,2025-07-03 23:43,KH119751586,SP3133
WC702357,2025-07-04 00:30,KH238346289,SP3132
WC702358,2025-07-04 00:46,KH636578209,SP3103
WC702359,2025-07-04 01:13,KH491280894,SP3071
WC702360,2025-07-04 02:44,kh197602247,SP3348
WC702361,2025-07-04 03:58,KH497427225,SP3326
WC702362,2025-07-04 05:07,KH241383404,SP3053
WC702363,2025-07-04 05:10,KH231679709,SP3254
WC702364,2025-07-04 05:22, KH340798924,SP3355
WC702365,2025-07-04 06:48,KH570811713,SP3275
WC702366,2025-07-04 08:51,KH-230964267,SP3020
WC702367,2025-07-04 10:22,KH959417328,SP3036
WC702368,2025-07-04 11:59,kh615720725,SP3343
WC702369,2025-07-04 12:52,KH531657993,SP3340
WC702370,2025-07-04 12:55,KH677148598,SP3201
WC702371,2025-07-04 14:54,KH-349661688,SP3171
WC702372,2025-07-04 15:42,KH553610734,SP3279
WC702373,2025-07-04 16:32,KH632719030,SP3238
WC702374,2025-07-04 16:58,kh118747642,SP3222
WC702375,2025-07-04 18:31,KH177403268,SP3097
WC702376,2025-07-04 18:31,KH-121376918,SP3292
WC702377,2025-07-04 19:05,KH446491047,SP3265
WC702378,2025-07-04 19:48,KH571228648,SP3228
WC702379,2025-07-04 20:23,KH580472342,SP3209
WC702380,2025-07-04 20:57,KH498108706,SP3084
WC702381,2025-07-04 21:01, KH721048441,SP3137
WC702382,2025-07-04 21:05,KH554686444,SP3142
WC702383,2025-07-04 22:03, KH490712157,SP3079
WC702384,2025-07-04 22:41,KH252202758,SP3220
WC702385,2025-07-04 23:11,KH369121407,SP3075
WC702386,2025-07-05 00:45,KH546752314,SP3246
WC702387,2025-07-05 02:47,KH822037140,SP3065
WC702388,2025-07-05 03:35, KH436336711,SP3181
WC702389,2025-07-05 05:43,KH218359445,SP3379
WC702390,2025-07-05 06:01,KH376711890,SP3005
WC702391,2025-07-05 06:04,KH250461630,SP3127
WC702392,2025-07-05 07:28,KH664201236,SP3077
WC702393,2025-07-05 07:53, KH611700055,SP3325
WC702394,2025-07-05 10:01,KH-397099202,SP3038
WC702395,2025-07-05 10:31,KH514798397,SP3335
WC702396,2025-07-05 11:09,KH383335943,SP3077
WC702397,2025-07-05 11:25,KH-489977283,SP3329
WC702398,2025-07-05 11:36,KH970753811,SP3182
WC702399,2025-07-05 13:03,KH623276184,SP3040
WC702400,2025-07-05 15:06,KH111651039,SP3101
WC702401,2025-07-05 15:36,KH650637683,SP3331
WC702402,2025-07-05 15:38,KH275207323,SP3088
WC702403,2025-07-05 19:14,KH187943483,SP3070
WC702404,2025-07-05 19:23,KH101877257,SP3015
WC702405,2025-07-05 19:39,KH805602342,SP3199
WC702406,2025-07-05 20:06,kh844457017,SP3185
WC702407,2025-07-05 22:13, KH566052715,SP3356
WC702408,2025-07-06 00:00,KH513364377,SP3182
WC702409,2025-07-06 00:51,KH960417485,SP3035
WC702410,2025-07-06 01:29,KH886351667,SP3137
WC702411,2025-07-06 01:46,KH265825004,SP3274
WC702412,2025-07-06 02:10,KH453630685,SP3116
WC702413,2025-07-06 02:56,kh707953591,SP3222
WC702414,2025-07-06 03:24,KH116070509,SP3081
WC702415,2025-07-06 04:54,KH150808327,SP3138
WC702416,2025-07-06 05:26,KH170784628,SP3124
WC702417,2025-07-06 05:40,KH182595772,SP3028
WC702418,2025-07-06 06:01,KH715388399,SP3083
WC702419,2025-07-06 09:11,KH-389457354,SP3284
WC702420,2025-07-06 11:20,KH364278391,SP3053
WC702421,2025-07-06 13:08,KH577739719,SP3271
WC702422,2025-07-06 13:30,KH-940254288,SP3034
WC702423,2025-07-06 14:09,KH997579593,SP3159
WC702424,2025-07-06 16:05,KH700348247,SP3277
WC702425,2025-07-06 17:16,KH154548185,SP3285
WC702426,2025-07-06 18:01,KH-974867206,SP3279
WC702427,2025-07-06 19:13, KH246996757,SP3075
WC702428,2025-07-06 19:18,KH510591636,SP3130
WC702429,2025-07-06 19:57,KH658109155,SP3372
WC702430,2025-07-06 20:07,KH500194838,SP3096
WC702431,2025-07-06 20:30,KH758261811,SP3117
WC702433,2025-07-06 23:00,KH-170784628,SP3144
WC702432,2025-07-06 23:00,KH731788326,SP3133
WC702434,2025-07-06 23:35,KH-715443378,SP3095
WC702435,2025-07-06 23:55,kh137206077,SP3102
WC702436,2025-07-07 00:39,KH799991337,SP3364
WC702437,2025-07-07 01:39,KH857538513,SP3008
WC702438,2025-07-07 03:08,KH209425338,SP3200
WC702439,2025-07-07 05:38,KH988107010,SP3120
WC702440,2025-07-07 06:01,KH414863091,SP3303
WC702441,2025-07-07 06:04,KH158350721,SP3173
WC702442,2025-07-07 06:11,KH110429862,SP3314
WC702443,2025-07-07 07:21,KH603839728,SP3327
WC702444,2025-07-07 07:27,KH258494649,SP3199
WC702445,2025-07-07 07:59,KH825458271,SP3055
WC702446,2025-07-07 11:51,KH165901539,SP3279
WC702447,2025-07-07 12:13,KH420350774,SP3297
WC702448,2025-07-07 12:42,KH201713402,SP3309
WC702449,2025-07-07 12:43,KH-912580664,SP3106
WC702450,2025-07-07 13:24,kh501066769,SP3333
WC702451,2025-07-07 14:35,KH604395250,SP3109
WC702452,2025-07-07 15:41, KH282550801,SP3159
WC702453,2025-07-07 16:51,KH-319773857,SP3012
WC702454,2025-07-07 17:04,KH293008165,SP3060
WC702455,2025-07-07 18:00,KH792086545,SP3083
WC702456,2025-07-07 18:25,KH807665742,SP3235
WC702457,2025-07-07 18:35,kh307202435,SP3111
WC702458,2025-07-07 19:14,KH-893270737,SP3363
WC702459,2025-07-07 19:19,KH886790660,SP3291
WC702460,2025-07-07 19:40,KH329078853,SP3111
WC702461,2025-07-07 19:56,KH-717184857,SP3096
WC702462,2025-07-07 19:59,KH485977118,SP3030
WC702463,2025-07-07 20:24,kh835240078,SP3365
WC702464,2025-07-07 21:21,KH870205642,SP3151
WC702465,2025-07-07 21:50,kh904956733,SP3212
WC702466,2025-07-07 21:53,kh777233115,SP3126
WC702467,2025-07-07 22:28,KH588756701,SP3196
WC702468,2025-07-07 22:31,KH696728850,SP3259
WC702469,2025-07-07 22:36,kh203804155,SP3359
WC702470,2025-07-07 23:43,KH516616240,SP3034
WC702471,2025-07-08 01:48,KH120869156,SP3308
WC702472,2025-07-08 02:13,KH409944363,SP3337
WC702473,2025-07-08 02:15,KH108362650,SP3081
WC702474,2025-07-08 03:24,KH-122828180,SP3006
WC702475,2025-07-08 05:27,KH838233744,SP3339
WC702476,2025-07-08 06:46,KH388218384,SP3008
WC702477,2025-07-08 06:54, KH650579721,SP3335
WC702478,2025-07-08 07:12,KH331965054,SP3019
WC702479,2025-07-08 08:08,KH658812741,SP3213
WC702480,2025-07-08 08:30,KH558300744,SP3017
WC702481,2025-07-08 09:20, KH375662639,SP3271
WC702482,2025-07-08 10:46,KH865426984,SP3002
WC702483,2025-07-08 11:03,KH192463003,SP3325
WC702484,2025-07-08 11:38,KH403548367,SP3349
WC702485,2025-07-08 12:36, KH354343931,SP3317
WC702486,2025-07-08 13:57,KH609153967,SP3361
WC702487,2025-07-08 16:02, KH404866524,SP3242
WC702488,2025-07-08 16:44,KH-984028541,SP3205
WC702489,2025-07-08 18:48,KH796156139,SP3128
WC702490,2025-07-08 19:23,KH910092612,SP3020
WC702491,2025-07-08 19:46,KH476182085,SP3378
WC702492,2025-07-08 22:11,KH802587236,SP3323
WC702493,2025-07-08 22:45,KH957054257,SP3336
WC702494,2025-07-08 23:16,KH284183341,SP3148
WC702495,2025-07-09 00:44,KH676142155,SP3016
WC702496,2025-07-09 00:57,KH918629657,SP3197
WC702497,2025-07-09 03:29,kh760019192,SP3019
WC702498,2025-07-09 04:46,KH856222489,SP3310
WC702499,2025-07-09 06:53,KH293008165,SP3348
WC702500,2025-07-09 06:54, KH137206077,SP3323
WC702501,2025-07-09 09:31,KH504316660,SP3099
WC702502,2025-07-09 10:00,KH720201246,SP3098
WC702503,2025-07-09 10:19,kh662573314,SP3043
WC702504,2025-07-09 10:33,KH826521338,SP3218
WC702505,2025-07-09 12:39,KH197750108,SP3144
WC702506,2025-07-09 13:37,KH604584645,SP3242
WC702507,2025-07-09 15:51,KH-565592399,SP3338
WC702508,2025-07-09 17:27,KH236749554,SP3151
WC702509,2025-07-09 17:40,KH797224193,SP3185
WC702510,2025-07-09 18:18,KH-318545080,SP3122
WC702511,2025-07-09 18:43,KH674384004,SP3260
WC702512,2025-07-09 19:10,KH917372062,SP3116
WC702513,2025-07-09 20:06,KH555299727,SP3322
WC702514,2025-07-09 20:39,KH901542473,SP3242
WC702515,2025-07-09 20:47,KH954696260,SP3157
WC702516,2025-07-09 20:55,KH611546545,SP3362
WC702517,2025-07-09 21:29,KH359190211,SP3364
WC702518,2025-07-10 01:11,KH354410215,SP3161
WC702519,2025-07-10 01:57,KH-112518983,SP3126
WC702520,2025-07-10 02:01,KH821206314,SP3377
WC702521,2025-07-10 02:47,KH192075476,SP3339
WC702522,2025-07-10 03:28,kh314740645,SP3277
WC702523,2025-07-10 04:07,kh194649958,SP3155
WC702524,2025-07-10 06:31,KH585266878,SP3372
WC702525,2025-07-10 07:33,KH775135622,SP3182
WC702526,2025-07-10 08:19,KH830183315,SP3192
WC702527,2025-07-10 10:18,KH230455651,SP3219
WC702528,2025-07-10 10:55,KH289824831,SP3337
WC702529,2025-07-10 10:58,KH493861138,SP3072
WC702530,2025-07-10 11:09,KH717711275,SP3097
WC702531,2025-07-10 12:13,KH395180108,SP3217
WC702532,2025-07-10 12:45,KH236180152,SP3202
WC702533,2025-07-10 13:10,KH189279000,SP3323
WC702534,2025-07-10 13:23,KH792012180,SP3253
WC702535,2025-07-10 13:42,KH304844825,SP3379
WC702536,2025-07-10 15:11,KH127592500,SP3199
WC702537,2025-07-10 17:40,KH853465662,SP3219
WC702538,2025-07-10 18:19,KH570917750,SP3356
WC702539,2025-07-10 19:27,kh293175723,SP3176
WC702540,2025-07-10 19:34,KH800624371,SP3193
WC702541,2025-07-10 22:15,KH272638525,SP3365
WC702542,2025-07-10 23:15,KH713397532,SP3042
WC702543,2025-07-11 01:24,KH801695240,SP3161
WC702544,2025-07-11 02:30,kh534700775,SP3280
WC702545,2025-07-11 04:17,KH949132993,SP3275
WC702546,2025-07-11 04:30,KH421955784,SP3196
WC702547,2025-07-11 08:01,KH956511901,SP3334
WC702548,2025-07-11 08:06,KH950809083,SP3291
WC702549,2025-07-11 09:09,kh458299898,SP3177
WC702550,2025-07-11 10:18,KH-484489788,SP3214
WC702551,2025-07-11 11:03,KH990641104,SP3366
WC702552,2025-07-11 11:26,KH903664136,SP3370
WC702553,2025-07-11 11:36,KH778388535,SP3292
WC702554,2025-07-11 11:50,KH212359179,SP3363
WC702555,2025-07-11 12:03,KH588671337,SP3171
WC702556,2025-07-11 12:26,KH380357548,SP3004
WC702557,2025-07-11 12:46,KH550198400,SP3288
WC702558,2025-07-11 13:04, KH987780404,SP3212
WC702559,2025-07-11 13:36,KH511263889,SP3228
WC702560,2025-07-11 13:42,KH493970886,SP3038
WC702561,2025-07-11 14:09,KH725155688,SP3154
WC702562,2025-07-11 14:38,KH789063296,SP3355
WC702563,2025-07-11 16:03,KH754771753,SP3132
WC702564,2025-07-11 17:21,KH347230077,SP3005
WC702565,2025-07-11 17:37,KH476815766,SP3008
WC702567,2025-07-11 18:09,kh367145304,SP3277
WC702566,2025-07-11 18:09,KH288190698,SP3190
WC702568,2025-07-11 18:55,kh707524066,SP3072
WC702569,2025-07-11 21:13,KH531874451,SP3083
WC702570,2025-07-11 22:45,KH905463213,SP3331
WC702571,2025-07-12 00:32, KH224814464,SP3146
WC702572,2025-07-12 03:58, KH507091035,SP3242
WC702573,2025-07-12 05:09,KH157677708,SP3330
WC702574,2025-07-12 05:46,KH-462923606,SP3053
WC702575,2025-07-12 08:25,KH101877257,SP3076
WC702576,2025-07-12 08:27,KH354399804,SP3119
WC702577,2025-07-12 08:36,KH998873697,SP3179
WC702578,2025-07-12 09:19,KH255262291,SP3372
WC702579,2025-07-12 09:25,kh477924197,SP3339
WC702580,2025-07-12 10:24,KH495582173,SP3214
WC702581,2025-07-12 12:11,KH272744170,SP3072
WC702582,2025-07-12 14:27,KH791054810,SP3043
WC702583,2025-07-12 16:57,KH519699010,SP3255
WC702584,2025-07-12 18:22,KH742305594,SP3334
WC702585,2025-07-12 18:30,KH833475144,SP3358
WC702586,2025-07-12 22:58,KH991699668,SP3034
WC702587,2025-07-12 23:22,KH368727205,SP3015
WC702588,2025-07-12 23:25,KH180490960,SP3073
WC702589,2025-07-13 00:14,kh324598815,SP3240
WC702590,2025-07-13 02:02,KH253262226,SP3038
WC702591,2025-07-13 03:08,kh528577262,SP3142
WC702592,2025-07-13 03:56,kh237000715,SP3358
WC702593,2025-07-13 06:29,KH212852921,SP3376
WC702594,2025-07-13 09:07,kh404319063,SP3001
WC702595,2025-07-13 10:20,KH-457894021,SP3306
WC702596,2025-07-13 11:26,KH927011541,SP3213
WC702597,2025-07-13 12:08,KH555679141,SP3276
WC702598,2025-07-13 12:28,KH516047663,SP3141
WC702599,2025-07-13 12:54,KH-900357723,SP3130
WC702600,2025-07-13 13:52, KH774293972,SP3260
WC702601,2025-07-13 16:42,KH221948576,SP3116
WC702602,2025-07-13 17:39,KH546414853,SP3138
WC702603,2025-07-13 18:06,KH-418414666,SP3282
WC702604,2025-07-13 18:27,KH149981262,SP3227
WC702605,2025-07-13 20:32,KH274660273,SP3104
WC702606,2025-07-13 21:27,KH625627252,SP3169
WC702607,2025-07-13 22:15,KH351046344,SP3291
WC702608,2025-07-14 00:31, KH545312829,SP3320
WC702609,2025-07-14 01:01,kh401599217,SP3089
WC702610,2025-07-14 02:52,KH956554506,SP3029
WC702611,2025-07-14 03:00, KH350275687,SP3298
WC702612,2025-07-14 04:28,KH512433737,SP3323
WC702613,2025-07-14 04:41,KH421955784,SP3092
WC702614,2025-07-14 04:59,KH415463217,SP3355
WC702615,2025-07-14 05:48,KH700247642,SP3084
WC702616,2025-07-14 06:20,KH103870569,SP3368
WC702617,2025-07-14 06:28,KH961969283,SP3273
WC702618,2025-07-14 07:52,KH628287744,SP3071
WC702619,2025-07-14 08:03,kh872620936,SP3187
WC702620,2025-07-14 08:53,kh877260071,SP3258
WC702621,2025-07-14 10:07,KH388139060,SP3092
WC702622,2025-07-14 10:12,KH-713644276,SP3331
WC702623,2025-07-14 10:16,KH-150992132,SP3049
WC702624,2025-07-14 11:33,KH668309820,SP3290
WC702625,2025-07-14 13:01,KH907936873,SP3293
WC702626,2025-07-14 14:29,KH259891959,SP3161
WC702627,2025-07-14 16:19,KH290730462,SP3200
WC702628,2025-07-14 17:11,KH607762114,SP3140
WC702629,2025-07-14 17:16,KH659234069,SP3180
WC702630,2025-07-14 17:54,KH620517394,SP3335
WC702631,2025-07-14 20:02,KH927897524,SP3068
WC702632,2025-07-14 20:24,KH126013483,SP3165
WC702633,2025-07-14 20:42,KH349339940,SP3040
WC702634,2025-07-14 20:59,KH884207677,SP3372
WC702635,2025-07-14 21:18, KH653313398,SP3333
WC702636,2025-07-14 23:08,KH496586545,SP3209
WC702637,2025-07-15 00:22,KH600962485,SP3164
WC702638,2025-07-15 00:26,KH935035075,SP3102
WC702639,2025-07-15 01:33,KH418636804,SP3061
WC702640,2025-07-15 02:31,KH362661164,SP3120
WC702641,2025-07-15 02:44, KH843161606,SP3351
WC702642,2025-07-15 02:52,KH330454127,SP3176
WC702643,2025-07-15 03:46,KH729967909,SP3278
WC702644,2025-07-15 05:46,KH397370065,SP3314
WC702645,2025-07-15 07:41,KH107788906,SP3310
WC702646,2025-07-15 09:15, KH334964733,SP3322
WC702647,2025-07-15 09:34,kh757478862,SP3354
WC702648,2025-07-15 10:44,KH291510850,SP3244
WC702649,2025-07-15 11:41,KH822615088,SP3309
WC702650,2025-07-15 11:44,KH271679908,SP3308
WC702651,2025-07-15 11:51,kh525440304,SP3321
WC702652,2025-07-15 13:45,KH896514722,SP3328
WC702653,2025-07-15 15:45,KH832627819,SP3078
WC702654,2025-07-15 16:41,KH471562535,SP3179
WC702655,2025-07-15 17:34,KH919262245,SP3169
WC702656,2025-07-15 18:30,KH944771890,SP3262
WC702657,2025-07-15 18:49,KH183452251,SP3021
WC702658,2025-07-15 18:58,KH314344237,SP3362
WC702659,2025-07-15 19:09,KH180971993,SP3161
WC702660,2025-07-15 19:46,KH881339119,SP3259
WC702661,2025-07-15 22:23,kh759506093,SP3212
WC702662,2025-07-15 22:46,KH125910885,SP3159
WC702663,2025-07-15 23:13,KH-354631210,SP3110
WC702664,2025-07-16 02:38,kh862518912,SP3181
WC702665,2025-07-16 02:43,kh295694295,SP3268
WC702666,2025-07-16 03:59,KH162954302,SP3016
WC702667,2025-07-16 04:15,KH154752791,SP3200
WC702668,2025-07-16 04:29,KH121174409,SP3377
WC702669,2025-07-16 04:41,KH153155510,SP3199
WC702670,2025-07-16 07:53, KH600263414,SP3336
WC702671,2025-07-16 08:54,KH602537918,SP3301
WC702672,2025-07-16 09:24,KH274900290,SP3067
WC702673,2025-07-16 10:26,KH441475564,SP3141
WC702675,2025-07-16 10:33,KH-411609163,SP3299
WC702674,2025-07-16 10:33,kh630691926,SP3128
WC702676,2025-07-16 11:10,kh999866645,SP3201
WC702677,2025-07-16 13:08,KH216389870,SP3291
WC702678,2025-07-16 13:20,kh274172039,SP3362
WC702679,2025-07-16 13:57,KH-616076682,SP3078
WC702680,2025-07-16 14:16,KH825801467,SP3285
WC702681,2025-07-16 14:46,KH521496488,SP3005
WC702682,2025-07-16 15:20,KH712068478,SP3086
WC702683,2025-07-16 16:16,KH534736614,SP3159
WC702684,2025-07-16 16:20,KH798897808,SP3366
WC702685,2025-07-16 16:41,KH614023683,SP3106
WC702686,2025-07-16 17:31, KH850213365,SP3247
WC702687,2025-07-16 18:58,KH568741282,SP3051
WC702688,2025-07-16 20:35,KH192463003,SP3110
WC702689,2025-07-16 20:55,KH208791171,SP3180
WC702690,2025-07-16 21:27,KH610435414,SP3327
WC702691,2025-07-16 22:33,kh596682529,SP3093
WC702692,2025-07-16 22:49,KH262296826,SP3260
WC702693,2025-07-17 01:40,KH-202279321,SP3179
WC702694,2025-07-17 02:53,KH702381631,SP3177
WC702695,2025-07-17 05:43,KH632425729,SP3211
WC702696,2025-07-17 05:48,KH847077812,SP3278
WC702697,2025-07-17 07:02,KH474581394,SP3171
WC702698,2025-07-17 07:13,KH703439101,SP3242
WC702699,2025-07-17 08:39,KH513021646,SP3145
WC702700,2025-07-17 08:47,KH564097477,SP3146
WC702701,2025-07-17 09:11,KH-703025906,SP3211
WC702702,2025-07-17 09:29,KH649909237,SP3217
WC702703,2025-07-17 10:25,KH273299005,SP3345
WC702704,2025-07-17 10:34,KH615800251,SP3181
WC702705,2025-07-17 11:54,KH117826607,SP3175
WC702706,2025-07-17 13:51,KH105308518,SP3116
WC702707,2025-07-17 14:51,KH990934708,SP3076
WC702708,2025-07-17 14:53,KH992048064,SP3293
WC702709,2025-07-17 15:35, KH544595493,SP3046
WC702710,2025-07-17 16:08,KH683825333,SP3121
WC702711,2025-07-17 17:50,KH-628889005,SP3368
WC702712,2025-07-17 22:30,KH152995705,SP3147
WC702713,2025-07-17 22:47,KH849708186,SP3063
WC702714,2025-07-17 23:13,KH484333269,SP3162
WC702715,2025-07-18 00:27,kh180732699,SP3308
WC702716,2025-07-18 01:32, KH715444539,SP3209
WC702717,2025-07-18 01:56,KH278437118,SP3003
WC702718,2025-07-18 02:42,KH208635424,SP3080
WC702719,2025-07-18 02:52,KH461355043,SP3049
WC702720,2025-07-18 03:03,KH167425761,SP3139
WC702721,2025-07-18 04:00,KH623381109,SP3218
WC702722,2025-07-18 05:48,KH354236377,SP3015
WC702723,2025-07-18 05:51, KH252975992,SP3061
WC702724,2025-07-18 06:25,KH-854623808,SP3097
WC702725,2025-07-18 06:48,KH686437365,SP3258
WC702726,2025-07-18 06:57,KH819863398,SP3354
WC702727,2025-07-18 07:15,KH-389346554,SP3069
WC702728,2025-07-18 07:35,KH532464837,SP3124
WC702729,2025-07-18 07:43,kh687504699,SP3103
WC702730,2025-07-18 07:50,KH610031879,SP3193
WC702731,2025-07-18 08:48,kh447040720,SP3265
WC702732,2025-07-18 09:15,kh854003066,SP3342
WC702733,2025-07-18 09:31,KH189734622,SP3106
WC702734,2025-07-18 10:20,KH529247982,SP3102
WC702735,2025-07-18 11:18,kh808470059,SP3034
WC702736,2025-07-18 12:06, KH184955117,SP3358
WC702737,2025-07-18 14:13, KH956693418,SP3145
WC702738,2025-07-18 15:15,KH640471652,SP3002
WC702739,2025-07-18 15:31,KH124701810,SP3263
WC702740,2025-07-18 16:29,kh619705724,SP3022
WC702741,2025-07-18 16:38, KH485977118,SP3266
WC702742,2025-07-18 19:14,kh273434306,SP3190
WC702743,2025-07-18 22:26, KH757727514,SP3360
WC702744,2025-07-18 23:14,KH-801149961,SP3012
WC702745,2025-07-18 23:58,KH239692124,SP3278
WC702746,2025-07-19 00:09,KH933964259,SP3012
WC702747,2025-07-19 00:29,KH532882229,SP3354
WC702748,2025-07-19 00:54,KH577399438,SP3018
WC702749,2025-07-19 02:23,KH406254965,SP3255
WC702750,2025-07-19 02:27, KH155910304,SP3101
WC702751,2025-07-19 02:54, KH198929217,SP3290
WC702752,2025-07-19 03:40,KH212047723,SP3370
WC702753,2025-07-19 04:05,KH956554506,SP3298
WC702754,2025-07-19 05:50,KH399699270,SP3166
WC702755,2025-07-19 06:16,KH197873268,SP3140
WC702756,2025-07-19 06:25,KH462909097,SP3086
WC702757,2025-07-19 07:00,kh865157450,SP3087
WC702758,2025-07-19 08:29,KH978516059,SP3016
WC702759,2025-07-19 09:19,KH382101027,SP3211
WC702760,2025-07-19 09:38,KH151004189,SP3345
WC702761,2025-07-19 10:34, KH708734430,SP3292
WC702762,2025-07-19 11:07,KH606335875,SP3206
WC702763,2025-07-19 13:06,KH528826152,SP3293
WC702764,2025-07-19 14:00,KH527800322,SP3167
WC702765,2025-07-19 17:24,KH-589931839,SP3093
WC702766,2025-07-19 18:25, KH676962448,SP3268
WC702767,2025-07-19 19:26,KH224093090,SP3102
WC702768,2025-07-19 19:43,KH-493219288,SP3211
WC702769,2025-07-19 20:26,KH762280576,SP3112
WC702770,2025-07-19 21:47,KH935654592,SP3002
WC702771,2025-07-19 21:47,KH735998426,SP3001
WC702772,2025-07-19 22:37,KH194649958,SP3354
WC702773,2025-07-19 23:08, KH117532253,SP3057
WC702774,2025-07-20 00:06,KH658812741,SP3285
WC702775,2025-07-20 03:02, KH200614947,SP3128
WC702776,2025-07-20 03:23,kh738793748,SP3002
WC702777,2025-07-20 04:10,kh447745938,SP3018
WC702778,2025-07-20 07:08,KH487122487,SP3075
WC702779,2025-07-20 07:42,KH-346794765,SP3261
WC702780,2025-07-20 08:45,KH570811713,SP3140
WC702781,2025-07-20 09:53,KH281593836,SP3217
WC702782,2025-07-20 10:10,kh732846276,SP3001
WC702783,2025-07-20 11:36,KH841670796,SP3299
WC702784,2025-07-20 11:49, KH499260406,SP3057
WC702785,2025-07-20 12:35, KH692639299,SP3200
WC702786,2025-07-20 13:13, KH240204724,SP3210
WC702787,2025-07-20 14:49,KH997353864,SP3209
WC702788,2025-07-20 15:28,KH975858237,SP3124
WC702789,2025-07-20 15:33,KH157743965,SP3164
WC702790,2025-07-20 15:51,KH-314702299,SP3046
WC702791,2025-07-20 16:54,KH410021904,SP3152
WC702792,2025-07-20 17:25,kh140528740,SP3317
WC702793,2025-07-20 17:52,KH346809355,SP3013
WC702794,2025-07-20 19:34,KH809214774,SP3199
WC702795,2025-07-20 20:25,KH813249389,SP3190
WC702796,2025-07-20 21:27,KH724065478,SP3279
WC702797,2025-07-20 23:20,KH769722018,SP3373
WC702798,2025-07-20 23:20,kh166501707,SP3288
WC702799,2025-07-20 23:25,KH987363743,SP3246
WC702800,2025-07-21 00:45,KH378349131,SP3019
WC702801,2025-07-21 01:29,KH901470346,SP3321
WC702802,2025-07-21 04:00,KH180615230,SP3306
WC702803,2025-07-21 04:13,KH594892581,SP3167
WC702804,2025-07-21 04:26,KH-950653494,SP3363
WC702805,2025-07-21 05:06,KH-148243290,SP3036
WC702806,2025-07-21 05:27, KH798611640,SP3289
WC702807,2025-07-21 05:36,KH-618785062,SP3078
WC702808,2025-07-21 05:40,KH281343215,SP3104
WC702809,2025-07-21 05:49,KH107097722,SP3301
WC702810,2025-07-21 06:27,KH987510608,SP3339
WC702811,2025-07-21 09:33,KH375662639,SP3356
WC702812,2025-07-21 11:54,KH319788712,SP3285
WC702813,2025-07-21 13:38, KH404319063,SP3267
WC702814,2025-07-21 14:35,KH194326644,SP3215
WC702815,2025-07-21 16:46,KH281593836,SP3222
WC702816,2025-07-21 18:09,KH129831542,SP3023
WC702818,2025-07-21 18:23,KH206728038,SP3181
WC702817,2025-07-21 18:23,KH279514592,SP3275
WC702819,2025-07-21 19:20, KH955742306,SP3264
WC702820,2025-07-21 20:55,kh644367969,SP3253
WC702821,2025-07-21 21:53,KH198929217,SP3190
WC702822,2025-07-21 22:11,KH759541214,SP3271
WC702823,2025-07-21 23:01,KH688491548,SP3110
WC702824,2025-07-21 23:43,KH466951883,SP3189
WC702825,2025-07-22 00:38,KH391926351,SP3356
WC702826,2025-07-22 02:29,KH690252409,SP3310
WC702827,2025-07-22 04:33,KH680656874,SP3026
WC702828,2025-07-22 04:41,kh131350155,SP3112
WC702829,2025-07-22 05:02,KH844488459,SP3180
WC702830,2025-07-22 05:15,KH-639920930,SP3306
WC702831,2025-07-22 05:47,KH516538024,SP3112
WC702832,2025-07-22 05:54,KH-492065319,SP3092
WC702833,2025-07-22 06:37,KH993726498,SP3293
WC702834,2025-07-22 06:50,KH983811954,SP3097
WC702835,2025-07-22 07:20,KH254448326,SP3257
WC702836,2025-07-22 07:21,KH837326989,SP3373
WC702837,2025-07-22 08:16,KH485385238,SP3345
WC702838,2025-07-22 08:49,kh499379285,SP3113
WC702839,2025-07-22 10:30,KH927889362,SP3331
WC702840,2025-07-22 10:56,KH585359873,SP3302
WC702841,2025-07-22 11:47, KH807665742,SP3098
WC702842,2025-07-22 12:22,KH144680585,SP3049
WC702843,2025-07-22 14:09,KH163936849,SP3092
WC702844,2025-07-22 14:19,KH150383884,SP3259
WC702845,2025-07-22 14:50,KH-872792158,SP3106
WC702846,2025-07-22 15:40,KH722994427,SP3079
WC702847,2025-07-22 15:49, KH859599566,SP3329
WC702848,2025-07-22 16:43,kh444711003,SP3125
WC702849,2025-07-22 18:04,KH444323313,SP3195
WC702850,2025-07-22 18:05,KH354697409,SP3083
WC702851,2025-07-22 18:30,KH-518958047,SP3158
WC702852,2025-07-22 21:31,KH178275699,SP3022
WC702853,2025-07-22 21:53,KH744443415,SP3026
WC702854,2025-07-22 23:09,KH-967962336,SP3082
WC702855,2025-07-23 01:56,KH293081580,SP3268
WC702856,2025-07-23 03:38,KH441716984,SP3303
WC702857,2025-07-23 09:49,KH-689778642,SP3146
WC702858,2025-07-23 10:33,KH-621596485,SP3071
WC702859,2025-07-23 14:54,KH447612925,SP3017
WC702860,2025-07-23 15:03,KH321066785,SP3034
WC702861,2025-07-23 16:01, KH571275997,SP3261
WC702862,2025-07-23 18:30,KH688802281,SP3299
WC702863,2025-07-23 19:06,KH172879145,SP3161
WC702864,2025-07-23 19:14,KH150854912,SP3158
WC702865,2025-07-23 19:49,kh639526681,SP3218
WC702866,2025-07-23 20:33,KH-822712107,SP3128
WC702867,2025-07-23 23:04,KH778796665,SP3367
WC702868,2025-07-23 23:34,KH822906178,SP3141
WC702869,2025-07-24 01:08,KH728015655,SP3070
WC702870,2025-07-24 02:07,KH929193075,SP3285
WC702871,2025-07-24 02:54,KH452637117,SP3169
WC702872,2025-07-24 03:30,KH399941969,SP3078
WC702873,2025-07-24 04:03,KH-328339046,SP3178
WC702874,2025-07-24 04:45,KH506247005,SP3023
WC702875,2025-07-24 04:53, KH805496208,SP3133
WC702876,2025-07-24 05:09,KH762279337,SP3241
WC702877,2025-07-24 07:25,KH408646465,SP3340
WC702878,2025-07-24 07:52,KH954288140,SP3069
WC702879,2025-07-24 09:00,KH189052084,SP3211
WC702880,2025-07-24 09:01,KH263483019,SP3290
WC702881,2025-07-24 09:41,KH735961642,SP3175
WC702882,2025-07-24 10:55,KH-350964110,SP3104
WC702883,2025-07-24 11:12,KH860309680,SP3154
WC702884,2025-07-24 11:28,KH650004986,SP3025
WC702885,2025-07-24 11:50, KH143461859,SP3193
WC702886,2025-07-24 11:57,KH604304789,SP3278
WC702887,2025-07-24 12:25,KH817016471,SP3046
WC702888,2025-07-24 13:48,KH634409298,SP3366
WC702889,2025-07-24 18:08,KH515023905,SP3016
WC702890,2025-07-24 18:14,KH646839199,SP3106
WC702891,2025-07-24 19:02,KH886731713,SP3253
WC702892,2025-07-24 22:36,KH-706109733,SP3151
WC702893,2025-07-24 22:37,kh679478121,SP3124
WC702894,2025-07-24 22:46,KH397117201,SP3040
WC702895,2025-07-24 23:27,KH467768929,SP3023
WC702896,2025-07-25 00:22,KH766316754,SP3186
WC702897,2025-07-25 02:05,KH212463382,SP3002
WC702898,2025-07-25 02:20,KH236150838,SP3332
WC702899,2025-07-25 03:04,kh884207677,SP3097
WC702900,2025-07-25 03:21,kh758046222,SP3072
WC702901,2025-07-25 03:56,KH482962600,SP3165
WC702902,2025-07-25 04:00,KH226673421,SP3258
WC702903,2025-07-25 04:14,KH825801467,SP3208
WC702904,2025-07-25 05:14,KH931507608,SP3060
WC702905,2025-07-25 05:41,KH754645547,SP3272
WC702906,2025-07-25 06:27,KH980455174,SP3116
WC702907,2025-07-25 07:18,KH542451677,SP3067
WC702908,2025-07-25 07:25,KH468649303,SP3096
WC702909,2025-07-25 07:26,KH179902601,SP3365
WC702910,2025-07-25 07:41,KH-308130491,SP3320
WC702911,2025-07-25 08:34,KH143641260,SP3030
WC702912,2025-07-25 09:32,KH220616987,SP3121
WC702913,2025-07-25 09:44,KH994394746,SP3153
WC702914,2025-07-25 10:04,KH245492021,SP3372
WC702915,2025-07-25 11:02,kh739464927,SP3026
WC702916,2025-07-25 11:46,KH507240612,SP3060
WC702917,2025-07-25 14:19,KH487311143,SP3086
WC702918,2025-07-25 14:59,KH248801506,SP3008
WC702919,2025-07-25 15:52,KH-967055021,SP3242
WC702920,2025-07-25 15:58,KH844362809,SP3274
WC702921,2025-07-25 16:28,KH655988148,SP3104
WC702922,2025-07-25 17:38,KH716327402,SP3017
WC702923,2025-07-25 18:08,KH318409723,SP3255
WC702924,2025-07-25 18:52,KH-791944350,SP3249
WC702925,2025-07-25 22:31,KH953376311,SP3296
WC702926,2025-07-25 23:43,KH371141731,SP3179
WC702927,2025-07-26 00:15,KH811431997,SP3314
WC702928,2025-07-26 01:23,KH914343625,SP3290
WC702929,2025-07-26 02:17, KH236622043,SP3291
WC702930,2025-07-26 03:34,KH612758193,SP3175
WC702931,2025-07-26 05:54,kh801338663,SP3351
WC702932,2025-07-26 06:23,kh432945944,SP3167
WC702933,2025-07-26 07:25,KH257546690,SP3362
WC702934,2025-07-26 07:31,KH531593474,SP3200
WC702935,2025-07-26 07:54,KH332626521,SP3103
WC702936,2025-07-26 09:10,KH517183806,SP3088
WC702937,2025-07-26 09:34,kh337552188,SP3276
WC702938,2025-07-26 10:07,KH677073556,SP3249
WC702939,2025-07-26 13:59,KH189416805,SP3120
WC702940,2025-07-26 14:33,KH839638736,SP3024
WC702941,2025-07-26 17:07,KH704252934,SP3180
WC702942,2025-07-26 17:16,KH636429247,SP3276
WC702943,2025-07-26 17:56,KH803312895,SP3088
WC702944,2025-07-26 18:12,kh399236356,SP3379
WC702945,2025-07-26 18:27,KH142497298,SP3185
WC702946,2025-07-26 21:13,kh108048610,SP3125
WC702947,2025-07-26 22:27,KH-708448015,SP3131
WC702948,2025-07-26 23:44,KH670535383,SP3367
WC702949,2025-07-27 00:08, KH672567958,SP3369
WC702950,2025-07-27 01:00,KH525933386,SP3155
WC702951,2025-07-27 01:46,kh787945175,SP3330
WC702952,2025-07-27 02:06,KH-207849685,SP3210
WC702953,2025-07-27 03:32, KH886696754,SP3116
WC702954,2025-07-27 04:05,KH588353990,SP3015
WC702955,2025-07-27 05:21,KH977248459,SP3026
WC702956,2025-07-27 06:09,KH182418045,SP3292
WC702957,2025-07-27 06:17,KH879217843,SP3329
WC702958,2025-07-27 06:53,KH625421019,SP3216
WC702959,2025-07-27 08:22,KH310885610,SP3110
WC702960,2025-07-27 08:24, KH405438522,SP3061
WC702961,2025-07-27 08:58,KH992048064,SP3166
WC702962,2025-07-27 09:04,KH357965051,SP3253
WC702963,2025-07-27 09:05, KH665081399,SP3111
WC702964,2025-07-27 09:58,KH229377324,SP3209
WC702965,2025-07-27 10:37,KH556161817,SP3180
WC702966,2025-07-27 14:40,KH623860367,SP3199
WC702967,2025-07-27 15:38,KH650183193,SP3006
WC702968,2025-07-27 16:30, KH106517664,SP3161
WC702969,2025-07-27 20:18,KH862630230,SP3308
WC702970,2025-07-28 00:28,KH-386409245,SP3207
WC702971,2025-07-28 01:39,KH531551603,SP3072
WC702972,2025-07-28 04:10,KH359611334,SP3216
WC702973,2025-07-28 04:24,KH278413270,SP3343
WC702974,2025-07-28 07:15,KH712471422,SP3066
WC702975,2025-07-28 07:58,KH264010411,SP3354
WC702976,2025-07-28 08:48,KH559128915,SP3241
WC702977,2025-07-28 09:12,KH778778499,SP3371
WC702978,2025-07-28 12:51,KH266932053,SP3326
WC702979,2025-07-28 13:18,KH818618008,SP3062
WC702980,2025-07-28 13:34,kh441929408,SP3279
WC702981,2025-07-28 13:40,KH697791895,SP3047
WC702982,2025-07-28 13:49,KH893325537,SP3208
WC702983,2025-07-28 14:46,KH290739060,SP3267
WC702984,2025-07-28 15:21,KH216617552,SP3351
WC702985,2025-07-28 18:39, KH944499027,SP3302
WC702986,2025-07-28 19:15,KH251522757,SP3043
WC702987,2025-07-28 19:56,kh351776650,SP3094
WC702988,2025-07-28 20:12,KH739613223,SP3131
WC702989,2025-07-28 20:36,KH761111335,SP3108
WC702990,2025-07-28 20:47,kh623533315,SP3067
WC702991,2025-07-28 20:48,kh892019622,SP3349
WC702992,2025-07-28 22:26,KH301985774,SP3122
WC702993,2025-07-28 23:04,KH-786658878,SP3121
WC702994,2025-07-28 23:18,KH828742363,SP3304
WC702995,2025-07-28 23:25,KH598925773,SP3368
WC702996,2025-07-29 03:34,KH652882834,SP3024
WC702997,2025-07-29 05:25,kh624448869,SP3338
WC702998,2025-07-29 06:14,kh789621583,SP3278
WC702999,2025-07-29 07:17,KH455273160,SP3031
WC703000,2025-07-29 07:29,KH268494863,SP3356
WC703001,2025-07-29 08:34,KH325000646,SP3062
WC703002,2025-07-29 09:31, KH355823488,SP3328
WC703003,2025-07-29 10:07,KH232307713,SP3342
WC703004,2025-07-29 13:26,KH695378824,SP3017
WC703005,2025-07-29 15:46,KH916092295,SP3084
WC703006,2025-07-29 16:38, KH157262144,SP3092
WC703007,2025-07-29 16:45,kh670923670,SP3067
WC703008,2025-07-29 16:58,KH569663444,SP3006
WC703009,2025-07-29 17:01,KH671110453,SP3157
WC703010,2025-07-29 17:34,KH131350155,SP3161
WC703011,2025-07-29 17:35,KH250207278,SP3343
WC703012,2025-07-29 18:09,KH463316212,SP3159
WC703013,2025-07-29 19:04,KH353023304,SP3306
WC703014,2025-07-29 19:18,KH480737413,SP3198
WC703015,2025-07-29 19:38,KH895734867,SP3251
WC703016,2025-07-29 19:43,kh260435887,SP3141
WC703017,2025-07-29 19:49,kh262911629,SP3369
WC703018,2025-07-29 19:58,KH638316834,SP3356
WC703019,2025-07-29 20:55,KH-985192798,SP3017
WC703020,2025-07-29 21:53,KH884468253,SP3275
WC703021,2025-07-29 22:53,KH665529362,SP3339
WC703022,2025-07-29 23:24,KH-285054969,SP3066
WC703023,2025-07-30 00:20,KH626454067,SP3128
WC703024,2025-07-30 01:31,KH317113810,SP3047
WC703025,2025-07-30 03:32,KH241434353,SP3218
WC703026,2025-07-30 03:49, KH883682851,SP3123
WC703027,2025-07-30 04:05,KH696644986,SP3065
WC703028,2025-07-30 06:27,kh857870939,SP3253
WC703029,2025-07-30 07:16,KH870003798,SP3217
WC703030,2025-07-30 08:24,KH462615146,SP3083
WC703031,2025-07-30 08:39,KH-388139060,SP3116
WC703032,2025-07-30 08:45,KH639293497,SP3072
WC703033,2025-07-30 11:18,KH694578593,SP3327
WC703034,2025-07-30 14:31,KH820383415,SP3145
WC703035,2025-07-30 14:52,KH614891469,SP3230
WC703036,2025-07-30 15:11,KH637088442,SP3161
WC703037,2025-07-30 15:44,KH-692639299,SP3124
WC703038,2025-07-30 15:56,KH443337556,SP3172
WC703039,2025-07-30 17:34,KH411204484,SP3354
WC703040,2025-07-30 17:57,KH764944281,SP3173
WC703041,2025-07-30 18:56, KH182351894,SP3030
WC703042,2025-07-30 19:42,KH223452355,SP3277
WC703043,2025-07-30 19:49,KH405529028,SP3142
WC703044,2025-07-30 20:37,KH283174273,SP3183
WC703045,2025-07-30 21:13,KH291227731,SP3070
WC703046,2025-07-30 21:50,KH854450069,SP3171
WC703047,2025-07-30 22:14,kh604185153,SP3200
WC703048,2025-07-30 22:27,KH-774732266,SP3137
WC703049,2025-07-30 22:47,kh643843953,SP3139
WC703050,2025-07-30 23:34,KH-623162143,SP3168
WC703051,2025-07-30 23:37,kh389214930,SP3280
WC703052,2025-07-31 02:00,KH463753133,SP3285
WC703053,2025-07-31 02:54,KH632213347,SP3241
WC703054,2025-07-31 03:15,KH650637683,SP3157
WC703055,2025-07-31 03:24,KH866799439,SP3303
WC703056,2025-07-31 04:03,KH589509710,SP3043
WC703057,2025-07-31 05:20,kh215981438,SP3377
WC703058,2025-07-31 06:23,KH287133646,SP3013
WC703059,2025-07-31 08:19,KH119064531,SP3077
WC703060,2025-07-31 10:48,KH280020099,SP3022
WC703061,2025-07-31 10:50,KH501497570,SP3281
WC703062,2025-07-31 11:03,KH637089116,SP3227
WC703063,2025-07-31 11:30,KH863460049,SP3018
WC703064,2025-07-31 14:11,KH374883537,SP3087
WC703065,2025-07-31 15:47,kh801695240,SP3267
WC703066,2025-07-31 16:09,kh995305296,SP3358
WC703067,2025-07-31 16:22,KH559553112,SP3235
WC703068,2025-07-31 16:26,KH-287835295,SP3154
WC703069,2025-07-31 17:11, KH269034143,SP3352
WC703070,2025-07-31 17:43,kh302983002,SP3110
WC703071,2025-07-31 18:40,KH126396005,SP3163
WC703072,2025-07-31 18:43,KH943122531,SP3033
WC703073,2025-07-31 19:41,KH161570180,SP3324
WC703074,2025-07-31 20:24,KH452619618,SP3284
WC703075,2025-07-31 21:03,KH557115132,SP3361
WC703076,2025-08-01 00:58,KH474752818,SP3177
WC703077,2025-08-01 03:06,KH-245529878,SP3161
WC703078,2025-08-01 03:07,KH-144155652,SP3035
WC703079,2025-08-01 03:20,KH-502586923,SP3130
WC703080,2025-08-01 03:30,KH594644359,SP3030
WC703081,2025-08-01 04:00,KH820383415,SP3202
WC703082,2025-08-01 04:00,KH424267851,SP3133
WC703083,2025-08-01 04:04,KH817874228,SP3098
WC703084,2025-08-01 04:08,KH845928758,SP3015
WC703085,2025-08-01 04:47,KH166925732,SP3020
WC703086,2025-08-01 04:51,KH745924878,SP3008
WC703087,2025-08-01 05:36,KH443750394,SP3263
WC703088,2025-08-01 08:10,KH299181653,SP3297
WC703089,2025-08-01 09:14,kh318171413,SP3208
WC703090,2025-08-01 09:25,kh564011743,SP3158
WC703091,2025-08-01 09:36,KH674726970,SP3260
WC703092,2025-08-01 11:42,KH745657703,SP3218
WC703093,2025-08-01 12:01,KH210824037,SP3348
WC703094,2025-08-01 13:57,KH-308464759,SP3198
WC703095,2025-08-01 13:58,KH106582423,SP3055
WC703096,2025-08-01 14:53,KH-112083101,SP3214
WC703097,2025-08-01 16:04,KH225213561,SP3246
WC703098,2025-08-01 17:42,KH776700365,SP3328
WC703099,2025-08-01 20:01, KH705562448,SP3178
WC703100,2025-08-01 20:14,KH588107517,SP3271
WC703101,2025-08-01 22:28,KH970595949,SP3101
WC703102,2025-08-01 23:40, KH802530620,SP3152
WC703103,2025-08-02 00:34,KH540944838,SP3132
WC703104,2025-08-02 03:57,KH805644146,SP3202
WC703105,2025-08-02 03:58, KH456996431,SP3350
WC703106,2025-08-02 04:21,kh155874269,SP3250
WC703107,2025-08-02 06:37,KH458299898,SP3008
WC703108,2025-08-02 07:23,KH873492170,SP3254
WC703109,2025-08-02 08:08,KH-105827351,SP3211
WC703110,2025-08-02 08:44,KH413785268,SP3128
WC703111,2025-08-02 09:20,KH337549951,SP3120
WC703112,2025-08-02 09:22,KH191631275,SP3021
WC703113,2025-08-02 09:41,KH645681265,SP3258
WC703114,2025-08-02 10:17,KH972840070,SP3363
WC703115,2025-08-02 10:17,KH861837019,SP3062
WC703116,2025-08-02 12:04,KH775162700,SP3331
WC703117,2025-08-02 13:22,KH-534817086,SP3125
WC703118,2025-08-02 13:37,KH723672766,SP3153
WC703119,2025-08-02 14:39,kh567271875,SP3176
WC703120,2025-08-02 15:22,KH992813436,SP3250
WC703121,2025-08-02 15:39,KH657733777,SP3171
WC703122,2025-08-02 16:16,KH329425528,SP3328
WC703123,2025-08-02 18:16,KH125294697,SP3062
WC703124,2025-08-02 19:01,KH186994755,SP3195
WC703125,2025-08-02 19:05,KH865906254,SP3062
WC703126,2025-08-02 19:48,KH792274607,SP3261
WC703127,2025-08-02 20:05,KH145512899,SP3076
WC703128,2025-08-02 20:07, KH672386030,SP3136
WC703129,2025-08-02 20:21,KH666844708,SP3274
WC703130,2025-08-02 21:16,KH407698815,SP3144
WC703131,2025-08-02 21:20,KH699230103,SP3246
WC703132,2025-08-02 21:40,KH530175827,SP3356
WC703133,2025-08-02 21:42,KH160417072,SP3088
WC703134,2025-08-02 21:55,KH987999566,SP3073
WC703135,2025-08-03 00:07,KH144356778,SP3330
WC703136,2025-08-03 00:50,KH747956392,SP3189
WC703137,2025-08-03 03:13,KH283174273,SP3330
WC703138,2025-08-03 03:39,KH367145304,SP3379
WC703139,2025-08-03 03:41,KH849186456,SP3213
WC703140,2025-08-03 07:13,KH-777792193,SP3044
WC703141,2025-08-03 07:20,KH995826317,SP3171
WC703142,2025-08-03 07:25,KH207927744,SP3003
WC703143,2025-08-03 07:26,KH635816769,SP3052
WC703144,2025-08-03 08:09,KH238201365,SP3180
WC703145,2025-08-03 10:00,KH528680505,SP3227
WC703146,2025-08-03 10:51,KH212044225,SP3195
WC703147,2025-08-03 14:34,KH310957196,SP3177
WC703148,2025-08-03 14:45,KH226578956,SP3150
WC703149,2025-08-03 15:12,kh867321432,SP3087
WC703150,2025-08-03 15:30,KH196786359,SP3153
WC703151,2025-08-03 17:20,KH172328995,SP3189
WC703152,2025-08-03 17:38,KH691403251,SP3178
WC703153,2025-08-03 19:26,KH168891049,SP3095
WC703154,2025-08-03 19:53,kh335386407,SP3371
WC703155,2025-08-03 20:01,KH648456889,SP3040
WC703156,2025-08-03 20:22,KH475989472,SP3272
WC703157,2025-08-03 20:32,KH978655684,SP3273
WC703158,2025-08-03 21:14, KH901725880,SP3113
WC703159,2025-08-03 22:46, KH765770142,SP3243
WC703160,2025-08-03 22:57,kh245934889,SP3042
WC703161,2025-08-03 23:54,KH428258190,SP3324
WC703162,2025-08-04 01:23,KH930225057,SP3108
WC703163,2025-08-04 02:14,KH127524602,SP3203
WC703164,2025-08-04 02:47, KH552671559,SP3071
WC703165,2025-08-04 05:50, KH815517122,SP3269
WC703166,2025-08-04 06:41,KH688802281,SP3126
WC703167,2025-08-04 08:22,KH144456031,SP3220
WC703168,2025-08-04 08:46,KH814494791,SP3057
WC703169,2025-08-04 08:54,KH370730251,SP3056
WC703170,2025-08-04 10:01,KH834853721,SP3053
WC703171,2025-08-04 10:02,kh231711661,SP3136
WC703172,2025-08-04 10:50,kh955404603,SP3260
WC703173,2025-08-04 12:53, KH780424541,SP3260
WC703174,2025-08-04 13:37,KH886059865,SP3023
WC703175,2025-08-04 13:43,kh701152072,SP3303
WC703176,2025-08-04 13:48,KH548256014,SP3051
WC703177,2025-08-04 14:04, KH928840195,SP3340
WC703178,2025-08-04 14:06,KH787708116,SP3347
WC703179,2025-08-04 14:23,KH833553027,SP3266
WC703180,2025-08-04 15:43,KH392330715,SP3055
WC703181,2025-08-04 16:25,KH242070286,SP3336
WC703182,2025-08-04 17:30,KH975292845,SP3096
WC703183,2025-08-04 17:52,KH132299671,SP3325
WC703184,2025-08-04 18:21,KH485707738,SP3271
WC703185,2025-08-04 18:48,KH474777125,SP3092
WC703186,2025-08-04 21:53, KH379890302,SP3154
WC703187,2025-08-04 21:56,KH827663702,SP3015
WC703188,2025-08-04 22:27,KH787708116,SP3317
WC703189,2025-08-04 22:32,kh873555270,SP3161
WC703190,2025-08-04 22:49,KH-163859499,SP3072
WC703191,2025-08-05 00:09,kh167104307,SP3003
WC703192,2025-08-05 00:52,KH299348990,SP3356
WC703193,2025-08-05 05:42,kh238346289,SP3101
WC703194,2025-08-05 06:31,KH888212043,SP3208
WC703195,2025-08-05 06:38,KH796962750,SP3012
WC703196,2025-08-05 08:58,KH172043987,SP3030
WC703197,2025-08-05 09:16,KH172328995,SP3254
WC703198,2025-08-05 09:28,kh456284658,SP3219
WC703199,2025-08-05 09:28,KH315664819,SP3251
WC703200,2025-08-05 09:36, KH821959616,SP3330
WC703201,2025-08-05 12:25,kh400560339,SP3038
WC703203,2025-08-05 13:38,KH546752314,SP3017
WC703202,2025-08-05 13:38,KH665489144,SP3354
WC703204,2025-08-05 15:22,KH384111837,SP3181
WC703205,2025-08-05 18:09,KH574567955,SP3171
WC703206,2025-08-05 19:03,KH377566336,SP3366
WC703207,2025-08-05 20:21,KH776232168,SP3127
WC703208,2025-08-05 21:48,KH922503512,SP3289
WC703209,2025-08-05 22:47,KH514479026,SP3269
WC703210,2025-08-05 23:09,KH234623861,SP3006
WC703211,2025-08-06 03:20,KH623162143,SP3366
WC703212,2025-08-06 03:31,KH654078339,SP3171
WC703213,2025-08-06 03:52,KH635957337,SP3171
WC703214,2025-08-06 04:53,KH226673421,SP3269
WC703215,2025-08-06 05:22,KH255648844,SP3180
WC703216,2025-08-06 06:13,KH656129671,SP3157
WC703217,2025-08-06 07:04,KH946440252,SP3200
WC703218,2025-08-06 07:35,KH550974852,SP3088
WC703219,2025-08-06 10:52,KH456137811,SP3079
WC703220,2025-08-06 10:55,KH228975267,SP3116
WC703221,2025-08-06 11:18,KH-269010581,SP3363
WC703222,2025-08-06 11:43,KH907317214,SP3095
WC703223,2025-08-06 12:03,KH386777218,SP3329
WC703224,2025-08-06 12:07,KH827780107,SP3089
WC703225,2025-08-06 12:36,KH568551267,SP3095
WC703226,2025-08-06 13:37,KH-337326008,SP3358
WC703227,2025-08-06 14:36,KH611928761,SP3104
WC703228,2025-08-06 15:03,KH166513161,SP3335
WC703229,2025-08-06 15:10,KH304058556,SP3182
WC703230,2025-08-06 15:37, KH581155503,SP3369
WC703231,2025-08-06 15:40, KH664797724,SP3172
WC703232,2025-08-06 16:00, KH203235100,SP3369
WC703233,2025-08-06 16:20,KH-899199304,SP3179
WC703234,2025-08-06 18:32,KH507801464,SP3261
WC703235,2025-08-06 18:46,KH197094741,SP3247
WC703236,2025-08-06 19:24,KH962023814,SP3361
WC703237,2025-08-06 19:38,KH171454462,SP3127
WC703238,2025-08-06 21:09,KH989485082,SP3257
WC703239,2025-08-06 23:54,kh203384485,SP3083
WC703240,2025-08-07 00:30,KH917478257,SP3343
WC703241,2025-08-07 02:35,KH707544083,SP3237
WC703242,2025-08-07 02:44,KH182680412,SP3006
WC703243,2025-08-07 04:21,KH538925061,SP3271
WC703244,2025-08-07 04:22,KH554921842,SP3169
WC703245,2025-08-07 04:57,KH957911021,SP3110
WC703246,2025-08-07 05:17,kh588107517,SP3213
WC703247,2025-08-07 05:55, KH259326051,SP3377
WC703248,2025-08-07 07:49,KH596255112,SP3217
WC703249,2025-08-07 08:08,kh226673421,SP3248
WC703250,2025-08-07 08:48,KH313081589,SP3116
WC703251,2025-08-07 10:24,KH424498480,SP3012
WC703252,2025-08-07 11:52,KH788486152,SP3148
WC703253,2025-08-07 12:08,KH-893934504,SP3163
WC703254,2025-08-07 12:42,KH663911602,SP3133
WC703255,2025-08-07 12:49,KH808470059,SP3206
WC703256,2025-08-07 13:03,KH617562822,SP3323
WC703257,2025-08-07 13:28,KH138057033,SP3138
WC703258,2025-08-07 13:30,KH-559469573,SP3045
WC703259,2025-08-07 17:16,KH-223813065,SP3217
WC703260,2025-08-07 18:11,KH601309127,SP3051
WC703261,2025-08-07 21:18,KH943341450,SP3306
WC703262,2025-08-07 21:40,KH724994286,SP3051
WC703263,2025-08-07 21:54,KH460730075,SP3167
WC703264,2025-08-07 23:21,KH653845642,SP3217
WC703265,2025-08-07 23:35,KH866799439,SP3082
WC703266,2025-08-07 23:38,KH-224001553,SP3016
WC703267,2025-08-08 00:58, KH393671467,SP3371
WC703268,2025-08-08 01:09, KH561963630,SP3150
WC703269,2025-08-08 02:56,KH417768976,SP3111
WC703270,2025-08-08 03:54,kh167312789,SP3122
WC703271,2025-08-08 04:07,KH932237191,SP3150
WC703272,2025-08-08 04:23,kh927168565,SP3077
WC703273,2025-08-08 04:46,KH-207849685,SP3272
WC703274,2025-08-08 05:53,KH-167425761,SP3137
WC703275,2025-08-08 06:08,KH560078791,SP3144
WC703276,2025-08-08 06:23,KH264888364,SP3331
WC703277,2025-08-08 06:29,KH712111649,SP3259
WC703278,2025-08-08 07:10,KH207577525,SP3284
WC703279,2025-08-08 08:19,KH951186944,SP3350
WC703280,2025-08-08 10:04,KH762368043,SP3114
WC703281,2025-08-08 10:40,KH686695578,SP3069
WC703282,2025-08-08 11:21,kh135782594,SP3354
WC703283,2025-08-08 11:37,KH961759786,SP3362
WC703284,2025-08-08 12:37,kh136154110,SP3137
WC703285,2025-08-08 12:45,KH503218643,SP3263
WC703286,2025-08-08 13:53,KH708842183,SP3106
WC703287,2025-08-08 14:33,KH378282564,SP3220
WC703288,2025-08-08 15:15,KH816518062,SP3282
WC703289,2025-08-08 16:30,kh618330006,SP3299
WC703290,2025-08-08 17:17,KH295110263,SP3062
WC703291,2025-08-08 18:08,KH111922681,SP3246
WC703292,2025-08-08 19:42,KH417275865,SP3137
WC703293,2025-08-08 20:59,KH567966762,SP3141
WC703294,2025-08-08 21:04,kh250224082,SP3181
WC703295,2025-08-08 21:36,KH501064154,SP3290
WC703296,2025-08-09 00:32,KH195349205,SP3260
WC703297,2025-08-09 01:02, KH973939908,SP3144
WC703298,2025-08-09 01:49,KH815581409,SP3254
WC703299,2025-08-09 07:24,KH611615171,SP3204
WC703300,2025-08-09 09:21,KH849444347,SP3222
WC703301,2025-08-09 12:31,KH219549741,SP3352
WC703302,2025-08-09 13:38,KH873492170,SP3042
WC703303,2025-08-09 13:40,KH630521626,SP3169
WC703304,2025-08-09 15:36,KH291508185,SP3134
WC703305,2025-08-09 16:02,KH618955475,SP3264
WC703306,2025-08-09 16:07,KH548202679,SP3267
WC703307,2025-08-09 16:51,KH742740538,SP3165
WC703308,2025-08-09 17:55,KH519322388,SP3106
WC703309,2025-08-09 19:34,KH895401304,SP3154
WC703310,2025-08-09 19:36,KH247423774,SP3029
WC703311,2025-08-09 19:49,KH357338196,SP3153
WC703312,2025-08-09 21:19,KH523334527,SP3262
WC703313,2025-08-09 21:44,KH971433172,SP3355
WC703314,2025-08-09 22:17,KH-335272424,SP3032
WC703315,2025-08-10 01:51,KH317113810,SP3146
WC703316,2025-08-10 05:00,KH647216650,SP3255
WC703317,2025-08-10 05:03,KH695808081,SP3203
WC703318,2025-08-10 05:03,KH684293220,SP3100
WC703319,2025-08-10 05:05,KH822712107,SP3186
WC703320,2025-08-10 05:40, KH388331095,SP3254
WC703321,2025-08-10 06:05, KH518696510,SP3155
WC703322,2025-08-10 06:28,KH145798676,SP3377
WC703323,2025-08-10 06:48,kh336484277,SP3370
WC703324,2025-08-10 07:52,KH815517122,SP3277
WC703325,2025-08-10 08:53,kh432023195,SP3038
WC703326,2025-08-10 10:31,KH429386764,SP3087
WC703327,2025-08-10 11:50,KH927160290,SP3109
WC703328,2025-08-10 12:11,KH780466350,SP3097
WC703329,2025-08-10 13:40,KH446141484,SP3015
WC703330,2025-08-10 15:18,KH849865173,SP3219
WC703331,2025-08-10 17:14, KH392330715,SP3008
WC703332,2025-08-10 17:48,kh376586262,SP3089
WC703333,2025-08-10 18:11,KH610119280,SP3323
WC703334,2025-08-10 20:10,KH296426208,SP3379
WC703335,2025-08-10 20:59,kh694076603,SP3374
WC703336,2025-08-10 21:34, KH208791171,SP3246
WC703337,2025-08-10 21:45,KH-844572911,SP3325
WC703338,2025-08-11 00:10,KH430100108,SP3200
WC703339,2025-08-11 00:50,KH227063250,SP3071
WC703340,2025-08-11 04:24,KH522288236,SP3022
WC703341,2025-08-11 06:51,KH600931427,SP3193
WC703342,2025-08-11 13:32,KH411609163,SP3028
WC703343,2025-08-11 14:01,KH291831971,SP3335
WC703344,2025-08-11 15:58,KH383389542,SP3026
WC703345,2025-08-11 16:00, KH796962750,SP3261
WC703346,2025-08-11 17:04,KH846904204,SP3342
WC703347,2025-08-11 17:37,kh675774604,SP3257
WC703348,2025-08-11 18:26,KH324650637,SP3345
WC703349,2025-08-11 18:45,KH-881418824,SP3110
WC703350,2025-08-11 20:39,KH252674923,SP3088
WC703351,2025-08-11 22:12,KH675216474,SP3137
WC703352,2025-08-11 22:25,KH842032031,SP3138
WC703353,2025-08-11 22:39,KH666262794,SP3181
WC703354,2025-08-11 23:07,KH213947607,SP3176
WC703355,2025-08-11 23:26,KH-837542061,SP3180
WC703356,2025-08-11 23:32,KH410021904,SP3175
WC703357,2025-08-11 23:34,KH-647460059,SP3099
WC703358,2025-08-12 00:06,KH793992314,SP3312
WC703359,2025-08-12 00:20,KH405901659,SP3150
WC703360,2025-08-12 02:29,KH520465295,SP3197
WC703361,2025-08-12 02:51,KH797009409,SP3181
WC703362,2025-08-12 02:57, KH932831252,SP3355
WC703363,2025-08-12 03:53,KH563150755,SP3192
WC703364,2025-08-12 04:04,KH376117058,SP3360
WC703365,2025-08-12 04:23,KH660706985,SP3142
WC703366,2025-08-12 04:48,KH215864574,SP3180
WC703367,2025-08-12 05:06,KH842420441,SP3373
WC703368,2025-08-12 06:14, KH808736312,SP3190
WC703369,2025-08-12 08:13,KH627748841,SP3088
WC703370,2025-08-12 08:51,KH308798288,SP3225
WC703371,2025-08-12 10:17,KH442050821,SP3060
WC703372,2025-08-12 10:36,KH767873306,SP3056
WC703373,2025-08-12 10:44,KH-569048331,SP3324
WC703374,2025-08-12 12:16,kh140318004,SP3154
WC703375,2025-08-12 12:45,KH125331732,SP3004
WC703376,2025-08-12 13:20,KH450321662,SP3108
WC703377,2025-08-12 14:00,KH383764178,SP3087
WC703378,2025-08-12 16:40,KH893815630,SP3337
WC703379,2025-08-12 16:49,KH977224486,SP3098
WC703380,2025-08-12 18:26,kh181688040,SP3121
WC703381,2025-08-12 18:57,KH770662779,SP3293
WC703382,2025-08-12 19:10,KH571228648,SP3337
WC703383,2025-08-12 23:27,KH493219288,SP3006
WC703384,2025-08-12 23:45,KH662620552,SP3275
WC703385,2025-08-12 23:52,KH442116385,SP3179
WC703386,2025-08-13 01:28,kh133744313,SP3181
WC703387,2025-08-13 03:25,kh404885500,SP3034
WC703388,2025-08-13 03:46,KH939606493,SP3041
WC703389,2025-08-13 04:15,KH176122001,SP3242
WC703390,2025-08-13 06:52,KH257261290,SP3323
WC703391,2025-08-13 10:20,KH823906653,SP3033
WC703392,2025-08-13 12:32,KH698194889,SP3148
WC703393,2025-08-13 14:41,KH-126396005,SP3131
WC703394,2025-08-13 14:45,kh977224486,SP3016
WC703395,2025-08-13 16:40, KH906550147,SP3004
WC703396,2025-08-13 17:16,KH-637671952,SP3008
WC703397,2025-08-13 17:55, KH416501174,SP3042
WC703398,2025-08-13 18:01,KH-865010953,SP3284
WC703399,2025-08-13 19:51,KH431093051,SP3056
WC703400,2025-08-13 20:11,KH637212466,SP3139
WC703401,2025-08-13 20:32,KH368937492,SP3067
WC703402,2025-08-13 21:20,KH250122912,SP3086
WC703403,2025-08-13 21:44, KH655576736,SP3019
WC703404,2025-08-13 22:46,kh764846091,SP3119
WC703405,2025-08-14 00:28,KH453734803,SP3222
WC703406,2025-08-14 00:56,KH849632427,SP3186
WC703407,2025-08-14 01:21,KH845928758,SP3277
WC703408,2025-08-14 02:54,kh643838439,SP3341
WC703409,2025-08-14 04:03,KH673527771,SP3297
WC703410,2025-08-14 04:19,KH142690483,SP3033
WC703411,2025-08-14 04:52,KH328461303,SP3196
WC703412,2025-08-14 05:13,KH774691698,SP3119
WC703413,2025-08-14 08:12,KH300350564,SP3153
WC703414,2025-08-14 08:19,KH532147374,SP3243
WC703415,2025-08-14 10:16,KH558134995,SP3049
WC703416,2025-08-14 10:41,KH-675261298,SP3070
WC703417,2025-08-14 11:31,KH970143394,SP3034
WC703418,2025-08-14 13:50,KH890569576,SP3044
WC703419,2025-08-14 14:36,kh662620552,SP3003
WC703420,2025-08-14 17:51, KH375316965,SP3281
WC703421,2025-08-14 18:30,kh859726975,SP3363
WC703422,2025-08-14 19:58,KH-808141004,SP3064
WC703423,2025-08-15 00:42,kh723540373,SP3031
WC703424,2025-08-15 01:37,KH-268405906,SP3190
WC703425,2025-08-15 02:07,KH659462614,SP3208
WC703426,2025-08-15 04:49, KH809713037,SP3289
WC703427,2025-08-15 05:48,KH761297166,SP3141
WC703428,2025-08-15 06:08, KH572926844,SP3336
WC703429,2025-08-15 06:13,KH281515978,SP3332
WC703430,2025-08-15 06:32,KH-674003061,SP3244
WC703431,2025-08-15 11:10,kh352656579,SP3041
WC703432,2025-08-15 11:24,kh170562554,SP3214
WC703433,2025-08-15 11:58, KH988073043,SP3034
WC703434,2025-08-15 12:16,KH443598483,SP3362
WC703435,2025-08-15 15:38,KH546595732,SP3298
WC703436,2025-08-15 18:13,KH126396005,SP3209
WC703437,2025-08-15 19:29,KH689433788,SP3379
WC703438,2025-08-15 21:24,KH874583610,SP3199
WC703439,2025-08-16 00:08,KH-849720089,SP3276
WC703440,2025-08-16 01:14,kh966528940,SP3199
WC703441,2025-08-16 01:37,KH198230262,SP3317
WC703442,2025-08-16 01:54,KH193627876,SP3351
WC703443,2025-08-16 02:34,KH363831530,SP3120
WC703444,2025-08-16 03:24, KH699154534,SP3312
WC703445,2025-08-16 05:04,KH476736308,SP3378
WC703446,2025-08-16 05:15, KH969430678,SP3124
WC703447,2025-08-16 05:28,KH314344237,SP3136
WC703448,2025-08-16 05:43,kh729272060,SP3033
WC703449,2025-08-16 07:04,KH950024112,SP3306
WC703450,2025-08-16 07:28,KH495006081,SP3187
WC703451,2025-08-16 07:31,kh275505524,SP3192
WC703452,2025-08-16 10:40,kh728601673,SP3204
WC703453,2025-08-16 11:38,KH420684310,SP3101
WC703454,2025-08-16 13:15,KH564576297,SP3079
WC703455,2025-08-16 13:32,KH433310811,SP3369
WC703456,2025-08-16 15:26,kh905341693,SP3004
WC703457,2025-08-16 15:36,kh210938640,SP3218
WC703458,2025-08-16 16:29,KH899140113,SP3127
WC703459,2025-08-16 17:02, KH719587057,SP3001
WC703460,2025-08-16 17:18,KH-487301128,SP3334
WC703461,2025-08-16 18:37,KH769863028,SP3056
WC703462,2025-08-16 18:55,KH476989252,SP3006
WC703463,2025-08-16 19:16,KH-214166222,SP3329
WC703464,2025-08-16 19:30,KH657977633,SP3367
WC703465,2025-08-16 21:38,KH-677709261,SP3114
WC703466,2025-08-17 00:12,KH427601230,SP3328
WC703467,2025-08-17 00:14,kh941912277,SP3211
WC703468,2025-08-17 00:40,KH-936715031,SP3128
WC703469,2025-08-17 01:55,KH694113143,SP3210
WC703470,2025-08-17 03:27,KH-208791171,SP3360
WC703471,2025-08-17 10:32,KH269010581,SP3261
WC703472,2025-08-17 11:36, KH220243225,SP3359
WC703473,2025-08-17 12:46,KH103138292,SP3199
WC703474,2025-08-17 13:15,kh783930443,SP3177
WC703475,2025-08-17 14:07,KH814518956,SP3355
WC703476,2025-08-17 17:02,kh977676070,SP3225
WC703477,2025-08-17 19:06,KH982099098,SP3187
WC703478,2025-08-17 20:08,kh341260178,SP3004
WC703479,2025-08-17 21:25,kh451669849,SP3154
WC703480,2025-08-17 22:04,kh882129154,SP3203
WC703481,2025-08-17 22:56,kh118264981,SP3075
WC703482,2025-08-18 02:12,KH404885500,SP3021
WC703483,2025-08-18 02:17,KH380687804,SP3161
WC703484,2025-08-18 03:18,kh922253867,SP3072
WC703485,2025-08-18 03:55,KH423415319,SP3171
WC703486,2025-08-18 04:45,KH-761471714,SP3193
WC703487,2025-08-18 05:39, KH674818642,SP3110
WC703488,2025-08-18 07:45,KH-555679141,SP3096
WC703489,2025-08-18 07:55,kh102735359,SP3285
WC703490,2025-08-18 08:31,KH817367287,SP3023
WC703491,2025-08-18 08:47,KH100806756,SP3146
WC703492,2025-08-18 09:23,KH968192736,SP3185
WC703493,2025-08-18 11:26,KH977291286,SP3006
WC703494,2025-08-18 12:12,KH-229146464,SP3028
WC703495,2025-08-18 12:39,KH675774604,SP3301
WC703496,2025-08-18 13:11,KH216398699,SP3008
WC703497,2025-08-18 13:17,kh522409099,SP3168
WC703498,2025-08-18 14:27,KH-552438887,SP3202
WC703499,2025-08-18 14:35,KH579017007,SP3096
WC703500,2025-08-18 14:44,KH683069527,SP3247
WC703501,2025-08-18 15:29,KH604395250,SP3186
WC703502,2025-08-18 15:37, KH917802334,SP3139
WC703503,2025-08-18 15:39,KH765060148,SP3100
WC703504,2025-08-18 16:44,KH364976166,SP3104
WC703505,2025-08-18 17:38,KH624047372,SP3268
WC703506,2025-08-18 17:41,KH539273743,SP3168
WC703507,2025-08-18 18:04,KH245492021,SP3126
WC703508,2025-08-18 18:56,KH929956534,SP3058
WC703509,2025-08-18 20:27,KH109139242,SP3092
WC703510,2025-08-18 20:47,kh619022025,SP3031
WC703511,2025-08-18 22:19,KH464823927,SP3207
WC703512,2025-08-18 22:37,KH642943061,SP3192
WC703513,2025-08-18 22:40,KH494279518,SP3298
WC703514,2025-08-18 23:18,KH162641564,SP3301
WC703515,2025-08-18 23:23,KH207869304,SP3017
WC703516,2025-08-18 23:44,KH-165294259,SP3072
WC703517,2025-08-18 23:48,KH737326880,SP3214
WC703518,2025-08-19 06:46,KH527106693,SP3176
WC703519,2025-08-19 08:33,KH242559978,SP3351
WC703520,2025-08-19 10:55,KH-859070347,SP3189
WC703521,2025-08-19 12:02,KH769021391,SP3265
WC703522,2025-08-19 12:39,KH639856339,SP3123
WC703523,2025-08-19 13:17,kh652416178,SP3024
WC703524,2025-08-19 14:35,KH166084720,SP3025
WC703525,2025-08-19 15:11, KH985270343,SP3325
WC703526,2025-08-19 17:20, KH798065426,SP3019
WC703527,2025-08-19 19:04,KH942444704,SP3277
WC703528,2025-08-19 19:07,KH937013197,SP3207
WC703529,2025-08-19 19:25,KH327644123,SP3152
WC703530,2025-08-19 19:33,KH710499293,SP3092
WC703531,2025-08-19 19:40,KH-424695728,SP3168
WC703532,2025-08-19 21:22,KH-850213365,SP3049
WC703533,2025-08-19 22:24,KH397538296,SP3013
WC703534,2025-08-19 22:30,kh938651080,SP3130
WC703535,2025-08-19 23:49, KH432761649,SP3378
WC703536,2025-08-20 00:24,KH585883631,SP3205
WC703537,2025-08-20 01:09,KH825349231,SP3296
WC703538,2025-08-20 01:48,KH662279928,SP3020
WC703539,2025-08-20 02:26,KH117307210,SP3142
WC703540,2025-08-20 03:03,KH978433050,SP3122
WC703541,2025-08-20 03:09,KH972747015,SP3097
WC703542,2025-08-20 03:47, KH610666562,SP3371
WC703543,2025-08-20 03:53,KH796217895,SP3133
WC703544,2025-08-20 05:47,KH135387187,SP3054
WC703545,2025-08-20 06:07,KH-822712107,SP3354
WC703546,2025-08-20 06:11,KH215575847,SP3132
WC703547,2025-08-20 06:50,kh601694756,SP3110
WC703548,2025-08-20 07:52,KH349339940,SP3147
WC703549,2025-08-20 08:34,KH379553457,SP3214
WC703550,2025-08-20 09:05,KH947925160,SP3369
WC703551,2025-08-20 10:54,KH310833403,SP3179
WC703552,2025-08-20 11:16, KH310957196,SP3297
WC703553,2025-08-20 11:39,KH785367756,SP3087
WC703554,2025-08-20 13:55,KH698257363,SP3299
WC703555,2025-08-20 15:04,KH319710748,SP3153
WC703556,2025-08-20 16:16,KH407071814,SP3121
WC703557,2025-08-20 18:18,KH229858353,SP3337
WC703558,2025-08-20 21:40,kh480439437,SP3181
WC703559,2025-08-20 22:02,kh334346585,SP3214
WC703560,2025-08-21 00:33,KH640606653,SP3073
WC703561,2025-08-21 00:42,KH195370569,SP3264
WC703562,2025-08-21 01:58,KH934231499,SP3278
WC703563,2025-08-21 02:29,kh349134059,SP3355
WC703564,2025-08-21 02:30,kh884207677,SP3175
WC703565,2025-08-21 03:10,KH766073948,SP3016
WC703566,2025-08-21 04:22, KH347974369,SP3130
WC703567,2025-08-21 04:45,KH181723952,SP3067
WC703568,2025-08-21 05:10, KH757273787,SP3141
WC703569,2025-08-21 05:19,KH-630832362,SP3267
WC703570,2025-08-21 06:55, KH282798032,SP3143
WC703571,2025-08-21 06:56,KH623526459,SP3144
WC703572,2025-08-21 09:04,kh104301336,SP3255
WC703573,2025-08-21 09:17,KH-944633009,SP3150
WC703574,2025-08-21 09:19,KH-139091852,SP3141
WC703575,2025-08-21 11:06,KH370048835,SP3323
WC703576,2025-08-21 11:08,kh409076563,SP3347
WC703577,2025-08-21 14:05,KH584892202,SP3127
WC703578,2025-08-21 14:13,KH953418926,SP3068
WC703579,2025-08-21 14:17,kh907806469,SP3210
WC703580,2025-08-21 15:42,KH200404236,SP3161
WC703581,2025-08-21 19:05,KH405552338,SP3354
WC703582,2025-08-21 19:17,KH420851416,SP3040
WC703583,2025-08-21 19:20,KH894224134,SP3130
WC703584,2025-08-21 20:07,KH335046228,SP3253
WC703585,2025-08-21 20:11,KH713644276,SP3290
WC703586,2025-08-21 20:42,KH125966510,SP3079
WC703587,2025-08-21 21:22,KH103053709,SP3211
WC703588,2025-08-21 22:06,KH914436521,SP3175
WC703589,2025-08-21 22:49,KH567945356,SP3063
WC703590,2025-08-21 22:51,KH519207367,SP3161
WC703591,2025-08-21 23:00,KH193229316,SP3363
WC703592,2025-08-22 00:01,KH487785893,SP3216
WC703593,2025-08-22 01:00,KH433238335,SP3028
WC703594,2025-08-22 03:42, KH752340857,SP3342
WC703595,2025-08-22 05:10,KH617408203,SP3195
WC703596,2025-08-22 06:31,KH186856424,SP3029
WC703597,2025-08-22 06:40,KH714570015,SP3017
WC703598,2025-08-22 06:52,KH854450069,SP3335
WC703599,2025-08-22 08:20,kh471799033,SP3342
WC703600,2025-08-22 10:13,kh947890869,SP3244
WC703601,2025-08-22 10:57,KH161288311,SP3366
WC703602,2025-08-22 11:00,KH-466951883,SP3328
WC703603,2025-08-22 11:03,KH697777829,SP3079
WC703604,2025-08-22 11:25,KH484718048,SP3096
WC703605,2025-08-22 13:04,KH420890242,SP3374
WC703606,2025-08-22 13:43,KH-721106163,SP3031
WC703607,2025-08-22 16:16,KH145357617,SP3155
WC703608,2025-08-22 16:24,KH758482042,SP3348
WC703609,2025-08-22 16:35,KH122318853,SP3368
WC703610,2025-08-22 17:10,KH-188787241,SP3034
WC703611,2025-08-22 18:32,KH475792063,SP3274
WC703612,2025-08-22 19:43,KH546859767,SP3197
WC703613,2025-08-22 20:48, KH706208921,SP3175
WC703614,2025-08-22 21:59,kh876325703,SP3326
WC703615,2025-08-22 22:12,KH272402658,SP3046
WC703616,2025-08-22 22:14,KH-991699668,SP3033
WC703617,2025-08-22 22:42,KH-242436353,SP3092
WC703618,2025-08-22 22:51,KH317319261,SP3272
WC703619,2025-08-22 22:58, KH725140550,SP3308
WC703620,2025-08-23 00:46,KH293254022,SP3298
WC703621,2025-08-23 01:10, KH822659593,SP3015
WC703622,2025-08-23 01:44,KH-619705724,SP3377
WC703623,2025-08-23 01:49,KH888216226,SP3140
WC703624,2025-08-23 01:59,kh252975992,SP3321
WC703625,2025-08-23 02:05,KH786455133,SP3347
WC703626,2025-08-23 04:52, KH735300527,SP3063
WC703627,2025-08-23 06:29,KH-379890302,SP3308
WC703628,2025-08-23 06:54,kh631341220,SP3268
WC703629,2025-08-23 07:52,KH-238533640,SP3371
WC703630,2025-08-23 08:20,KH833618246,SP3110
WC703631,2025-08-23 11:07,KH963827132,SP3104
WC703632,2025-08-23 11:49,KH698185680,SP3185
WC703633,2025-08-23 12:27,KH919299025,SP3227
WC703634,2025-08-23 12:34,KH-798737109,SP3117
WC703635,2025-08-23 13:50,KH636024389,SP3320
WC703636,2025-08-23 14:47,KH890658201,SP3302
WC703637,2025-08-23 16:18,KH148945470,SP3065
WC703638,2025-08-23 16:53,KH427853902,SP3329
WC703639,2025-08-23 18:31,KH896497906,SP3227
WC703640,2025-08-23 20:21, KH810280664,SP3131
WC703641,2025-08-23 22:09,KH177403268,SP3168
WC703642,2025-08-23 22:14,kh314416683,SP3327
WC703643,2025-08-23 22:15,kh215736309,SP3348
WC703644,2025-08-23 23:10,KH310515708,SP3131
WC703645,2025-08-23 23:35,KH173158719,SP3335
WC703646,2025-08-23 23:40,KH984822075,SP3166
WC703647,2025-08-24 00:23,KH928488957,SP3376
WC703648,2025-08-24 00:26,KH536376916,SP3003
WC703649,2025-08-24 01:51,KH454397941,SP3247
WC703650,2025-08-24 02:18,KH650923926,SP3119
WC703651,2025-08-24 03:11,KH696023994,SP3277
WC703652,2025-08-24 04:32,KH-400855639,SP3132
WC703653,2025-08-24 04:37,KH888212043,SP3033
WC703654,2025-08-24 07:07,KH268348473,SP3208
WC703655,2025-08-24 08:01,KH684293220,SP3190
WC703656,2025-08-24 11:37,KH246250638,SP3042
WC703657,2025-08-24 12:08, KH141564462,SP3335
WC703658,2025-08-24 12:32,KH916336348,SP3180
WC703659,2025-08-24 13:22,KH555280395,SP3052
WC703660,2025-08-24 14:06,KH632501678,SP3339
WC703661,2025-08-24 14:46,KH964540920,SP3034
WC703662,2025-08-24 17:00,KH-484127565,SP3336
WC703663,2025-08-24 21:25, KH189052084,SP3069
WC703664,2025-08-24 22:07,KH349339940,SP3327
WC703665,2025-08-24 22:49,KH851734947,SP3004
WC703666,2025-08-25 03:31,KH648495658,SP3293
WC703667,2025-08-25 04:03,KH162110622,SP3108
WC703668,2025-08-25 04:15,KH890829100,SP3004
WC703669,2025-08-25 06:39,KH707612721,SP3034
WC703670,2025-08-25 08:49,KH915399930,SP3350
WC703671,2025-08-25 09:40,kh869674093,SP3012
WC703672,2025-08-25 12:29,KH768142658,SP3322
WC703673,2025-08-25 13:03,KH721101469,SP3076
WC703674,2025-08-25 13:24,KH-369078529,SP3274
WC703675,2025-08-25 13:36,KH876440754,SP3040
WC703676,2025-08-25 13:48,KH548202679,SP3069
WC703677,2025-08-25 14:21,kh592931858,SP3332
WC703678,2025-08-25 14:56,kh322860630,SP3121
WC703679,2025-08-25 15:47,KH748336704,SP3046
WC703680,2025-08-25 16:25,KH-472860959,SP3332
WC703681,2025-08-25 18:56,KH-616936076,SP3260
WC703682,2025-08-25 19:04,KH868136672,SP3251
WC703683,2025-08-25 19:25,KH484791959,SP3109
WC703684,2025-08-25 19:26, KH217533524,SP3104
WC703685,2025-08-25 20:24,KH801583677,SP3091
WC703686,2025-08-25 21:12,KH-833420475,SP3282
WC703687,2025-08-25 21:13,KH596175068,SP3125
WC703688,2025-08-25 23:07,KH213347917,SP3262
WC703689,2025-08-25 23:16, KH167479630,SP3296
WC703690,2025-08-26 00:19,KH386536410,SP3045
WC703691,2025-08-26 00:54,KH540874708,SP3001
WC703692,2025-08-26 02:08,KH229340672,SP3087
WC703693,2025-08-26 02:25,KH216002414,SP3211
WC703694,2025-08-26 04:09,KH924282578,SP3203
WC703695,2025-08-26 05:18,KH583957224,SP3363
WC703696,2025-08-26 06:01,KH154194218,SP3025
WC703697,2025-08-26 06:24,kh281515978,SP3144
WC703698,2025-08-26 10:30,KH783896189,SP3127
WC703699,2025-08-26 10:58, KH719587057,SP3210
WC703700,2025-08-26 11:02,KH521996604,SP3119
WC703701,2025-08-26 11:30,KH470697304,SP3291
WC703702,2025-08-26 12:34,KH250646964,SP3073
WC703703,2025-08-26 12:36,KH407612986,SP3103
WC703704,2025-08-26 12:52,KH-166433239,SP3169
WC703705,2025-08-26 14:21,KH860495380,SP3169
WC703706,2025-08-26 14:35,KH450514410,SP3356
WC703707,2025-08-26 14:56,KH923681589,SP3366
WC703708,2025-08-26 15:10,KH661834898,SP3257
WC703709,2025-08-26 15:20,KH-268057237,SP3159
WC703710,2025-08-26 15:47,KH415188359,SP3147
WC703711,2025-08-26 16:10,KH-914273462,SP3168
WC703712,2025-08-26 18:19,KH614891469,SP3299
WC703713,2025-08-26 20:01,KH827706193,SP3165
WC703714,2025-08-26 20:27,KH156883780,SP3325
WC703715,2025-08-26 22:04,KH805662788,SP3251
WC703716,2025-08-26 23:20,KH292451270,SP3249
WC703717,2025-08-26 23:32,KH684693133,SP3106
WC703718,2025-08-27 01:34,KH384839245,SP3238
WC703719,2025-08-27 02:03,kh256090071,SP3114
WC703720,2025-08-27 02:33,kh324937765,SP3140
WC703721,2025-08-27 05:18,KH794702421,SP3359
WC703722,2025-08-27 06:52, KH910173759,SP3261
WC703723,2025-08-27 07:52, KH304657404,SP3041
WC703724,2025-08-27 08:16,KH328068244,SP3099
WC703725,2025-08-27 08:56,kh158395550,SP3330
WC703726,2025-08-27 10:15,KH929064142,SP3242
WC703727,2025-08-27 12:56,kh842987453,SP3113
WC703728,2025-08-27 16:19,KH333195455,SP3182
WC703729,2025-08-27 16:34,KH933438440,SP3355
WC703730,2025-08-27 16:54,KH-243255616,SP3365
WC703731,2025-08-27 17:39,KH509237754,SP3250
WC703732,2025-08-27 18:07,KH225267155,SP3177
WC703733,2025-08-27 18:58,KH855467681,SP3133
WC703734,2025-08-27 20:03,KH889458614,SP3139
WC703735,2025-08-27 20:59,KH844643588,SP3016
WC703736,2025-08-27 22:15,KH324590642,SP3015
WC703737,2025-08-28 01:31,KH636736179,SP3101
WC703738,2025-08-28 02:09,KH534217348,SP3139
WC703739,2025-08-28 03:04,KH944144442,SP3055
WC703740,2025-08-28 06:52,KH355073003,SP3134
WC703741,2025-08-28 07:18,KH735479676,SP3166
WC703742,2025-08-28 07:31,KH438721748,SP3068
WC703743,2025-08-28 08:25,KH231854301,SP3366
WC703744,2025-08-28 10:08, KH525957633,SP3269
WC703745,2025-08-28 10:30,KH485569043,SP3248
WC703746,2025-08-28 10:33, KH546856783,SP3192
WC703747,2025-08-28 11:23,KH208872681,SP3303
WC703748,2025-08-28 12:27,KH701434158,SP3020
WC703749,2025-08-28 12:37,KH878758857,SP3033
WC703750,2025-08-28 13:23,KH281945866,SP3078
WC703751,2025-08-28 13:24,KH401402888,SP3265
WC703752,2025-08-28 14:26,KH599287712,SP3080
WC703753,2025-08-28 15:53,kh862383583,SP3355
WC703754,2025-08-28 16:13,kh217533524,SP3378
WC703755,2025-08-28 17:01,KH372598991,SP3100
WC703756,2025-08-28 18:31, KH115818052,SP3043
WC703757,2025-08-28 18:45,kh699932404,SP3029
WC703758,2025-08-28 19:58,KH-340617247,SP3192
WC703759,2025-08-28 20:49,KH722978366,SP3122
WC703760,2025-08-28 22:48,KH575106739,SP3079
WC703761,2025-08-28 23:20,KH572243327,SP3309
WC703762,2025-08-28 23:48,KH817872936,SP3216
WC703763,2025-08-29 00:50,KH474862115,SP3243
WC703764,2025-08-29 01:20,KH770395271,SP3197
WC703765,2025-08-29 01:35,KH495030951,SP3228
WC703766,2025-08-29 01:47,KH346794765,SP3092
WC703767,2025-08-29 03:01,KH485599368,SP3121
WC703768,2025-08-29 03:25,kh960267348,SP3097
WC703769,2025-08-29 03:25, KH928890786,SP3112
WC703770,2025-08-29 03:45,kh226211451,SP3146
WC703771,2025-08-29 05:55,KH210038719,SP3028
WC703772,2025-08-29 06:29,KH-773106430,SP3241
WC703773,2025-08-29 07:20,KH-318771722,SP3102
WC703774,2025-08-29 07:49,KH997986649,SP3321
WC703775,2025-08-29 08:30,KH554921842,SP3045
WC703776,2025-08-29 09:17, KH533411556,SP3111
WC703777,2025-08-29 09:24,KH599287712,SP3275
WC703778,2025-08-29 09:31,KH941495500,SP3054
WC703779,2025-08-29 12:22,KH784748870,SP3097
WC703780,2025-08-29 13:01,KH583957224,SP3049
WC703781,2025-08-29 15:04,KH526641242,SP3374
WC703782,2025-08-29 15:35,KH-168420866,SP3302
WC703783,2025-08-29 15:46,KH537446980,SP3053
WC703784,2025-08-29 16:00,kh236749554,SP3140
WC703785,2025-08-29 16:12, KH843177175,SP3065
WC703786,2025-08-29 17:26,KH411108035,SP3326
WC703787,2025-08-29 18:27,KH276288387,SP3234
WC703788,2025-08-29 20:06, KH416438618,SP3113
WC703789,2025-08-29 20:06,KH963313193,SP3078
WC703790,2025-08-30 00:25,kh846391475,SP3189
WC703791,2025-08-30 01:09,KH836612919,SP3350
WC703792,2025-08-30 01:54,KH899199304,SP3259
WC703793,2025-08-30 02:52, KH711607214,SP3269
WC703794,2025-08-30 06:40,KH947429465,SP3168
WC703795,2025-08-30 08:01,kh675029641,SP3374
WC703796,2025-08-30 10:41,KH122491141,SP3025
WC703797,2025-08-30 11:30,KH216291700,SP3081
WC703798,2025-08-30 12:44, KH960267348,SP3136
WC703799,2025-08-30 14:08,KH887956879,SP3164
WC703800,2025-08-30 16:14,KH401133493,SP3297
WC703801,2025-08-30 17:38,kh498472533,SP3320
WC703802,2025-08-30 18:16,KH205426953,SP3339
WC703803,2025-08-30 18:20,kh560736263,SP3378
WC703804,2025-08-30 18:39,KH864211553,SP3323
WC703805,2025-08-30 18:43,KH200507863,SP3324
WC703806,2025-08-31 00:12,KH372961531,SP3250
WC703807,2025-08-31 00:51,KH484718048,SP3111
WC703808,2025-08-31 01:09,kh554686444,SP3177
WC703809,2025-08-31 01:20,KH914664074,SP3139
WC703810,2025-08-31 02:29,KH843124162,SP3172
WC703811,2025-08-31 02:35,kh813544925,SP3327
WC703812,2025-08-31 02:54,KH751561567,SP3198
WC703813,2025-08-31 04:57, KH362618554,SP3279
WC703814,2025-08-31 05:27,KH213632384,SP3188
WC703815,2025-08-31 06:50, KH113402706,SP3261
WC703816,2025-08-31 08:36,KH827721507,SP3235
WC703817,2025-08-31 08:53,kh920552992,SP3306
WC703818,2025-08-31 09:48,KH-189148359,SP3168
WC703819,2025-08-31 10:41,KH729718338,SP3280
WC703820,2025-08-31 12:23,KH842293690,SP3147
WC703821,2025-08-31 14:10,KH819567592,SP3267
WC703822,2025-08-31 14:40,KH450384742,SP3053
WC703823,2025-08-31 14:48,KH608017501,SP3061
WC703824,2025-08-31 15:00,KH415901123,SP3192
WC703825,2025-08-31 17:17,KH621472029,SP3005
WC703826,2025-08-31 17:22, KH856061364,SP3171
WC703827,2025-08-31 17:41,KH923482277,SP3216
WC703828,2025-08-31 19:46,KH685732621,SP3267
WC703829,2025-08-31 20:01,KH654082479,SP3095
WC703830,2025-08-31 23:46,KH303931673,SP3041
WC703831,2025-08-31 23:48,KH994217516,SP3192
WC703832,2025-09-01 00:53,kh769054473,SP3061
WC703833,2025-09-01 02:33,KH295145285,SP3183
WC703834,2025-09-01 04:45,KH620594449,SP3092
WC703835,2025-09-01 05:46,KH485678449,SP3308
WC703836,2025-09-01 07:02,KH343682235,SP3288
WC703837,2025-09-01 08:33,KH303786415,SP3185
WC703838,2025-09-01 09:26,KH-241415207,SP3297
WC703839,2025-09-01 09:32,KH186202502,SP3269
WC703840,2025-09-01 09:40, KH229564439,SP3185
WC703841,2025-09-01 10:32,KH272703776,SP3323
WC703842,2025-09-01 11:20,KH719293468,SP3369
WC703843,2025-09-01 11:26,KH431685063,SP3148
WC703844,2025-09-01 13:04,KH823171103,SP3218
WC703845,2025-09-01 13:06,KH540967509,SP3082
WC703846,2025-09-01 14:07, KH699230103,SP3038
WC703847,2025-09-01 14:19,KH842199338,SP3168
WC703848,2025-09-01 14:35, KH492090642,SP3064
WC703849,2025-09-01 16:19,KH766704975,SP3299
WC703850,2025-09-01 16:25,KH623184492,SP3320
WC703851,2025-09-01 17:03,KH373287618,SP3325
WC703852,2025-09-01 17:33,KH604860527,SP3368
WC703853,2025-09-01 17:39,KH171065092,SP3103
WC703854,2025-09-01 17:45,KH771830905,SP3275
WC703855,2025-09-01 17:54,KH797024314,SP3243
WC703856,2025-09-01 18:05,KH159592749,SP3098
WC703857,2025-09-01 18:33,KH448688009,SP3145
WC703858,2025-09-01 19:33,KH744089110,SP3041
WC703859,2025-09-01 19:38,kh102991493,SP3281
WC703860,2025-09-01 20:33,KH409394692,SP3238
WC703861,2025-09-01 20:35,KH308130491,SP3275
WC703862,2025-09-01 21:07,kh471562535,SP3291
WC703863,2025-09-01 21:56, KH500353421,SP3262
WC703864,2025-09-01 22:59,kh669908361,SP3104
WC703865,2025-09-01 23:01,kh629335873,SP3275
WC703866,2025-09-01 23:03,KH208546950,SP3251
WC703867,2025-09-01 23:25,KH808433876,SP3320
WC703868,2025-09-02 00:34,KH865157450,SP3035
WC703869,2025-09-02 00:48,KH798424563,SP3285
WC703870,2025-09-02 02:05,KH719365902,SP3230
WC703871,2025-09-02 02:48,KH534002898,SP3203
WC703872,2025-09-02 05:04,KH847077812,SP3182
WC703873,2025-09-02 05:52,KH431069929,SP3272
WC703874,2025-09-02 07:42, KH289424523,SP3016
WC703875,2025-09-02 08:24,KH715528588,SP3241
WC703876,2025-09-02 13:29,KH603287638,SP3240
WC703877,2025-09-02 16:09,KH570917750,SP3087
WC703878,2025-09-02 16:45,KH-919262245,SP3374
WC703879,2025-09-02 20:59,KH904398539,SP3084
WC703880,2025-09-02 22:19,KH778717039,SP3077
WC703881,2025-09-02 22:31,KH434637174,SP3144
WC703882,2025-09-03 02:47,KH967048193,SP3117
WC703883,2025-09-03 04:19,KH483037498,SP3374
WC703884,2025-09-03 04:59,KH969430678,SP3360
WC703885,2025-09-03 06:03,kh514526429,SP3183
WC703886,2025-09-03 06:43,KH125186322,SP3177
WC703887,2025-09-03 07:18,KH214985069,SP3001
WC703888,2025-09-03 07:27,KH-776232168,SP3150
WC703889,2025-09-03 08:49, KH813249819,SP3144
WC703890,2025-09-03 09:05,KH953822277,SP3326
WC703891,2025-09-03 09:17,kh439098207,SP3171
WC703892,2025-09-03 09:33, KH828965606,SP3033
WC703893,2025-09-03 11:07,KH206932679,SP3068
WC703894,2025-09-03 11:39,KH516248266,SP3001
WC703895,2025-09-03 11:43,KH830994419,SP3304
WC703896,2025-09-03 12:03,KH-283174273,SP3012
WC703897,2025-09-03 12:28,KH-782319189,SP3081
WC703898,2025-09-03 13:57,KH817309900,SP3369
WC703899,2025-09-03 15:08, KH721322728,SP3185
WC703900,2025-09-03 16:11,kh227762335,SP3356
WC703901,2025-09-03 16:44,KH401133493,SP3272
WC703902,2025-09-03 17:16, KH475714833,SP3308
WC703903,2025-09-03 18:05,KH861215674,SP3092
WC703904,2025-09-03 18:05,KH-375350447,SP3043
WC703905,2025-09-03 19:08,KH434637174,SP3272
WC703906,2025-09-03 19:20,KH271446177,SP3255
WC703907,2025-09-03 21:16,KH766967952,SP3065
WC703908,2025-09-03 21:31,KH303541515,SP3122
WC703909,2025-09-03 22:13,kh869655726,SP3130
WC703910,2025-09-04 00:27,KH200991499,SP3189
WC703911,2025-09-04 01:14,kh919262245,SP3207
WC703912,2025-09-04 01:49,KH267238949,SP3073
WC703913,2025-09-04 02:13, KH264100745,SP3351
WC703914,2025-09-04 02:24,KH579904353,SP3038
WC703915,2025-09-04 04:28,kh369078529,SP3150
WC703916,2025-09-04 04:33,KH-591464592,SP3159
WC703917,2025-09-04 05:02,KH967962336,SP3341
WC703918,2025-09-04 05:50,KH255648844,SP3242
WC703919,2025-09-04 06:14,KH992086664,SP3040
WC703920,2025-09-04 06:44,KH113984030,SP3171
WC703921,2025-09-04 09:22,KH113430269,SP3162
WC703922,2025-09-04 10:17,kh805050297,SP3370
WC703923,2025-09-04 11:27,KH208546950,SP3032
WC703924,2025-09-04 13:14,KH934324109,SP3026
WC703925,2025-09-04 13:40,KH820818432,SP3092
WC703926,2025-09-04 14:01,kh421157494,SP3359
WC703927,2025-09-04 14:57,KH-772468778,SP3342
WC703928,2025-09-04 15:27, KH420484279,SP3253
WC703929,2025-09-04 16:46,KH910701974,SP3002
WC703930,2025-09-04 16:56,KH464823927,SP3128
WC703931,2025-09-04 17:52,KH104301336,SP3012
WC703932,2025-09-04 18:36,KH420851416,SP3175
WC703933,2025-09-04 19:50,KH253560442,SP3035
WC703934,2025-09-04 19:54,KH492961024,SP3213
WC703935,2025-09-04 20:12,KH732846395,SP3146
WC703936,2025-09-04 20:14,KH143806822,SP3363
WC703937,2025-09-04 22:24,KH497349861,SP3164
WC703938,2025-09-05 01:27, KH991584678,SP3138
WC703939,2025-09-05 02:37,KH892296889,SP3268
WC703940,2025-09-05 04:06,KH715527767,SP3374
WC703941,2025-09-05 04:45,KH559307776,SP3352
WC703942,2025-09-05 05:48,KH501034360,SP3202
WC703943,2025-09-05 06:36,KH690165183,SP3078
WC703944,2025-09-05 06:42,KH488152644,SP3250
WC703945,2025-09-05 06:51,KH347230077,SP3376
WC703946,2025-09-05 07:27,KH947324687,SP3032
WC703947,2025-09-05 07:46,KH296426208,SP3024
WC703948,2025-09-05 08:23,KH673062752,SP3308
WC703949,2025-09-05 08:36, KH593494648,SP3065
WC703950,2025-09-05 08:54,KH674979069,SP3106
WC703951,2025-09-05 09:28,KH856500797,SP3051
WC703952,2025-09-05 10:08,kh552671559,SP3132
WC703953,2025-09-05 11:09,KH141475167,SP3378
WC703954,2025-09-05 11:39,KH589144867,SP3218
WC703955,2025-09-05 13:23,KH715581074,SP3049
WC703956,2025-09-05 13:24,kh457849815,SP3084
WC703957,2025-09-05 14:04,KH326144600,SP3041
WC703958,2025-09-05 15:02,KH358338684,SP3371
WC703959,2025-09-05 15:14,KH831955199,SP3120
WC703960,2025-09-05 15:49,KH688491548,SP3067
WC703961,2025-09-05 15:56, KH322688953,SP3349
WC703962,2025-09-05 16:17,kh156911641,SP3111
WC703963,2025-09-05 16:28,kh749430467,SP3055
WC703964,2025-09-05 16:38,KH866799439,SP3049
WC703965,2025-09-05 16:43,KH890658201,SP3323
WC703966,2025-09-05 17:32,KH606335875,SP3277
WC703967,2025-09-05 18:00,KH-310081340,SP3358
WC703968,2025-09-05 18:39, KH978557849,SP3054
WC703969,2025-09-05 19:05,KH312113652,SP3148
WC703970,2025-09-05 19:41,KH476138952,SP3024
WC703971,2025-09-05 20:23,kh295671312,SP3053
WC703972,2025-09-05 20:53,kh416632851,SP3127
WC703973,2025-09-05 21:13,KH566423734,SP3262
WC703974,2025-09-05 21:33,KH962695397,SP3209
WC703975,2025-09-05 22:52,KH734711540,SP3332
WC703976,2025-09-05 23:32,KH189052084,SP3378
WC703977,2025-09-06 00:02,KH647733092,SP3345
WC703978,2025-09-06 00:13,KH699865979,SP3178
WC703979,2025-09-06 01:03,kh112576407,SP3078
WC703980,2025-09-06 01:24,KH905033988,SP3181
WC703981,2025-09-06 01:44,KH942918514,SP3373
WC703982,2025-09-06 06:12,KH519135323,SP3046
WC703983,2025-09-06 07:02,KH422015180,SP3067
WC703984,2025-09-06 07:45,KH726955982,SP3180
WC703985,2025-09-06 10:57,KH359203510,SP3015
WC703986,2025-09-06 11:07,kh709757390,SP3322
WC703987,2025-09-06 11:09,KH392813647,SP3028
WC703988,2025-09-06 13:32,KH276805495,SP3248
WC703989,2025-09-06 13:59,KH-274891594,SP3372
WC703990,2025-09-06 14:03,KH282484634,SP3134
WC703991,2025-09-06 16:14,KH519322388,SP3292
WC703992,2025-09-06 17:34,KH-576346293,SP3109
WC703993,2025-09-06 18:55,KH855728908,SP3132
WC703994,2025-09-06 18:58,KH369826047,SP3204
WC703995,2025-09-06 20:38,KH849036404,SP3205
WC703996,2025-09-06 23:30,kh807665742,SP3144
WC703997,2025-09-07 00:18,KH614573252,SP3127
WC703998,2025-09-07 00:29,KH686437365,SP3078
WC703999,2025-09-07 00:51,KH551957195,SP3189
WC704000,2025-09-07 01:34,KH193706593,SP3132
WC704001,2025-09-07 01:35,kh578042355,SP3202
WC704002,2025-09-07 04:10,KH-770582146,SP3326
WC704003,2025-09-07 05:06, KH487311143,SP3084
WC704004,2025-09-07 05:55,KH177504289,SP3349
WC704005,2025-09-07 06:47,KH392817541,SP3188
WC704006,2025-09-07 06:52,KH863238840,SP3255
WC704007,2025-09-07 10:04,KH668696452,SP3360
WC704008,2025-09-07 12:04,KH552354132,SP3373
WC704009,2025-09-07 12:05, KH186994755,SP3135
WC704010,2025-09-07 12:28,KH-720735564,SP3362
WC704011,2025-09-07 12:48,KH648301453,SP3026
WC704012,2025-09-07 13:25,kh742086222,SP3148
WC704013,2025-09-07 13:33,kh194529321,SP3096
WC704014,2025-09-07 13:47,KH698185680,SP3186
WC704015,2025-09-07 14:16,KH603319409,SP3374
WC704016,2025-09-07 15:05,KH556534686,SP3120
WC704017,2025-09-07 15:20,KH313697076,SP3352
WC704018,2025-09-07 16:15,KH743620971,SP3091
WC704019,2025-09-07 17:56,KH-277225496,SP3355
WC704020,2025-09-07 18:54,KH892037893,SP3121
WC704021,2025-09-07 19:33,KH800487554,SP3075
WC704022,2025-09-07 20:08,KH192884005,SP3140
WC704023,2025-09-07 20:16,KH839668324,SP3230
WC704024,2025-09-07 20:36,KH950498995,SP3196
WC704025,2025-09-07 21:15,KH732677623,SP3082
WC704026,2025-09-07 22:20,KH690020623,SP3279
WC704027,2025-09-07 22:40,KH456137811,SP3216
WC704028,2025-09-07 23:41, KH265481562,SP3227
WC704029,2025-09-08 00:02,KH441614598,SP3376
WC704030,2025-09-08 01:30,KH270449443,SP3162
WC704031,2025-09-08 01:55, KH593494648,SP3219
WC704032,2025-09-08 02:16,KH246876574,SP3360
WC704033,2025-09-08 03:02,KH501064154,SP3291
WC704034,2025-09-08 03:14,KH137801094,SP3269
WC704035,2025-09-08 05:07,KH584590530,SP3066
WC704036,2025-09-08 06:42,KH559614115,SP3133
WC704037,2025-09-08 06:47,KH208204753,SP3113
WC704038,2025-09-08 06:53,KH994910250,SP3178
WC704039,2025-09-08 08:03,KH628045907,SP3277
WC704040,2025-09-08 09:10,KH268281909,SP3314
WC704041,2025-09-08 09:55,KH758261811,SP3363
WC704042,2025-09-08 10:06,KH768107919,SP3212
WC704043,2025-09-08 10:13,KH142137691,SP3104
WC704044,2025-09-08 13:05,KH763292599,SP3046
WC704045,2025-09-08 13:35,KH-382373048,SP3349
WC704046,2025-09-08 13:39,KH801627839,SP3185
WC704047,2025-09-08 13:39,KH-565583835,SP3371
WC704048,2025-09-08 13:56, KH547372612,SP3006
WC704049,2025-09-08 14:01,KH812686820,SP3146
WC704050,2025-09-08 14:28,KH485296091,SP3135
WC704051,2025-09-08 14:41,KH-483454431,SP3018
WC704052,2025-09-08 17:19,KH735281369,SP3025
WC704053,2025-09-08 19:02,KH726476076,SP3063
WC704054,2025-09-08 19:16,KH303343202,SP3158
WC704055,2025-09-08 20:49,kh734245300,SP3166
WC704057,2025-09-08 21:38,KH322688953,SP3185
WC704056,2025-09-08 21:38, KH937665322,SP3335
WC704058,2025-09-08 22:17,KH154356055,SP3218
WC704059,2025-09-08 23:00, KH144458346,SP3356
WC704060,2025-09-08 23:08, KH271497711,SP3266
WC704061,2025-09-09 00:09,KH339633221,SP3168
WC704062,2025-09-09 00:55,KH516450740,SP3257
WC704063,2025-09-09 02:27,KH905033988,SP3345
WC704064,2025-09-09 02:54,KH128341423,SP3134
WC704065,2025-09-09 03:05,KH-469958526,SP3284
WC704066,2025-09-09 06:04,KH337843104,SP3117
WC704067,2025-09-09 06:33,KH798444862,SP3068
WC704068,2025-09-09 08:10,KH551510633,SP3330
WC704069,2025-09-09 08:21,KH782679170,SP3077
WC704070,2025-09-09 10:06,KH844319441,SP3062
WC704071,2025-09-09 10:50,KH978824287,SP3044
WC704072,2025-09-09 11:06,KH559469573,SP3016
WC704073,2025-09-09 11:20,KH-566627552,SP3214
WC704074,2025-09-09 11:22,KH756234441,SP3141
WC704075,2025-09-09 13:01,KH960898002,SP3139
WC704076,2025-09-09 14:03, KH716676510,SP3323
WC704077,2025-09-09 14:06,KH333195455,SP3351
WC704078,2025-09-09 14:12,KH874148546,SP3230
WC704079,2025-09-09 14:50,KH561556347,SP3058
WC704080,2025-09-09 14:58, KH398797098,SP3180
WC704081,2025-09-09 15:19,KH-465298045,SP3282
WC704082,2025-09-09 15:31,KH934083170,SP3205
WC704083,2025-09-09 16:04, KH425565943,SP3328
WC704084,2025-09-09 17:11,kh689204937,SP3240
WC704085,2025-09-09 17:17,KH229564439,SP3126
WC704086,2025-09-09 20:33,KH522258470,SP3067
WC704087,2025-09-09 21:16,KH756164998,SP3227
WC704088,2025-09-09 22:24,KH661653538,SP3032
WC704089,2025-09-09 22:25,KH-711080526,SP3363
WC704090,2025-09-09 23:15,KH749214034,SP3265
WC704091,2025-09-10 00:46,KH702965923,SP3065
WC704092,2025-09-10 00:48, KH566443728,SP3296
WC704093,2025-09-10 00:48,KH203545650,SP3360
WC704094,2025-09-10 00:59,KH828840495,SP3197
WC704095,2025-09-10 03:44,KH961920313,SP3190
WC704096,2025-09-10 05:29,KH491280894,SP3094
WC704097,2025-09-10 06:31, KH544363714,SP3334
WC704098,2025-09-10 06:36,kh471471128,SP3271
WC704099,2025-09-10 06:39,KH143228176,SP3362
WC704100,2025-09-10 06:49,KH652237970,SP3086
WC704101,2025-09-10 08:50, KH223309740,SP3071
WC704102,2025-09-10 10:34,kh692349979,SP3029
WC704103,2025-09-10 10:36,kh140318004,SP3369
WC704104,2025-09-10 11:12,KH787945175,SP3068
WC704105,2025-09-10 12:03,KH639895130,SP3354
WC704106,2025-09-10 12:19,KH566927079,SP3096
WC704107,2025-09-10 15:28,KH916260614,SP3177
WC704108,2025-09-10 17:19,KH276288387,SP3218
WC704109,2025-09-10 18:12,KH330981450,SP3150
WC704110,2025-09-10 19:35,kh897199316,SP3230
WC704111,2025-09-10 19:52,KH293254022,SP3250
WC704112,2025-09-10 21:35,KH284253874,SP3247
WC704113,2025-09-10 23:13,KH648486017,SP3113
WC704114,2025-09-10 23:17,KH650923926,SP3134
WC704115,2025-09-11 00:13,kh277828984,SP3255
WC704116,2025-09-11 01:56,KH233032589,SP3258
WC704117,2025-09-11 02:29, KH661653711,SP3230
WC704118,2025-09-11 02:39,KH961969283,SP3208
WC704119,2025-09-11 04:47,KH962736785,SP3104
WC704120,2025-09-11 08:49,kh416943956,SP3240
WC704121,2025-09-11 09:22,KH878152394,SP3058
WC704122,2025-09-11 10:42,KH111651039,SP3292
WC704123,2025-09-11 14:22,KH-640643305,SP3279
WC704124,2025-09-11 18:34,KH525997749,SP3054
WC704125,2025-09-11 19:17, KH676972391,SP3159
WC704126,2025-09-11 19:35,KH940062007,SP3302
WC704127,2025-09-11 19:42,kh524315471,SP3106
WC704128,2025-09-11 22:49,KH968429575,SP3272
WC704129,2025-09-11 23:23,KH589144867,SP3117
WC704130,2025-09-11 23:45,KH932831252,SP3125
WC704131,2025-09-12 00:34,KH939435493,SP3175
WC704132,2025-09-12 00:40,KH407071814,SP3077
WC704133,2025-09-12 00:45,KH392777346,SP3332
WC704134,2025-09-12 01:39,kh859589692,SP3257
WC704135,2025-09-12 02:25,KH445468114,SP3260
WC704136,2025-09-12 03:04,KH281994563,SP3024
WC704137,2025-09-12 03:41,KH528680505,SP3326
WC704138,2025-09-12 06:29,KH588906802,SP3187
WC704139,2025-09-12 06:55,KH495901213,SP3028
WC704140,2025-09-12 09:08,KH890432821,SP3162
WC704141,2025-09-12 10:08,KH165988029,SP3280
WC704142,2025-09-12 10:44,KH842987453,SP3024
WC704143,2025-09-12 11:46,KH695317892,SP3235
WC704144,2025-09-12 14:24,KH427047034,SP3112
WC704145,2025-09-12 14:56,KH935030290,SP3158
WC704146,2025-09-12 15:44,KH566443728,SP3269
WC704147,2025-09-12 15:51,KH496470520,SP3049
WC704148,2025-09-12 17:27,KH464556335,SP3138
WC704149,2025-09-12 18:58,kh127528468,SP3267
WC704150,2025-09-12 19:13,KH170117110,SP3064
WC704151,2025-09-12 19:32,kh649431210,SP3013
WC704152,2025-09-12 20:04,KH260699999,SP3019
WC704153,2025-09-12 20:52, KH644698927,SP3078
WC704154,2025-09-12 23:15,KH987363743,SP3273
WC704155,2025-09-12 23:24,KH774732266,SP3379
WC704156,2025-09-12 23:54,KH126357913,SP3073
WC704157,2025-09-13 00:17,KH-873699425,SP3057
WC704158,2025-09-13 01:19, KH263088053,SP3002
WC704159,2025-09-13 01:52,KH185047283,SP3066
WC704160,2025-09-13 03:19,KH352315840,SP3092
WC704161,2025-09-13 05:18,KH-700960842,SP3206
WC704162,2025-09-13 08:32,KH784679045,SP3360
WC704163,2025-09-13 08:36,KH253554181,SP3325
WC704164,2025-09-13 09:28,KH400995717,SP3181
WC704165,2025-09-13 12:42,KH-451199562,SP3274
WC704166,2025-09-13 13:08,kh950809083,SP3264
WC704167,2025-09-13 13:20,KH579522094,SP3354
WC704168,2025-09-13 14:38,KH727846878,SP3046
WC704169,2025-09-13 15:13,KH638590217,SP3094
WC704170,2025-09-13 15:26,kh211320591,SP3347
WC704171,2025-09-13 16:00,KH894484200,SP3279
WC704172,2025-09-13 16:13,KH677161178,SP3330
WC704173,2025-09-13 16:20, KH978606930,SP3322
WC704174,2025-09-13 17:59,KH322688953,SP3100
WC704175,2025-09-13 18:16,KH662899504,SP3032
WC704176,2025-09-13 18:33, KH281545169,SP3088
WC704177,2025-09-13 20:27,KH916081397,SP3001
WC704178,2025-09-13 20:43,KH986308207,SP3323
WC704179,2025-09-13 22:08,KH916260614,SP3047
WC704180,2025-09-13 22:31,KH-766922491,SP3235
WC704181,2025-09-13 22:41,KH571227275,SP3219
WC704182,2025-09-13 23:48,KH533518190,SP3338
WC704183,2025-09-14 01:33,kh249617188,SP3030
WC704184,2025-09-14 01:36,KH249735177,SP3227
WC704185,2025-09-14 03:23,KH969966269,SP3070
WC704186,2025-09-14 03:38,kh900553247,SP3163
WC704187,2025-09-14 05:00,KH544958160,SP3069
WC704188,2025-09-14 08:03,kh121098933,SP3363
WC704189,2025-09-14 08:57,KH240565878,SP3161
WC704190,2025-09-14 09:56,KH832493880,SP3028
WC704191,2025-09-14 12:34,KH715522209,SP3152
WC704192,2025-09-14 13:16,KH-174343266,SP3292
WC704193,2025-09-14 13:45,KH-147944439,SP3339
WC704194,2025-09-14 14:53,KH283241322,SP3200
WC704195,2025-09-14 15:01,KH258494649,SP3171
WC704196,2025-09-14 15:14,kh181162671,SP3032
WC704197,2025-09-14 15:21,KH917559936,SP3324
WC704198,2025-09-14 16:23,KH-589144867,SP3202
WC704199,2025-09-14 16:23,KH808326232,SP3025
WC704200,2025-09-14 17:19, KH158353894,SP3148
WC704201,2025-09-14 18:09,KH168555066,SP3079
WC704202,2025-09-14 18:19,KH621383841,SP3312
WC704203,2025-09-14 19:14,KH286026577,SP3333
WC704204,2025-09-14 19:51,KH324178442,SP3211
WC704205,2025-09-14 19:54,KH403932852,SP3026
WC704206,2025-09-14 22:16,KH255010487,SP3334
WC704207,2025-09-14 23:52,KH-935570347,SP3183
WC704208,2025-09-14 23:55, KH967812474,SP3067
WC704209,2025-09-15 00:56,KH275977012,SP3242
WC704210,2025-09-15 01:38,KH427403079,SP3097
WC704211,2025-09-15 02:08,KH325227634,SP3263
WC704212,2025-09-15 03:13,KH138192224,SP3235
WC704213,2025-09-15 04:38,KH637629515,SP3052
WC704214,2025-09-15 04:38,KH-117796395,SP3008
WC704215,2025-09-15 06:19,KH499719428,SP3169
WC704216,2025-09-15 06:39,KH309069623,SP3020
WC704217,2025-09-15 07:42,KH510019061,SP3064
WC704218,2025-09-15 08:50,KH440239161,SP3175
WC704219,2025-09-15 09:29,KH873492170,SP3361
WC704220,2025-09-15 12:45,KH351776650,SP3296
WC704221,2025-09-15 13:33,KH498472533,SP3100
WC704222,2025-09-15 14:06,kh354114935,SP3314
WC704223,2025-09-15 16:01,KH239948634,SP3003
WC704224,2025-09-15 20:54,KH790432434,SP3278
WC704225,2025-09-15 21:00, KH177309661,SP3166
WC704226,2025-09-15 22:58,kh501419155,SP3213
WC704227,2025-09-15 23:11,KH121073025,SP3185
WC704228,2025-09-15 23:32,KH648124836,SP3151
WC704229,2025-09-16 00:13, KH573185748,SP3183
WC704230,2025-09-16 03:14, KH526981656,SP3128
WC704231,2025-09-16 05:41,KH695378824,SP3055
WC704232,2025-09-16 06:12,KH928208871,SP3368
WC704233,2025-09-16 08:40,KH614573252,SP3119
WC704234,2025-09-16 08:45,KH-248353981,SP3258
WC704235,2025-09-16 11:23,KH-800208104,SP3322
WC704236,2025-09-16 12:11,KH504785631,SP3036
WC704237,2025-09-16 12:32,KH691867905,SP3093
WC704238,2025-09-16 12:48,KH197812774,SP3130
WC704239,2025-09-16 13:33, KH122110070,SP3258
WC704240,2025-09-16 13:41,KH781984291,SP3130
WC704241,2025-09-16 14:12,KH528680505,SP3218
WC704242,2025-09-16 14:30,KH689639945,SP3227
WC704243,2025-09-16 14:57,KH709179375,SP3377
WC704244,2025-09-16 15:23,KH669794238,SP3067
WC704245,2025-09-16 15:34,KH-933245123,SP3173
WC704246,2025-09-16 16:21,KH158350721,SP3073
WC704247,2025-09-16 16:44, KH216291700,SP3164
WC704248,2025-09-16 16:54,KH981051792,SP3117
WC704249,2025-09-16 17:00,KH991096749,SP3343
WC704250,2025-09-16 20:17, KH152689974,SP3166
WC704251,2025-09-16 20:49,KH-523517739,SP3175
WC704252,2025-09-16 20:56,KH600301297,SP3126
WC704253,2025-09-16 21:11,KH-497786988,SP3282
WC704254,2025-09-16 21:37,KH555753403,SP3032
WC704255,2025-09-16 21:53,KH-670526126,SP3340
WC704256,2025-09-16 21:55,KH951928954,SP3368
WC704257,2025-09-16 22:27,KH835725595,SP3262
WC704258,2025-09-16 22:44,kh364358249,SP3030
WC704259,2025-09-17 00:26,KH434031705,SP3338
WC704260,2025-09-17 00:58, KH103058812,SP3259
WC704261,2025-09-17 05:50,KH224062946,SP3350
WC704262,2025-09-17 05:55,KH872735175,SP3379
WC704263,2025-09-17 08:12,KH960348278,SP3192
WC704264,2025-09-17 08:13,KH781984291,SP3202
WC704265,2025-09-17 08:26,kh324598815,SP3244
WC704266,2025-09-17 09:05,KH253287061,SP3058
WC704267,2025-09-17 10:57,KH254448326,SP3251
WC704268,2025-09-17 11:55,KH208837026,SP3053
WC704269,2025-09-17 14:18,KH706689349,SP3260
WC704270,2025-09-17 16:32,KH396629532,SP3022
WC704271,2025-09-17 17:16,KH627826966,SP3370
WC704272,2025-09-17 19:37,KH379666429,SP3163
WC704273,2025-09-17 20:09,KH462105199,SP3325
WC704274,2025-09-17 22:20,KH829136069,SP3106
WC704275,2025-09-17 23:08,kh137693655,SP3004
WC704276,2025-09-17 23:28,kh459849303,SP3237
WC704277,2025-09-17 23:42,KH-700872885,SP3301
WC704278,2025-09-18 00:37, KH241174460,SP3021
WC704279,2025-09-18 02:53,KH678018978,SP3052
WC704280,2025-09-18 03:01,KH405761913,SP3277
WC704281,2025-09-18 04:18,KH427403079,SP3199
WC704282,2025-09-18 05:53,KH230338199,SP3241
WC704283,2025-09-18 05:56,KH242559978,SP3070
WC704284,2025-09-18 06:01,KH929501792,SP3013
WC704285,2025-09-18 06:19,KH495582173,SP3378
WC704286,2025-09-18 08:44,KH651886314,SP3080
WC704287,2025-09-18 09:08,KH342700943,SP3248
WC704288,2025-09-18 09:19,KH351776650,SP3189
WC704289,2025-09-18 10:08,KH969890501,SP3251
WC704290,2025-09-18 10:10,KH389732624,SP3225
WC704291,2025-09-18 10:52,KH987999566,SP3213
WC704292,2025-09-18 12:49,kh102576409,SP3195
WC704293,2025-09-18 13:31,KH287133646,SP3369
WC704294,2025-09-18 13:48,KH-205936004,SP3006
WC704295,2025-09-18 15:10,KH561137264,SP3230
WC704296,2025-09-18 15:55,KH282510785,SP3251
WC704297,2025-09-18 17:02,KH698257363,SP3132
WC704298,2025-09-18 17:39,KH520358991,SP3216
WC704299,2025-09-18 17:46,KH439954334,SP3218
WC704300,2025-09-18 18:36, KH348345250,SP3132
WC704301,2025-09-18 19:11, KH612906259,SP3055
WC704302,2025-09-18 21:11,KH572243327,SP3083
WC704303,2025-09-18 22:30,KH314397510,SP3354
WC704304,2025-09-18 22:57,KH-151681615,SP3200
WC704305,2025-09-19 02:37,KH638941617,SP3304
WC704306,2025-09-19 02:47,KH824759386,SP3106
WC704307,2025-09-19 03:46,kh120869156,SP3354
WC704308,2025-09-19 03:55,kh703183283,SP3158
WC704309,2025-09-19 04:49, KH450728818,SP3132
WC704310,2025-09-19 08:12,KH719365902,SP3234
WC704311,2025-09-19 08:22,KH829843994,SP3329
WC704312,2025-09-19 10:06,KH-421955784,SP3138
WC704313,2025-09-19 10:36,KH687877953,SP3132
WC704314,2025-09-19 11:35,KH485270810,SP3288
WC704315,2025-09-19 11:58, KH732144753,SP3116
WC704316,2025-09-19 12:25,KH857718531,SP3211
WC704317,2025-09-19 12:46,KH-712274839,SP3024
WC704318,2025-09-19 15:33,KH544588913,SP3153
WC704319,2025-09-19 15:35,KH350760007,SP3030
WC704320,2025-09-19 15:50, KH595439990,SP3030
WC704321,2025-09-19 16:20,KH-732679463,SP3238
WC704322,2025-09-19 18:46,KH846464557,SP3237
WC704323,2025-09-19 19:00,kh474418598,SP3075
WC704324,2025-09-19 19:42, KH973882322,SP3359
WC704325,2025-09-19 19:58,KH937509673,SP3205
WC704327,2025-09-19 20:53,KH726232343,SP3247
WC704326,2025-09-19 20:53,KH187556357,SP3102
WC704328,2025-09-20 02:16, KH390588983,SP3271
WC704329,2025-09-20 02:33,KH-910195093,SP3073
WC704330,2025-09-20 02:42,KH160510796,SP3032
WC704331,2025-09-20 02:55,KH881231778,SP3251
WC704332,2025-09-20 03:05,kh656595971,SP3304
WC704333,2025-09-20 03:30,KH382746663,SP3339
WC704334,2025-09-20 04:04,kh106953794,SP3333
WC704335,2025-09-20 04:20,KH182123606,SP3213
WC704336,2025-09-20 05:05,KH342235107,SP3371
WC704337,2025-09-20 05:35,KH615318498,SP3257
WC704338,2025-09-20 06:10,KH780424541,SP3117
WC704339,2025-09-20 09:29,KH194649958,SP3130
WC704340,2025-09-20 10:26,KH469056311,SP3133
WC704341,2025-09-20 10:53,KH669614430,SP3159
WC704342,2025-09-20 11:31,KH462209225,SP3341
WC704343,2025-09-20 12:27,KH874284828,SP3342
WC704344,2025-09-20 13:15,kh267230003,SP3148
WC704345,2025-09-20 14:10,KH380311678,SP3365
WC704346,2025-09-20 14:36,KH241585321,SP3086
WC704347,2025-09-20 15:56,KH979641549,SP3369
WC704348,2025-09-20 16:40,KH289824831,SP3280
WC704349,2025-09-20 17:36,KH204932150,SP3094
WC704350,2025-09-20 18:07,KH696790798,SP3259
WC704351,2025-09-20 18:22, KH581402584,SP3066
WC704352,2025-09-20 19:06,KH507725177,SP3216
WC704353,2025-09-20 20:53,KH110695211,SP3106
WC704354,2025-09-20 22:41,KH713383781,SP3026
WC704355,2025-09-20 23:08,KH295764935,SP3201
WC704356,2025-09-20 23:12,KH611171570,SP3082
WC704357,2025-09-21 01:37,KH308079730,SP3323
WC704358,2025-09-21 02:02,kh351046344,SP3117
WC704359,2025-09-21 05:41, KH268973398,SP3369
WC704360,2025-09-21 06:46,KH-279569239,SP3323
WC704361,2025-09-21 07:14,KH387526551,SP3214
WC704362,2025-09-21 07:26,KH424251546,SP3169
WC704363,2025-09-21 07:34,kh456931283,SP3255
WC704364,2025-09-21 09:19,KH311322765,SP3361
WC704365,2025-09-21 10:42,KH961634589,SP3297
WC704366,2025-09-21 11:38,KH-311047029,SP3163
WC704367,2025-09-21 12:26,KH963098182,SP3213
WC704368,2025-09-21 12:39,KH550962672,SP3127
WC704369,2025-09-21 14:07, KH404866524,SP3054
WC704370,2025-09-21 14:24,KH870183901,SP3310
WC704371,2025-09-21 14:36,KH939430455,SP3178
WC704372,2025-09-21 15:20,KH694992153,SP3062
WC704373,2025-09-21 16:17,kh312113652,SP3079
WC704374,2025-09-21 18:01,KH872019063,SP3054
WC704375,2025-09-21 21:10,KH400855639,SP3370
WC704376,2025-09-21 21:34,kh895963187,SP3301
WC704377,2025-09-21 21:53,KH935768900,SP3097
WC704378,2025-09-21 22:49,KH556030954,SP3376
WC704379,2025-09-21 23:04,KH687999333,SP3237
WC704380,2025-09-22 00:39,KH395995645,SP3046
WC704381,2025-09-22 01:28,KH-920458049,SP3124
WC704382,2025-09-22 02:35,KH416498830,SP3248
WC704383,2025-09-22 04:30,KH-790441748,SP3352
WC704384,2025-09-22 05:15,KH345327846,SP3061
WC704385,2025-09-22 06:49,kh190159999,SP3162
WC704386,2025-09-22 07:21,kh612991043,SP3137
WC704387,2025-09-22 07:33,KH931616574,SP3068
WC704388,2025-09-22 08:22,KH-556908924,SP3210
WC704389,2025-09-22 10:05,KH971466956,SP3051
WC704390,2025-09-22 10:16,KH334561748,SP3025
WC704391,2025-09-22 10:49,kh995826317,SP3135
WC704392,2025-09-22 12:10,KH313811562,SP3171
WC704393,2025-09-22 13:31,KH623855467,SP3215
WC704394,2025-09-22 14:05,KH-325039448,SP3072
WC704395,2025-09-22 14:23,KH998804208,SP3358
WC704396,2025-09-22 15:11,KH670923670,SP3164
WC704397,2025-09-22 16:03,KH-949132993,SP3025
WC704398,2025-09-22 16:52, KH307202435,SP3013
WC704399,2025-09-22 17:23,KH549146269,SP3114
WC704400,2025-09-22 17:40,KH762701250,SP3088
WC704401,2025-09-22 18:04,KH195976503,SP3364
WC704402,2025-09-22 19:07,KH621569206,SP3297
WC704403,2025-09-22 19:10,KH876513426,SP3021
WC704404,2025-09-22 19:13,KH662106589,SP3068
WC704405,2025-09-22 19:52,KH-903664136,SP3122
WC704406,2025-09-22 20:51,KH974343793,SP3217
WC704407,2025-09-22 21:08,KH588997261,SP3189
WC704408,2025-09-22 21:48, KH647454149,SP3306
WC704409,2025-09-22 22:03,KH100806756,SP3069
WC704410,2025-09-22 23:11,KH419080937,SP3143
WC704412,2025-09-22 23:14,KH126143436,SP3370
WC704411,2025-09-22 23:14,KH271058238,SP3260
WC704413,2025-09-23 00:07,kh181688040,SP3329
WC704414,2025-09-23 00:54,KH-200218141,SP3377
WC704415,2025-09-23 01:07,KH670268991,SP3006
WC704416,2025-09-23 01:20,KH451771225,SP3034
WC704417,2025-09-23 01:58,kh570811713,SP3310
WC704418,2025-09-23 02:01,KH696350549,SP3373
WC704419,2025-09-23 03:08, KH544610008,SP3241
WC704420,2025-09-23 04:32,KH213664412,SP3110
WC704421,2025-09-23 05:13,KH619979984,SP3341
WC704422,2025-09-23 05:41,KH195349205,SP3207
WC704423,2025-09-23 06:36, KH793676846,SP3359
WC704424,2025-09-23 07:46,KH723086904,SP3120
WC704425,2025-09-23 08:32, KH567108402,SP3302
WC704426,2025-09-23 09:04,KH407967570,SP3293
WC704427,2025-09-23 09:32,kh459601809,SP3278
WC704428,2025-09-23 10:34,KH572091955,SP3258
WC704429,2025-09-23 13:14,kh882913722,SP3314
WC704430,2025-09-23 14:46, KH163542562,SP3183
WC704431,2025-09-23 16:24,kh203384485,SP3339
WC704432,2025-09-23 17:58,KH-765060148,SP3370
WC704433,2025-09-23 18:36,kh624047372,SP3034
WC704434,2025-09-23 19:16,KH397259110,SP3349
WC704435,2025-09-23 20:06,KH153281527,SP3159
WC704436,2025-09-23 20:29,KH701657715,SP3321
WC704437,2025-09-23 21:35,KH821197310,SP3004
WC704438,2025-09-23 21:59,kh706444270,SP3213
WC704439,2025-09-23 22:23,KH221969468,SP3125
WC704440,2025-09-23 22:39,KH616076682,SP3078
WC704441,2025-09-24 00:30,KH-101301968,SP3281
WC704442,2025-09-24 00:37,kh769234850,SP3284
WC704443,2025-09-24 00:56,KH924470388,SP3135
WC704444,2025-09-24 01:15,KH481926407,SP3185
WC704445,2025-09-24 02:02,kh982108641,SP3216
WC704446,2025-09-24 02:57,kh830068787,SP3250
WC704447,2025-09-24 04:01,KH557161750,SP3251
WC704448,2025-09-24 05:21,KH592478335,SP3043
WC704449,2025-09-24 06:00,KH379890302,SP3324
WC704450,2025-09-24 06:19,KH594644359,SP3378
WC704451,2025-09-24 06:37,KH509237754,SP3250
WC704452,2025-09-24 07:15, KH536376916,SP3297
WC704453,2025-09-24 09:30,kh229716662,SP3198
WC704454,2025-09-24 11:15,KH-194755360,SP3230
WC704455,2025-09-24 11:20,KH193560735,SP3158
WC704456,2025-09-24 15:18,KH399782786,SP3182
WC704457,2025-09-24 15:40,KH223705793,SP3062
WC704458,2025-09-24 15:42,kh647454149,SP3356
WC704459,2025-09-24 17:54,KH336484277,SP3175
WC704460,2025-09-24 19:08,KH927572281,SP3185
WC704461,2025-09-24 19:46,KH475792063,SP3171
WC704462,2025-09-24 22:38,kh444929262,SP3268
WC704463,2025-09-25 00:10,KH772106042,SP3088
WC704464,2025-09-25 01:39,KH155012168,SP3060
WC704465,2025-09-25 02:38,kh683693926,SP3267
WC704466,2025-09-25 03:00,KH206321027,SP3314
WC704467,2025-09-25 03:16,KH733374306,SP3140
WC704468,2025-09-25 04:57,KH648412628,SP3094
WC704469,2025-09-25 05:36,KH874260733,SP3205
WC704470,2025-09-25 06:29,KH164905517,SP3250
WC704471,2025-09-25 07:08,KH783774119,SP3306
WC704472,2025-09-25 07:30,KH-195375918,SP3370
WC704473,2025-09-25 07:46,kh568765194,SP3188
WC704474,2025-09-25 08:10,KH156883780,SP3354
WC704475,2025-09-25 08:59,KH226794978,SP3016
WC704476,2025-09-25 09:00,KH476561902,SP3268
WC704477,2025-09-25 10:45,KH429266230,SP3290
WC704478,2025-09-25 11:04,KH808024489,SP3340
WC704479,2025-09-25 16:36,KH649022543,SP3098
WC704480,2025-09-25 17:06,KH376117058,SP3289
WC704481,2025-09-25 18:16,KH507169472,SP3264
WC704482,2025-09-25 20:28,KH674100929,SP3134
WC704483,2025-09-25 21:38,KH822658793,SP3271
WC704484,2025-09-25 22:19,KH963827132,SP3205
WC704485,2025-09-25 22:52,KH615761563,SP3069
WC704486,2025-09-25 23:28,KH491280894,SP3250
WC704487,2025-09-25 23:29,KH616846669,SP3153
WC704488,2025-09-26 00:01, KH568984980,SP3026
WC704489,2025-09-26 00:03,KH760548880,SP3055
WC704490,2025-09-26 00:15,KH-746194572,SP3051
WC704491,2025-09-26 03:46, KH559060959,SP3019
WC704492,2025-09-26 05:16,KH160373447,SP3208
WC704493,2025-09-26 05:20,KH272634069,SP3154
WC704494,2025-09-26 06:52,KH472522994,SP3205
WC704495,2025-09-26 07:19,KH590800082,SP3040
WC704496,2025-09-26 08:46,KH525648368,SP3004
WC704497,2025-09-26 09:12,KH223461947,SP3081
WC704498,2025-09-26 09:46,KH256090071,SP3040
WC704499,2025-09-26 10:33,KH694076603,SP3036
WC704500,2025-09-26 11:30, KH165988029,SP3330
WC704501,2025-09-26 12:50,KH971515085,SP3046
WC704502,2025-09-26 14:59,KH929579425,SP3257
WC704503,2025-09-26 15:16,KH400179664,SP3331
WC704504,2025-09-26 15:53, KH613610555,SP3119
WC704505,2025-09-26 16:33,kh107219701,SP3116
WC704506,2025-09-26 17:12,KH416442388,SP3183
WC704507,2025-09-26 17:33,KH530990957,SP3097
WC704508,2025-09-26 18:03,KH734245300,SP3139
WC704509,2025-09-26 18:08,kh526714739,SP3163
WC704510,2025-09-26 18:23,KH796264648,SP3342
WC704511,2025-09-26 19:11,KH801838820,SP3074
WC704512,2025-09-26 20:52,KH260554993,SP3041
WC704513,2025-09-26 21:22, KH307376047,SP3276
WC704514,2025-09-26 21:53,KH701415712,SP3112
WC704515,2025-09-26 23:02,KH136584183,SP3198
WC704516,2025-09-26 23:51,KH749825420,SP3097
WC704517,2025-09-27 00:57, KH197172465,SP3332
WC704518,2025-09-27 01:27,KH-584064189,SP3163
WC704519,2025-09-27 01:41,KH992752635,SP3016
WC704520,2025-09-27 01:52,KH446792965,SP3046
WC704521,2025-09-27 02:07,KH609127326,SP3132
WC704522,2025-09-27 03:03,KH420017172,SP3271
WC704523,2025-09-27 07:21,KH661591218,SP3178
WC704524,2025-09-27 07:33,KH740949419,SP3133
WC704525,2025-09-27 08:21, KH543139083,SP3308
WC704526,2025-09-27 08:50, KH758729640,SP3124
WC704527,2025-09-27 08:50,KH271021793,SP3215
WC704528,2025-09-27 09:40,KH535723086,SP3330
WC704529,2025-09-27 11:06,KH710152248,SP3296
WC704530,2025-09-27 13:24,KH-227256626,SP3069
WC704531,2025-09-27 13:24,kh630896126,SP3237
WC704532,2025-09-27 15:28,KH161297990,SP3360
WC704533,2025-09-27 15:31,KH562313144,SP3106
WC704534,2025-09-27 17:12,KH-178770617,SP3185
WC704535,2025-09-27 19:03,KH485624875,SP3331
WC704536,2025-09-27 19:07, KH453532865,SP3199
WC704537,2025-09-27 20:42,KH950970917,SP3060
WC704538,2025-09-27 22:10,KH800487554,SP3376
WC704539,2025-09-28 00:30,kh883104070,SP3312
WC704540,2025-09-28 01:01,KH923217952,SP3351
WC704541,2025-09-28 02:07,kh806187937,SP3106
WC704542,2025-09-28 02:44,KH215932750,SP3273
WC704543,2025-09-28 04:27,KH-746709036,SP3036
WC704544,2025-09-28 04:27,KH713644276,SP3328
WC704545,2025-09-28 06:32,KH969011756,SP3043
WC704546,2025-09-28 06:57,kh675774604,SP3095
WC704547,2025-09-28 07:52,KH912321246,SP3347
WC704548,2025-09-28 08:28,KH361630972,SP3173
WC704549,2025-09-28 08:45, KH978084423,SP3364
WC704550,2025-09-28 10:57,KH848906364,SP3222
WC704551,2025-09-28 13:51,KH998589418,SP3112
WC704552,2025-09-28 15:07,kh334541821,SP3026
WC704553,2025-09-28 15:45,KH653888745,SP3119
WC704554,2025-09-28 15:53,KH329078853,SP3348
WC704555,2025-09-28 16:24,KH963827132,SP3144
WC704556,2025-09-28 17:23,KH660926540,SP3063
WC704557,2025-09-28 18:09,KH385498449,SP3137
WC704558,2025-09-28 18:23,KH833033636,SP3179
WC704559,2025-09-28 18:38,KH302266588,SP3133
WC704560,2025-09-28 19:24,kh408688388,SP3051
WC704561,2025-09-28 20:41,kh830068787,SP3063
WC704562,2025-09-28 21:18,KH696023994,SP3019
WC704563,2025-09-28 22:00,KH894761176,SP3066
WC704564,2025-09-29 00:31,KH629268098,SP3121
WC704565,2025-09-29 02:47,KH335616191,SP3373
WC704566,2025-09-29 03:03,KH261510827,SP3094
WC704567,2025-09-29 03:16,KH596255112,SP3235
WC704568,2025-09-29 05:52,KH245046393,SP3351
WC704569,2025-09-29 08:46,KH197721419,SP3077
WC704570,2025-09-29 09:12, KH648351038,SP3333
WC704571,2025-09-29 10:09,KH932599129,SP3137
WC704572,2025-09-29 10:18,KH830655953,SP3199
WC704573,2025-09-29 12:39,KH107243791,SP3177
WC704574,2025-09-29 15:59,KH762310186,SP3032
WC704575,2025-09-29 18:54,KH482905680,SP3185
WC704576,2025-09-29 20:49,KH378108395,SP3210
WC704577,2025-09-29 21:31,KH315345080,SP3113
WC704578,2025-09-29 22:23,KH242303873,SP3117
WC704579,2025-09-29 22:31,kh945422004,SP3012
WC704580,2025-09-29 22:35,KH-425200317,SP3124
WC704581,2025-09-29 23:14,KH682409547,SP3111
WC704582,2025-09-30 00:20,KH970613437,SP3120
WC704583,2025-09-30 01:22,KH733447319,SP3272
WC704584,2025-09-30 01:57,KH510050078,SP3196
WC704585,2025-09-30 02:05,KH448439982,SP3141
WC704586,2025-09-30 02:35,KH510050078,SP3119
WC704587,2025-09-30 05:05,KH530484110,SP3345
WC704588,2025-09-30 06:53,KH941549606,SP3134
WC704589,2025-09-30 08:22,KH260699999,SP3099
WC704590,2025-09-30 10:20,KH615487399,SP3095
WC704591,2025-09-30 10:24,KH435716411,SP3151
WC704592,2025-09-30 12:51,kh461072318,SP3183
WC704593,2025-09-30 14:31,KH792694484,SP3306
WC704594,2025-09-30 16:38,KH609338249,SP3276
WC704595,2025-09-30 16:45,kh667917110,SP3241
WC704596,2025-09-30 17:01, KH961875912,SP3225
WC704597,2025-09-30 17:29,KH948681539,SP3102
WC704598,2025-09-30 17:32,kh644367969,SP3292
WC704599,2025-09-30 17:36,KH180739581,SP3083
WC704600,2025-09-30 18:07, KH144456121,SP3148
WC704601,2025-09-30 18:14,kh981506829,SP3269
WC704602,2025-09-30 22:43,KH248132228,SP3211
WC704603,2025-09-30 22:48,KH417100619,SP3218
WC704604,2025-09-30 22:49,KH762160522,SP3271
WC704605,2025-09-30 23:42,KH590976279,SP3225
WC704606,2025-10-01 03:11, KH427577689,SP3289
WC704607,2025-10-01 06:32,KH309707565,SP3289
WC704608,2025-10-01 06:44, KH409787846,SP3308
WC704609,2025-10-01 07:47,KH747814303,SP3257
WC704610,2025-10-01 08:58, KH912227767,SP3213
WC704611,2025-10-01 09:22,KH405687163,SP3308
WC704612,2025-10-01 10:07,kh594502333,SP3298
WC704613,2025-10-01 10:26,KH994289318,SP3222
WC704614,2025-10-01 11:37,kh419139390,SP3325
WC704615,2025-10-01 12:04,KH447249915,SP3103
WC704616,2025-10-01 12:56,kh494021884,SP3178
WC704617,2025-10-01 14:29,KH978655684,SP3146
WC704618,2025-10-01 15:15,KH684575614,SP3114
WC704619,2025-10-01 15:29,kh115787543,SP3340
WC704620,2025-10-01 17:29,KH593620432,SP3084
WC704621,2025-10-01 17:54,KH678824833,SP3036
WC704622,2025-10-01 18:04,KH932573095,SP3183
WC704623,2025-10-01 18:19,KH680376692,SP3216
WC704624,2025-10-01 18:40,KH659293532,SP3087
WC704625,2025-10-01 18:52,KH642618071,SP3268
WC704626,2025-10-01 19:37,KH858873370,SP3325
WC704627,2025-10-01 20:13,KH128355188,SP3072
WC704628,2025-10-01 20:23, KH759795680,SP3106
WC704629,2025-10-01 20:56,KH778717039,SP3196
WC704630,2025-10-01 22:10,KH330981450,SP3205
WC704631,2025-10-01 22:49,KH234623861,SP3151
WC704632,2025-10-01 23:40, KH487682577,SP3292
WC704633,2025-10-01 23:58,KH840994131,SP3165
WC704634,2025-10-02 02:17,KH354399804,SP3309
WC704635,2025-10-02 02:38,KH666262794,SP3206
WC704636,2025-10-02 02:46,KH627895146,SP3030
WC704637,2025-10-02 03:22,KH-985071206,SP3377
WC704638,2025-10-02 04:47,KH-692963276,SP3263
WC704639,2025-10-02 05:05,KH-948016431,SP3356
WC704640,2025-10-02 06:30,KH940333961,SP3237
WC704641,2025-10-02 07:14,KH585266878,SP3241
WC704642,2025-10-02 08:39,KH655819571,SP3082
WC704643,2025-10-02 10:37,KH948812961,SP3026
WC704644,2025-10-02 11:06,KH268074127,SP3004
WC704645,2025-10-02 13:50,KH306791137,SP3061
WC704646,2025-10-02 15:55,kh197966442,SP3087
WC704647,2025-10-02 16:24,KH694973745,SP3355
WC704648,2025-10-02 16:44,KH320231910,SP3057
WC704649,2025-10-02 17:18,KH-111859607,SP3158
WC704650,2025-10-02 18:42,kh360518289,SP3322
WC704651,2025-10-02 19:33,KH981146975,SP3298
WC704652,2025-10-02 19:45,KH696547845,SP3197
WC704653,2025-10-02 20:13,KH971034952,SP3082
WC704654,2025-10-02 21:17,KH967551387,SP3068
WC704655,2025-10-02 21:37,KH516538024,SP3003
WC704656,2025-10-02 21:48,KH375375244,SP3180
WC704657,2025-10-02 22:52,KH278413270,SP3017
WC704658,2025-10-03 00:08,KH484868648,SP3086
WC704659,2025-10-03 00:16,kh425163487,SP3095
WC704660,2025-10-03 01:22,KH335584517,SP3159
WC704661,2025-10-03 01:34,KH718009019,SP3349
WC704662,2025-10-03 01:36,KH899140113,SP3018
WC704663,2025-10-03 02:11,KH965914848,SP3122
WC704664,2025-10-03 02:16, KH192714259,SP3193
WC704665,2025-10-03 06:15,KH300324178,SP3302
WC704666,2025-10-03 06:42,KH319710748,SP3230
WC704667,2025-10-03 07:17, KH700247642,SP3248
WC704668,2025-10-03 07:21, KH570499791,SP3053
WC704669,2025-10-03 08:49,KH741083673,SP3377
WC704670,2025-10-03 09:23,kh867321432,SP3249
WC704671,2025-10-03 10:49,KH928687473,SP3269
WC704672,2025-10-03 12:29,KH218367353,SP3053
WC704673,2025-10-03 12:33,KH718217790,SP3303
WC704674,2025-10-03 12:44,kh165901539,SP3111
WC704675,2025-10-03 13:30,KH673631893,SP3361
WC704676,2025-10-03 14:55,KH370377182,SP3337
WC704677,2025-10-03 15:37,KH194794018,SP3139
WC704678,2025-10-03 18:26, KH652335544,SP3354
WC704679,2025-10-03 19:11,kh102005255,SP3264
WC704680,2025-10-03 19:53,KH907812101,SP3340
WC704681,2025-10-03 19:55,KH294892733,SP3026
WC704682,2025-10-03 19:58,KH938102843,SP3172
WC704683,2025-10-03 20:36,KH331408675,SP3253
WC704684,2025-10-03 22:00, KH827915950,SP3082
WC704685,2025-10-03 23:08,KH197248958,SP3358
WC704686,2025-10-04 00:17,KH566052715,SP3325
WC704687,2025-10-04 02:07,KH118223527,SP3049
WC704688,2025-10-04 02:12,KH-229858353,SP3151
WC704689,2025-10-04 02:30,kh603287638,SP3331
WC704690,2025-10-04 03:09,KH784411261,SP3022
WC704691,2025-10-04 05:00,KH-730255815,SP3208
WC704692,2025-10-04 06:10,KH662378058,SP3228
WC704693,2025-10-04 06:11,KH934239258,SP3089
WC704694,2025-10-04 08:10,KH329425528,SP3312
WC704695,2025-10-04 08:45,KH182796252,SP3173
WC704696,2025-10-04 11:29,KH-811867458,SP3168
WC704697,2025-10-04 12:10,KH-184398206,SP3158
WC704698,2025-10-04 12:58,KH370949679,SP3204
WC704699,2025-10-04 14:03,KH774317012,SP3268
WC704700,2025-10-04 14:52,kh669415709,SP3113
WC704701,2025-10-04 15:09,KH677586588,SP3212
WC704702,2025-10-04 15:40,KH152997835,SP3043
WC704703,2025-10-04 16:16,KH527935621,SP3022
WC704704,2025-10-04 17:10,KH155495380,SP3053
WC704705,2025-10-04 19:19,KH239588534,SP3062
WC704706,2025-10-04 20:03,KH191035962,SP3268
WC704707,2025-10-04 20:23,kh222507223,SP3032
WC704708,2025-10-04 20:38,KH866718463,SP3076
WC704709,2025-10-04 21:20,KH-911145789,SP3193
WC704710,2025-10-04 23:30,KH384895172,SP3031
WC704711,2025-10-05 00:20,KH944523907,SP3362
WC704712,2025-10-05 00:24, KH747099593,SP3326
WC704713,2025-10-05 04:10,KH859650602,SP3155
WC704714,2025-10-05 04:52,KH747799199,SP3262
WC704715,2025-10-05 05:19,KH113947139,SP3238
WC704716,2025-10-05 05:41,KH238937300,SP3280
WC704717,2025-10-05 06:23,KH484695232,SP3200
WC704718,2025-10-05 06:37,KH111995701,SP3140
WC704719,2025-10-05 06:47,KH371141731,SP3155
WC704720,2025-10-05 06:53,KH507713338,SP3323
WC704721,2025-10-05 07:14,KH996558740,SP3195
WC704722,2025-10-05 07:29,KH867321432,SP3122
WC704723,2025-10-05 08:07,KH612788054,SP3237
WC704724,2025-10-05 09:16,KH809982520,SP3235
WC704725,2025-10-05 09:33,kh147755220,SP3068
WC704726,2025-10-05 11:31,KH459301273,SP3350
WC704727,2025-10-05 11:47,KH320818770,SP3063
WC704728,2025-10-05 14:31,KH170670412,SP3309
WC704729,2025-10-05 15:06,KH535382441,SP3063
WC704730,2025-10-05 15:26,KH471738883,SP3201
WC704731,2025-10-05 16:54,KH697200657,SP3365
WC704732,2025-10-05 17:38,KH846184025,SP3069
WC704733,2025-10-05 19:07, KH793867833,SP3029
WC704734,2025-10-05 19:10,KH999721703,SP3360
WC704735,2025-10-05 19:53,KH393162719,SP3020
WC704736,2025-10-05 20:03,KH605801105,SP3355
WC704737,2025-10-05 20:55,KH112575053,SP3213
WC704738,2025-10-05 23:18,KH792691845,SP3332
WC704739,2025-10-06 00:08,kh920289831,SP3342
WC704740,2025-10-06 00:28,KH153211920,SP3049
WC704741,2025-10-06 01:47,KH944396474,SP3028
WC704742,2025-10-06 02:07,KH749455840,SP3222
WC704743,2025-10-06 02:35,KH780625964,SP3249
WC704744,2025-10-06 02:47,KH869674093,SP3033
WC704745,2025-10-06 03:17,KH162402334,SP3212
WC704746,2025-10-06 05:38,KH673521742,SP3235
WC704747,2025-10-06 05:49,KH716469480,SP3173
WC704748,2025-10-06 06:02,KH249135098,SP3363
WC704749,2025-10-06 07:59,KH280034453,SP3181
WC704750,2025-10-06 08:47,KH288502775,SP3022
WC704751,2025-10-06 09:53,KH652335544,SP3203
WC704752,2025-10-06 11:03,KH253056929,SP3130
WC704753,2025-10-06 11:10,kh400908142,SP3021
WC704754,2025-10-06 11:46,KH545813338,SP3285
WC704755,2025-10-06 17:56,KH629707290,SP3241
WC704756,2025-10-06 18:29, KH212047723,SP3097
WC704757,2025-10-06 19:16,KH293175723,SP3372
WC704758,2025-10-06 19:17,KH288190698,SP3279
WC704759,2025-10-06 19:30,KH748356910,SP3154
WC704760,2025-10-06 19:58,KH886333871,SP3172
WC704761,2025-10-06 20:13,KH-894240915,SP3238
WC704762,2025-10-06 20:21,KH989548286,SP3130
WC704763,2025-10-06 22:10,KH667240939,SP3062
WC704764,2025-10-07 02:56,KH291227731,SP3260
WC704765,2025-10-07 03:37,KH796107999,SP3198
WC704766,2025-10-07 05:55,KH394341182,SP3004
WC704767,2025-10-07 07:06,KH104418448,SP3241
WC704768,2025-10-07 09:18,KH303786415,SP3058
WC704769,2025-10-07 11:38,KH-144694839,SP3179
WC704770,2025-10-07 12:15,KH391592503,SP3349
WC704771,2025-10-07 15:13,KH320445173,SP3013
WC704772,2025-10-07 16:08,KH492065319,SP3182
WC704773,2025-10-07 16:24,KH260361183,SP3364
WC704774,2025-10-07 17:38, KH967551387,SP3330
WC704775,2025-10-07 21:03,KH-719365902,SP3247
WC704776,2025-10-07 22:18,KH623276184,SP3220
WC704777,2025-10-07 22:38,KH212500038,SP3158
WC704778,2025-10-07 22:59,KH294833365,SP3293
WC704779,2025-10-08 00:24,kh471228328,SP3058
WC704780,2025-10-08 00:55,KH-924285308,SP3215
WC704781,2025-10-08 00:55,KH669048315,SP3081
WC704782,2025-10-08 01:55,KH748878416,SP3265
WC704783,2025-10-08 02:24,KH560332748,SP3068
WC704784,2025-10-08 02:53,kh769850486,SP3015
WC704785,2025-10-08 02:56,KH566443728,SP3094
WC704786,2025-10-08 03:03,KH256395688,SP3257
WC704787,2025-10-08 03:20,KH525883025,SP3134
WC704788,2025-10-08 04:14,KH987999566,SP3045
WC704789,2025-10-08 05:10,KH347127627,SP3167
WC704790,2025-10-08 05:24,KH874260733,SP3179
WC704791,2025-10-08 06:31,KH-266807679,SP3242
WC704792,2025-10-08 06:40,kh758688022,SP3351
WC704793,2025-10-08 06:44, KH307688906,SP3351
WC704794,2025-10-08 07:02,KH258040250,SP3269
WC704795,2025-10-08 08:03,kh534145370,SP3103
WC704796,2025-10-08 08:07,KH129308582,SP3302
WC704797,2025-10-08 08:54,KH-976809876,SP3025
WC704798,2025-10-08 16:41,KH833033636,SP3342
WC704799,2025-10-08 16:46,KH194934485,SP3263
WC704800,2025-10-08 17:06, KH836499572,SP3103
WC704801,2025-10-08 17:55,kh786717157,SP3119
WC704802,2025-10-08 20:02,KH746194618,SP3354
WC704803,2025-10-08 21:00,KH807137083,SP3309
WC704804,2025-10-08 21:19,kh249066727,SP3297
WC704805,2025-10-08 22:19,kh797718312,SP3339
WC704806,2025-10-08 23:22,kh156814355,SP3322
WC704807,2025-10-08 23:59,KH948988477,SP3193
WC704808,2025-10-09 00:11,KH957054853,SP3093
WC704809,2025-10-09 02:03,KH778550882,SP3013
WC704810,2025-10-09 03:26,KH724022892,SP3291
WC704811,2025-10-09 03:42,KH648290600,SP3124
WC704812,2025-10-09 07:22,KH443320847,SP3325
WC704813,2025-10-09 08:58,KH722300850,SP3292
WC704814,2025-10-09 09:09, KH128341423,SP3216
WC704815,2025-10-09 11:27,KH-892790903,SP3301
WC704816,2025-10-09 11:43,KH208872681,SP3281
WC704817,2025-10-09 12:52,KH367981954,SP3030
WC704818,2025-10-09 13:41,KH621431411,SP3264
WC704819,2025-10-09 15:33,KH135844507,SP3202
WC704820,2025-10-09 15:51,KH571227275,SP3276
WC704821,2025-10-09 16:21,KH554112072,SP3202
WC704822,2025-10-09 18:08,KH781515105,SP3333
WC704823,2025-10-09 18:23,KH383856333,SP3043
WC704824,2025-10-09 18:51,KH-347467991,SP3260
WC704825,2025-10-09 19:36,KH194035719,SP3066
WC704826,2025-10-09 22:00,KH473051996,SP3213
WC704827,2025-10-09 22:01,kh177870587,SP3202
WC704828,2025-10-09 22:16,KH560332748,SP3217
WC704829,2025-10-09 23:17,KH934324109,SP3182
WC704830,2025-10-10 00:59,KH159833977,SP3215
WC704831,2025-10-10 01:38,KH610826223,SP3083
WC704832,2025-10-10 02:33,KH778381764,SP3266
WC704833,2025-10-10 02:43,KH688722998,SP3043
WC704834,2025-10-10 02:49,KH961616591,SP3144
WC704835,2025-10-10 02:55,KH306407679,SP3154
WC704836,2025-10-10 03:26,KH944198432,SP3047
WC704837,2025-10-10 03:45,KH523284761,SP3140
WC704838,2025-10-10 04:10,KH415463217,SP3079
WC704839,2025-10-10 06:00,KH730371317,SP3354
WC704840,2025-10-10 07:44,KH506679201,SP3180
WC704841,2025-10-10 09:26,kh877896370,SP3013
WC704842,2025-10-10 12:21,KH178647616,SP3146
WC704843,2025-10-10 13:06,KH920262930,SP3139
WC704844,2025-10-10 14:00,KH-427601230,SP3355
WC704845,2025-10-10 14:38,KH416895325,SP3202
WC704846,2025-10-10 15:23,KH357768469,SP3230
WC704847,2025-10-10 16:44,KH-292101334,SP3131
WC704848,2025-10-10 17:52,kh956299480,SP3280
WC704849,2025-10-10 18:05,KH376493953,SP3002
WC704850,2025-10-10 21:38,KH987292371,SP3080
WC704851,2025-10-10 22:10,KH417703436,SP3290
WC704852,2025-10-10 23:53,KH205677745,SP3308
WC704853,2025-10-11 00:32, KH657671772,SP3322
WC704854,2025-10-11 00:44,KH829153360,SP3268
WC704855,2025-10-11 02:25,KH576309151,SP3139
WC704856,2025-10-11 04:34,KH403610320,SP3004
WC704857,2025-10-11 04:35,KH654082479,SP3351
WC704858,2025-10-11 04:43,KH461608325,SP3003
WC704859,2025-10-11 04:54,KH520090540,SP3028
WC704860,2025-10-11 06:08,KH120869156,SP3243
WC704861,2025-10-11 08:26,KH276113074,SP3005
WC704862,2025-10-11 09:01,KH-433310811,SP3204
WC704863,2025-10-11 09:03,KH568324575,SP3203
WC704864,2025-10-11 09:14,KH-823347071,SP3130
WC704865,2025-10-11 10:14,KH410099576,SP3332
WC704866,2025-10-11 10:58,KH427711433,SP3111
WC704867,2025-10-11 12:34,KH664182803,SP3182
WC704868,2025-10-11 13:12,KH188298921,SP3112
WC704869,2025-10-11 13:21,kh485347807,SP3101
WC704870,2025-10-11 15:07,KH726105611,SP3026
WC704871,2025-10-11 18:08,KH153003913,SP3363
WC704872,2025-10-11 19:18,KH203235100,SP3280
WC704873,2025-10-11 20:54,KH255944401,SP3061
WC704874,2025-10-11 21:54,KH-237894785,SP3133
WC704875,2025-10-11 22:56, KH379740424,SP3314
WC704876,2025-10-12 00:18,KH605849073,SP3096
WC704877,2025-10-12 03:47, KH771775153,SP3312
WC704878,2025-10-12 03:50,KH238787483,SP3095
WC704879,2025-10-12 04:08,KH153895599,SP3159
WC704880,2025-10-12 04:22,KH974110995,SP3251
WC704881,2025-10-12 05:28,KH490032587,SP3354
WC704882,2025-10-12 05:38,KH461026495,SP3190
WC704883,2025-10-12 07:15,KH551000537,SP3047
WC704884,2025-10-12 08:06,KH698194889,SP3327
WC704885,2025-10-12 08:54,KH626471039,SP3093
WC704886,2025-10-12 09:03,kh404583196,SP3074
WC704887,2025-10-12 09:50,KH118437214,SP3135
WC704888,2025-10-12 10:18,kh577800550,SP3119
WC704889,2025-10-12 10:25,KH-436330430,SP3351
WC704890,2025-10-12 10:27,KH155648818,SP3134
WC704891,2025-10-12 10:33,KH-649432919,SP3259
WC704892,2025-10-12 10:52,KH591377453,SP3094
WC704893,2025-10-12 10:54,KH-228975267,SP3103
WC704894,2025-10-12 11:10,KH-878641310,SP3291
WC704895,2025-10-12 12:26,KH778047772,SP3062
WC704896,2025-10-12 12:36,KH607217980,SP3332
WC704897,2025-10-12 12:42,KH918861605,SP3060
WC704898,2025-10-12 13:13,KH-324275450,SP3042
WC704899,2025-10-12 17:50,KH527944029,SP3262
WC704900,2025-10-12 18:04,KH696547845,SP3339
WC704901,2025-10-12 18:35,KH118971497,SP3181
WC704902,2025-10-12 18:39,KH-268138503,SP3341
WC704903,2025-10-12 19:17,KH871055440,SP3299
WC704904,2025-10-12 20:28,KH774614782,SP3330
WC704905,2025-10-12 20:48,kh985721759,SP3361
WC704906,2025-10-12 20:58,kh809360377,SP3320
WC704907,2025-10-12 21:52,KH216570846,SP3130
WC704908,2025-10-12 22:18,KH948988477,SP3102
WC704909,2025-10-12 23:54,KH-664945516,SP3247
WC704910,2025-10-13 01:56,KH534736614,SP3343
WC704911,2025-10-13 03:09,KH823419638,SP3281
WC704912,2025-10-13 03:27,KH676972391,SP3301
WC704913,2025-10-13 04:48,KH158390363,SP3093
WC704914,2025-10-13 05:16,KH136353948,SP3264
WC704915,2025-10-13 05:29,KH593044241,SP3177
WC704916,2025-10-13 05:29,KH121908254,SP3166
WC704917,2025-10-13 06:36,KH142829686,SP3012
WC704918,2025-10-13 07:11,KH703350442,SP3321
WC704919,2025-10-13 07:13,KH612788054,SP3142
WC704920,2025-10-13 08:39,KH793070249,SP3347
WC704921,2025-10-13 09:09,KH177528784,SP3360
WC704922,2025-10-13 12:18,KH548263799,SP3339
WC704923,2025-10-13 13:59,KH967893668,SP3206
WC704924,2025-10-13 14:15,KH111007525,SP3267
WC704925,2025-10-13 15:32,KH104418448,SP3282
WC704926,2025-10-13 15:46,KH619705724,SP3336
WC704927,2025-10-13 15:50,KH430835590,SP3017
WC704928,2025-10-13 17:10,KH739371242,SP3073
WC704929,2025-10-13 18:52,KH996353437,SP3371
WC704930,2025-10-13 19:14,KH460668248,SP3095
WC704931,2025-10-13 20:02,KH978531232,SP3328
WC704932,2025-10-13 20:37,KH376711890,SP3279
WC704933,2025-10-13 21:11,KH943128808,SP3103
WC704936,2025-10-13 22:09,KH424756937,SP3145
WC704935,2025-10-13 22:09,KH-577527711,SP3369
WC704934,2025-10-13 22:09,KH431069929,SP3199
WC704937,2025-10-13 23:20, KH677073556,SP3040
WC704938,2025-10-14 01:44, KH724232314,SP3298
WC704939,2025-10-14 02:35,KH510734336,SP3359
WC704940,2025-10-14 05:09,KH237600782,SP3052
WC704941,2025-10-14 05:14,KH330345653,SP3075
WC704942,2025-10-14 06:48,kh747785527,SP3208
WC704943,2025-10-14 08:43,KH467212460,SP3257
WC704944,2025-10-14 10:30,kh536462642,SP3064
WC704945,2025-10-14 12:22, KH224752269,SP3212
WC704946,2025-10-14 13:37,KH638316834,SP3321
WC704947,2025-10-14 14:52,KH429667002,SP3367
WC704948,2025-10-14 16:37,KH700245482,SP3052
WC704949,2025-10-14 17:08,KH854081248,SP3124
WC704950,2025-10-14 17:19, KH748331162,SP3190
WC704951,2025-10-14 17:27,KH961875912,SP3243
WC704952,2025-10-14 17:50,KH694188271,SP3216
WC704953,2025-10-14 18:45,KH669921834,SP3151
WC704954,2025-10-14 18:57,KH416484686,SP3012
WC704955,2025-10-14 19:31,KH301822804,SP3142
WC704956,2025-10-14 20:14,KH962984050,SP3116
WC704957,2025-10-14 20:34,KH856606831,SP3352
WC704958,2025-10-14 22:19,kh935768900,SP3029
WC704959,2025-10-14 22:30,KH664182803,SP3254
WC704960,2025-10-14 23:11,kh618228332,SP3204
WC704961,2025-10-14 23:31,KH204611279,SP3138
WC704962,2025-10-14 23:44, KH428383313,SP3030
WC704963,2025-10-15 00:31, KH804308451,SP3166
WC704964,2025-10-15 02:45,KH-276805495,SP3289
WC704965,2025-10-15 03:54,kh188996437,SP3123
WC704966,2025-10-15 04:36, KH160704901,SP3022
WC704967,2025-10-15 04:51,KH742231325,SP3044
WC704968,2025-10-15 04:58,KH970595949,SP3334
WC704969,2025-10-15 08:04,KH388128473,SP3230
WC704970,2025-10-15 09:10,KH621596485,SP3177
WC704971,2025-10-15 09:36,KH670526126,SP3095
WC704972,2025-10-15 11:18,KH737465462,SP3122
WC704973,2025-10-15 12:24,KH270434343,SP3271
WC704974,2025-10-15 13:30, KH554442282,SP3312
WC704975,2025-10-15 13:33,kh557449527,SP3148
WC704976,2025-10-15 14:30,KH344939748,SP3244
WC704977,2025-10-15 15:24,KH486088295,SP3002
WC704978,2025-10-15 16:08,KH343222775,SP3217
WC704979,2025-10-15 16:12,KH-538825137,SP3104
WC704980,2025-10-15 17:00,KH534590569,SP3272
WC704981,2025-10-15 18:00,kh338990420,SP3298
WC704982,2025-10-15 18:01,KH189517153,SP3041
WC704983,2025-10-15 18:04,KH585415381,SP3187
WC704984,2025-10-15 18:45,KH112028945,SP3262
WC704985,2025-10-15 22:17,KH484791959,SP3208
WC704986,2025-10-16 01:16, KH143772672,SP3219
WC704987,2025-10-16 02:16,KH939435493,SP3268
WC704988,2025-10-16 02:43,KH794098395,SP3339
WC704989,2025-10-16 03:58,KH282510785,SP3267
WC704990,2025-10-16 05:26,kh781896696,SP3053
WC704991,2025-10-16 05:56,KH522147616,SP3358
WC704992,2025-10-16 06:37,KH701484080,SP3165
WC704993,2025-10-16 06:55,KH-123918526,SP3102
WC704994,2025-10-16 07:09,KH728015655,SP3078
WC704995,2025-10-16 12:09,kh891353018,SP3312
WC704996,2025-10-16 12:39,KH731788326,SP3089
WC704997,2025-10-16 13:52, KH400201078,SP3123
WC704998,2025-10-16 17:11,KH252975992,SP3355
WC704999,2025-10-16 18:01,KH301564807,SP3087
WC705000,2025-10-16 18:20,kh844457017,SP3260
WC705001,2025-10-16 20:00,kh442810859,SP3198
WC705002,2025-10-16 21:26,KH283101942,SP3155
WC705003,2025-10-16 21:52,KH580959516,SP3282
WC705004,2025-10-17 00:14,KH797415920,SP3106
WC705005,2025-10-17 00:42,KH903414259,SP3003
WC705006,2025-10-17 01:49,KH-161392903,SP3002
WC705007,2025-10-17 02:33,KH-783136644,SP3225
WC705008,2025-10-17 02:50,KH285666836,SP3080
WC705009,2025-10-17 03:22,KH114857666,SP3255
WC705010,2025-10-17 03:43,KH842288040,SP3253
WC705011,2025-10-17 04:22,KH870567289,SP3023
WC705012,2025-10-17 05:31,kh152582651,SP3277
WC705013,2025-10-17 07:55,KH335683506,SP3150
WC705014,2025-10-17 08:14,KH-751561567,SP3038
WC705015,2025-10-17 08:37,KH843818901,SP3047
WC705016,2025-10-17 09:18,KH854450069,SP3377
WC705017,2025-10-17 10:47,KH720328692,SP3052
WC705018,2025-10-17 11:11,KH764168841,SP3243
WC705019,2025-10-17 11:26, KH691617350,SP3047
WC705020,2025-10-17 12:23,KH305909821,SP3309
WC705021,2025-10-17 14:45,kh995054593,SP3308
WC705022,2025-10-17 16:02, KH203868926,SP3301
WC705023,2025-10-17 21:10,KH191043520,SP3244
WC705024,2025-10-17 22:31,KH509720752,SP3060
WC705025,2025-10-17 22:46,KH695902260,SP3206
WC705026,2025-10-17 23:19,KH718421662,SP3299
WC705027,2025-10-17 23:20,kh493756315,SP3097
WC705028,2025-10-18 00:23, KH545585452,SP3291
WC705029,2025-10-18 00:38,KH249735177,SP3273
WC705030,2025-10-18 01:39,kh190028685,SP3183
WC705031,2025-10-18 03:18, KH944523907,SP3298
WC705032,2025-10-18 03:39,KH614197282,SP3054
WC705033,2025-10-18 03:44,KH-534590569,SP3078
WC705034,2025-10-18 04:26,KH-295223538,SP3265
WC705035,2025-10-18 07:26, KH167177607,SP3125
WC705036,2025-10-18 09:30,KH912879748,SP3038
WC705037,2025-10-18 10:03,kh894484200,SP3332
WC705038,2025-10-18 10:57,KH883587018,SP3012
WC705039,2025-10-18 11:21,KH601309127,SP3341
WC705040,2025-10-18 11:39,KH457894021,SP3373
WC705041,2025-10-18 11:54,kh280670998,SP3199
WC705042,2025-10-18 12:00,KH889458614,SP3056
WC705043,2025-10-18 13:40, KH270451030,SP3342
WC705044,2025-10-18 14:53,KH847267768,SP3376
WC705045,2025-10-18 14:57,KH450044754,SP3263
WC705046,2025-10-18 16:19,KH124701810,SP3235
WC705047,2025-10-18 17:03,KH713383781,SP3192
WC705048,2025-10-18 17:30,KH893050555,SP3049
WC705049,2025-10-18 18:26,KH855686630,SP3276
WC705050,2025-10-18 18:31,kh532309021,SP3084
WC705051,2025-10-18 19:31,KH550396418,SP3284
WC705052,2025-10-18 19:40,KH215790482,SP3128
WC705053,2025-10-18 22:24,KH788854876,SP3032
WC705054,2025-10-19 00:38,KH-626055197,SP3235
WC705055,2025-10-19 00:49,KH619534125,SP3053
WC705056,2025-10-19 01:59,KH-234642509,SP3055
WC705057,2025-10-19 03:16,KH814300561,SP3360
WC705058,2025-10-19 03:55,KH915969129,SP3004
WC705059,2025-10-19 04:03,KH-388218384,SP3047
WC705060,2025-10-19 05:35,KH576285009,SP3202
WC705061,2025-10-19 05:50,KH254123620,SP3072
WC705062,2025-10-19 05:56,KH149737367,SP3285
WC705063,2025-10-19 05:59,KH290730462,SP3328
WC705064,2025-10-19 06:34,KH801340607,SP3339
WC705065,2025-10-19 06:43,KH367331985,SP3306
WC705066,2025-10-19 07:39,KH622838525,SP3106
WC705067,2025-10-19 10:18,KH360108806,SP3025
WC705068,2025-10-19 10:49,KH914436521,SP3372
WC705069,2025-10-19 12:05,KH405571046,SP3163
WC705070,2025-10-19 14:31,KH890956009,SP3042
WC705071,2025-10-19 15:49,KH938597678,SP3130
WC705072,2025-10-19 16:49,KH313697076,SP3079
WC705073,2025-10-19 19:30, KH982590293,SP3029
WC705074,2025-10-19 20:55,KH-362230706,SP3017
WC705075,2025-10-19 21:17, KH582111909,SP3180
WC705076,2025-10-19 22:45,KH842032031,SP3259
WC705077,2025-10-19 22:55,KH987416953,SP3112
WC705078,2025-10-19 23:41,KH494093564,SP3016
WC705079,2025-10-20 01:16,kh501064154,SP3374
WC705080,2025-10-20 02:19,KH253428576,SP3138
WC705081,2025-10-20 03:52,KH741970757,SP3044
WC705082,2025-10-20 05:24,KH363690385,SP3049
WC705083,2025-10-20 06:13,KH985835468,SP3275
WC705084,2025-10-20 08:06, KH615318498,SP3089
WC705085,2025-10-20 08:56,KH149698911,SP3331
WC705086,2025-10-20 08:58,KH563499852,SP3125
WC705087,2025-10-20 10:36,KH852378899,SP3038
WC705088,2025-10-20 11:34,KH986964731,SP3217
WC705089,2025-10-20 13:31,KH338683065,SP3317
WC705090,2025-10-20 13:42,KH215460078,SP3079
WC705091,2025-10-20 14:06,KH175697872,SP3003
WC705092,2025-10-20 14:50,kh907999200,SP3271
WC705094,2025-10-20 15:28,KH-671988262,SP3088
WC705093,2025-10-20 15:28,KH-957911021,SP3312
WC705095,2025-10-20 16:55,KH887875240,SP3099
WC705096,2025-10-20 18:24,kh196713275,SP3281
WC705097,2025-10-20 18:40, KH400179664,SP3368
WC705098,2025-10-20 19:39,kh375719611,SP3304
WC705099,2025-10-20 19:51,KH620112051,SP3216
WC705100,2025-10-20 20:46,KH758153645,SP3199
WC705101,2025-10-21 02:40, KH897576006,SP3148
WC705102,2025-10-21 03:55,KH302755115,SP3208
WC705103,2025-10-21 04:08,kh287374898,SP3199
WC705104,2025-10-21 04:16,KH122770566,SP3137
WC705105,2025-10-21 04:35,KH328111732,SP3374
WC705106,2025-10-21 04:45,kh180576113,SP3215
WC705107,2025-10-21 09:22,KH857062834,SP3023
WC705108,2025-10-21 09:25,KH213520751,SP3144
WC705109,2025-10-21 09:49,KH975621584,SP3369
WC705110,2025-10-21 10:36,KH159290662,SP3179
WC705111,2025-10-21 10:48,kh587613271,SP3340
WC705112,2025-10-21 11:56,KH291269266,SP3128
WC705113,2025-10-21 12:40,KH634801899,SP3343
WC705114,2025-10-21 13:39,KH959825156,SP3057
WC705115,2025-10-21 13:49,KH745632510,SP3297
WC705116,2025-10-21 15:55,KH391592503,SP3047
WC705117,2025-10-21 21:12,KH209758173,SP3083
WC705118,2025-10-21 21:25,KH210491787,SP3275
WC705119,2025-10-21 22:41,kh357965051,SP3168
WC705120,2025-10-21 23:26,KH962954213,SP3161
WC705121,2025-10-21 23:37,KH241891654,SP3172
WC705122,2025-10-22 00:42,KH694992153,SP3193
WC705123,2025-10-22 00:57, KH258765995,SP3322
WC705124,2025-10-22 01:36,KH908573734,SP3146
WC705125,2025-10-22 03:16,KH-364064991,SP3336
WC705126,2025-10-22 04:31,KH659171211,SP3312
WC705127,2025-10-22 04:45,KH928857255,SP3164
WC705128,2025-10-22 04:50,kh507295814,SP3114
WC705129,2025-10-22 05:02,KH497979877,SP3213
WC705130,2025-10-22 07:37,KH487654069,SP3069
WC705131,2025-10-22 08:35,KH636369832,SP3171
WC705132,2025-10-22 08:41,KH103456935,SP3285
WC705133,2025-10-22 09:50, KH737530495,SP3255
WC705134,2025-10-22 10:34,KH136818870,SP3070
WC705135,2025-10-22 11:50,KH714472649,SP3065
WC705136,2025-10-22 11:51,KH179227297,SP3106
WC705137,2025-10-22 12:00,KH180709693,SP3109
WC705138,2025-10-22 12:09,KH-148173671,SP3193
WC705139,2025-10-22 12:28,KH390131010,SP3365
WC705140,2025-10-22 13:17,KH917128832,SP3003
WC705141,2025-10-22 13:39,KH747814303,SP3188
WC705142,2025-10-22 15:56,kh249198308,SP3178
WC705143,2025-10-22 17:44,KH804377917,SP3153
WC705144,2025-10-22 17:45,KH432412542,SP3211
WC705145,2025-10-22 19:24,KH569048331,SP3303
WC705146,2025-10-22 19:26,kh525997749,SP3157
WC705147,2025-10-22 19:57,KH379740424,SP3123
WC705148,2025-10-22 20:11,KH652627816,SP3166
WC705149,2025-10-22 20:47,KH470348969,SP3045
WC705150,2025-10-22 22:14, KH432896614,SP3373
WC705151,2025-10-22 22:15,KH172311524,SP3089
WC705152,2025-10-22 22:30,KH769722018,SP3028
WC705153,2025-10-22 22:47,KH974366645,SP3207
WC705154,2025-10-22 23:27,KH287133646,SP3094
WC705155,2025-10-23 01:06,KH894484200,SP3125
WC705156,2025-10-23 01:17,KH537446980,SP3181
WC705157,2025-10-23 01:24,KH455051302,SP3274
WC705158,2025-10-23 02:58, KH550198400,SP3299
WC705159,2025-10-23 03:11,KH729718338,SP3169
WC705160,2025-10-23 04:08,KH552438887,SP3263
WC705161,2025-10-23 04:16,KH285445677,SP3028
WC705162,2025-10-23 04:29,KH-719365902,SP3378
WC705163,2025-10-23 05:39,KH982880584,SP3339
WC705164,2025-10-23 05:39,KH386285812,SP3200
WC705165,2025-10-23 06:45,KH501066769,SP3004
WC705166,2025-10-23 08:27,KH612906259,SP3124
WC705167,2025-10-23 08:36,KH543849490,SP3158
WC705168,2025-10-23 10:12,KH806879571,SP3205
WC705169,2025-10-23 12:51,KH831404730,SP3249
WC705170,2025-10-23 15:20,KH821748092,SP3266
WC705171,2025-10-23 16:00,KH325869909,SP3322
WC705172,2025-10-23 17:48,kh432729524,SP3341
WC705173,2025-10-23 19:02,KH663599784,SP3114
WC705174,2025-10-23 19:09,KH-699748444,SP3326
WC705175,2025-10-23 19:37,KH143430267,SP3284
WC705176,2025-10-23 22:27,KH428751530,SP3274
WC705177,2025-10-23 23:02,KH914605540,SP3377
WC705178,2025-10-24 01:47,KH249198308,SP3257
WC705179,2025-10-24 03:34,KH382532003,SP3274
WC705180,2025-10-24 07:25,KH982099098,SP3188
WC705181,2025-10-24 07:52,KH-908275262,SP3082
WC705182,2025-10-24 08:11,KH872288471,SP3371
WC705183,2025-10-24 10:20,KH507376120,SP3342
WC705184,2025-10-24 14:02,KH509032267,SP3147
WC705185,2025-10-24 14:07,KH777552057,SP3356
WC705186,2025-10-24 21:05,KH-902077408,SP3068
WC705187,2025-10-24 21:22,kh752170773,SP3356
WC705188,2025-10-24 22:45,KH-474770009,SP3034
WC705189,2025-10-24 23:00,KH688591775,SP3228
WC705190,2025-10-25 00:45,KH728920440,SP3052
WC705191,2025-10-25 00:56,KH274595780,SP3092
WC705192,2025-10-25 01:05,KH700538679,SP3169
WC705193,2025-10-25 03:28,KH-983569885,SP3175
WC705194,2025-10-25 03:40, KH627617890,SP3047
WC705195,2025-10-25 04:45,KH-737759548,SP3038
WC705196,2025-10-25 05:05,kh328068244,SP3337
WC705197,2025-10-25 05:09,KH872069410,SP3312
WC705198,2025-10-25 05:31,kh738078233,SP3275
WC705199,2025-10-25 08:57,KH535112882,SP3199
WC705200,2025-10-25 09:16,kh693315153,SP3289
WC705201,2025-10-25 09:23,KH573003352,SP3180
WC705202,2025-10-25 09:35,KH570818294,SP3127
WC705203,2025-10-25 11:55, KH469307855,SP3100
WC705204,2025-10-25 12:31,KH902820386,SP3314
WC705205,2025-10-25 12:53,KH-905582050,SP3371
WC705206,2025-10-25 12:55,kh640244210,SP3100
WC705207,2025-10-25 14:16, KH517432356,SP3214
WC705208,2025-10-25 14:37,KH972786868,SP3033
WC705209,2025-10-25 14:46,KH960868634,SP3189
WC705210,2025-10-25 15:16,kh285444531,SP3308
WC705211,2025-10-25 16:37,KH-797224193,SP3352
WC705212,2025-10-25 19:16, KH809172042,SP3246
WC705213,2025-10-25 20:34,KH966867876,SP3306
WC705214,2025-10-25 20:50,KH142137691,SP3061
WC705215,2025-10-25 21:14,KH-123918526,SP3203
WC705216,2025-10-25 21:45,KH102326393,SP3183
WC705217,2025-10-25 23:28, KH687815871,SP3338
WC705218,2025-10-26 00:21, KH394094377,SP3167
WC705219,2025-10-26 02:44,KH930501104,SP3087
WC705220,2025-10-26 07:12,KH536958369,SP3352
WC705221,2025-10-26 07:55,KH576371926,SP3271
WC705222,2025-10-26 09:30,KH514860187,SP3061
WC705223,2025-10-26 10:13, KH492397799,SP3094
WC705224,2025-10-26 10:39,KH-506153637,SP3350
WC705225,2025-10-26 12:18,KH396416865,SP3001
WC705226,2025-10-26 12:36,KH372367022,SP3340
WC705227,2025-10-26 13:05,KH217117903,SP3220
WC705228,2025-10-26 13:50,KH234508971,SP3127
WC705229,2025-10-26 13:55,KH576138096,SP3021
WC705230,2025-10-26 17:17,KH-303199842,SP3227
WC705231,2025-10-26 17:58,KH446144503,SP3138
WC705232,2025-10-26 21:18,KH327573446,SP3163
WC705233,2025-10-26 21:41,KH475374065,SP3296
WC705234,2025-10-26 21:45,KH103138292,SP3241
WC705235,2025-10-26 21:52,KH545495401,SP3329
WC705236,2025-10-26 23:11,KH367535461,SP3321
WC705237,2025-10-26 23:53,KH959759346,SP3033
WC705238,2025-10-26 23:58,KH534194580,SP3258
WC705239,2025-10-27 00:32,KH418891160,SP3197
WC705240,2025-10-27 03:21,KH889427471,SP3143
WC705241,2025-10-27 05:56,KH170809361,SP3175
WC705242,2025-10-27 06:12,KH-963705571,SP3321
WC705243,2025-10-27 07:19,KH919710534,SP3199
WC705244,2025-10-27 09:14,kh181587117,SP3166
WC705245,2025-10-27 09:54,KH324252009,SP3235
WC705246,2025-10-27 10:49,kh461791436,SP3182
WC705247,2025-10-27 11:00,kh681024635,SP3254
WC705248,2025-10-27 11:43,kh107708454,SP3074
WC705249,2025-10-27 13:21,KH-211983556,SP3133
WC705250,2025-10-27 13:55, KH278790398,SP3351
WC705251,2025-10-27 14:16, KH982485629,SP3196
WC705252,2025-10-27 14:39, KH629335873,SP3054
WC705253,2025-10-27 14:39, KH447040720,SP3172
WC705254,2025-10-27 14:57, KH791292627,SP3201
WC705255,2025-10-27 16:04,KH367235617,SP3362
WC705256,2025-10-27 16:58,KH587614579,SP3323
WC705257,2025-10-27 17:01,KH967123321,SP3340
WC705258,2025-10-27 17:44,KH380357548,SP3125
WC705259,2025-10-27 17:58,KH802720489,SP3306
WC705260,2025-10-27 19:26,KH969943754,SP3331
WC705261,2025-10-27 20:37,KH116286796,SP3057
WC705262,2025-10-27 23:18,KH238167620,SP3225
WC705263,2025-10-28 00:00,KH-704539105,SP3259
WC705264,2025-10-28 00:12,kh512975085,SP3354
WC705265,2025-10-28 00:44, KH372731576,SP3350
WC705266,2025-10-28 01:21, KH957230063,SP3024
WC705267,2025-10-28 02:09,KH858795591,SP3207
WC705268,2025-10-28 02:22,KH855467681,SP3368
WC705269,2025-10-28 02:43,kh996353437,SP3095
WC705270,2025-10-28 03:05,KH915441132,SP3261
WC705271,2025-10-28 03:44,KH257134640,SP3293
WC705272,2025-10-28 05:38,KH833255113,SP3142
WC705273,2025-10-28 09:27,KH860548293,SP3068
WC705274,2025-10-28 11:07,KH155117078,SP3273
WC705275,2025-10-28 16:00,KH485347807,SP3087
WC705276,2025-10-28 16:25,KH810280664,SP3321
WC705277,2025-10-28 17:55,KH346123329,SP3187
WC705278,2025-10-28 18:26,KH871096839,SP3055
WC705279,2025-10-28 19:47,KH409812299,SP3202
WC705280,2025-10-28 20:36,KH487969615,SP3020
WC705281,2025-10-28 21:57,KH412848864,SP3044
WC705282,2025-10-28 22:16,KH723086904,SP3145
WC705283,2025-10-28 22:59,KH815207359,SP3363
WC705284,2025-10-28 23:04,KH871409594,SP3179
WC705285,2025-10-28 23:51,kh830994419,SP3269
WC705286,2025-10-29 02:26,KH180736952,SP3132
WC705287,2025-10-29 02:32,kh389446184,SP3275
WC705288,2025-10-29 04:38,KH674003061,SP3109
WC705289,2025-10-29 04:44, KH582210870,SP3269
WC705290,2025-10-29 06:06,KH754645547,SP3126
WC705291,2025-10-29 06:42,KH815856522,SP3209
WC705292,2025-10-29 08:08,KH811402897,SP3355
WC705293,2025-10-29 08:12,KH122320808,SP3064
WC705294,2025-10-29 08:22,KH-302322040,SP3321
WC705295,2025-10-29 08:29,kh780643241,SP3051
WC705296,2025-10-29 10:09,KH407517973,SP3042
WC705297,2025-10-29 10:21,KH694214819,SP3361
WC705298,2025-10-29 11:54,KH763912169,SP3125
WC705299,2025-10-29 12:09,KH-769676648,SP3309
WC705300,2025-10-29 12:28,KH-472068443,SP3122
WC705301,2025-10-29 17:46,KH189416805,SP3337
WC705302,2025-10-29 18:29,KH901395477,SP3126
WC705303,2025-10-29 19:27,KH469056311,SP3135
WC705304,2025-10-29 19:47,KH983723377,SP3372
WC705305,2025-10-29 19:54,KH618519588,SP3296
WC705306,2025-10-29 20:43,KH782380446,SP3195
WC705307,2025-10-29 23:37,KH462407554,SP3304
WC705308,2025-10-30 00:58,KH987510608,SP3342
WC705309,2025-10-30 01:38, KH706109733,SP3164
WC705310,2025-10-30 01:38, KH836651775,SP3001
WC705311,2025-10-30 01:42,KH-446909383,SP3376
WC705312,2025-10-30 02:16,kh367697475,SP3002
WC705313,2025-10-30 02:59, KH856379849,SP3207
WC705314,2025-10-30 03:46,KH794399703,SP3139
WC705315,2025-10-30 03:56,KH-516554677,SP3030
WC705316,2025-10-30 04:43,KH908842805,SP3142
WC705317,2025-10-30 05:48,KH182430755,SP3251
WC705318,2025-10-30 06:36,KH185560281,SP3053
WC705319,2025-10-30 07:14,KH276138497,SP3210
WC705320,2025-10-30 07:59,KH780767579,SP3154
WC705321,2025-10-30 08:04,KH426770446,SP3282
WC705322,2025-10-30 08:15,KH458893313,SP3153
WC705323,2025-10-30 09:06,KH375800588,SP3046
WC705324,2025-10-30 09:42,KH308042999,SP3182
WC705325,2025-10-30 10:21,kh179114382,SP3193
WC705326,2025-10-30 10:44,KH865475525,SP3266
WC705327,2025-10-30 11:29, KH411273828,SP3091
WC705328,2025-10-30 11:34,KH-961969283,SP3097
WC705329,2025-10-30 12:15,kh260774077,SP3081
WC705330,2025-10-30 12:26,kh590509652,SP3362
WC705331,2025-10-30 12:35,KH141380981,SP3279
WC705332,2025-10-30 12:41,KH258040250,SP3077
WC705333,2025-10-30 13:40,KH-753317611,SP3299
WC705334,2025-10-30 14:07,kh155910304,SP3282
WC705335,2025-10-30 14:44,KH711807079,SP3306
WC705336,2025-10-30 14:49,kh239836081,SP3117
WC705337,2025-10-30 16:08,KH376711890,SP3168
WC705338,2025-10-30 17:20,KH432696422,SP3361
WC705339,2025-10-30 18:29,KH550871478,SP3218
WC705340,2025-10-30 18:29,KH867247081,SP3042
WC705341,2025-10-30 19:16,KH-666421415,SP3086
WC705342,2025-10-30 19:17, KH876504642,SP3371
WC705343,2025-10-30 20:52, KH815522842,SP3291
WC705344,2025-10-30 23:09,KH707158239,SP3084
WC705345,2025-10-31 00:39,KH359911472,SP3257
WC705346,2025-10-31 01:51,KH369151665,SP3073
WC705347,2025-10-31 02:53,KH560928591,SP3159
WC705348,2025-10-31 05:15,KH-208126192,SP3222
WC705349,2025-10-31 05:35,KH160155719,SP3202
WC705350,2025-10-31 06:06,kh475409414,SP3033
WC705351,2025-10-31 07:35,KH645651823,SP3172
WC705352,2025-10-31 08:02,KH321676129,SP3244
WC705353,2025-10-31 09:57,KH-619138691,SP3363
WC705354,2025-10-31 10:12,KH390505512,SP3063
WC705355,2025-10-31 10:47, KH860195938,SP3123
WC705356,2025-10-31 10:49,KH642956930,SP3068
WC705357,2025-10-31 10:51,KH485194054,SP3131
WC705358,2025-10-31 12:24,KH428628395,SP3125
WC705359,2025-10-31 13:28,KH485373916,SP3254
WC705360,2025-10-31 13:38,KH133700004,SP3301
WC705361,2025-10-31 13:40,KH778550882,SP3176
WC705362,2025-10-31 14:08,KH590013824,SP3331
WC705363,2025-10-31 15:34,KH487875674,SP3362
WC705364,2025-10-31 16:12,KH962023814,SP3288
WC705365,2025-10-31 16:50,KH788849546,SP3317
WC705366,2025-10-31 20:06,KH633568852,SP3321
WC705367,2025-10-31 23:16,KH857830116,SP3265
WC705368,2025-11-01 01:09,KH654331011,SP3179
WC705369,2025-11-01 01:50,KH243627741,SP3098
WC705370,2025-11-01 02:06,KH660310234,SP3290
WC705371,2025-11-01 02:42,KH941256020,SP3303
WC705372,2025-11-01 03:36, KH338978903,SP3157
WC705373,2025-11-01 04:25,KH164463853,SP3204
WC705374,2025-11-01 05:05,KH685223821,SP3199
WC705375,2025-11-01 05:25,kh589931839,SP3190
WC705376,2025-11-01 05:50,KH799991337,SP3095
WC705377,2025-11-01 05:54,KH816998290,SP3333
WC705378,2025-11-01 07:31, KH317879097,SP3242
WC705379,2025-11-01 07:45,KH181587117,SP3202
WC705380,2025-11-01 08:53,KH100286249,SP3304
WC705381,2025-11-01 09:32,KH572243327,SP3121
WC705382,2025-11-01 10:42,KH485296091,SP3093
WC705383,2025-11-01 11:12,KH996028399,SP3166
WC705384,2025-11-01 12:29,KH-451472561,SP3337
WC705385,2025-11-01 13:14,KH293114816,SP3363
WC705386,2025-11-01 14:49,KH572524391,SP3056
WC705387,2025-11-01 17:47,kh169132028,SP3020
WC705388,2025-11-01 20:23,KH690165183,SP3088
WC705389,2025-11-01 21:00,KH174599880,SP3373
WC705390,2025-11-01 22:08,KH578890587,SP3033
WC705391,2025-11-01 22:29,KH785156395,SP3230
WC705392,2025-11-01 22:50,KH509424045,SP3290
WC705393,2025-11-02 01:15,KH-341269508,SP3081
WC705394,2025-11-02 02:06, KH460326071,SP3086
WC705395,2025-11-02 02:34,kh314126970,SP3030
WC705396,2025-11-02 03:52,KH983767605,SP3364
WC705397,2025-11-02 04:18,KH898394250,SP3235
WC705398,2025-11-02 04:33,KH833132805,SP3336
WC705399,2025-11-02 04:51,KH386029287,SP3171
WC705400,2025-11-02 08:29,KH213632384,SP3067
WC705401,2025-11-02 11:02,KH-325227634,SP3278
WC705402,2025-11-02 11:38, KH845355571,SP3356
WC705403,2025-11-02 13:03,KH360108806,SP3109
WC705404,2025-11-02 13:30,KH313877739,SP3159
WC705405,2025-11-02 14:38,KH-908661274,SP3181
WC705406,2025-11-02 14:43, KH283133307,SP3199
WC705407,2025-11-02 15:50,KH285673748,SP3249
WC705408,2025-11-02 16:27,KH-847377279,SP3364
WC705409,2025-11-02 17:04,KH852797389,SP3269
WC705410,2025-11-02 17:18,KH116070509,SP3040
WC705411,2025-11-02 17:41,KH984738816,SP3028
WC705412,2025-11-02 18:13,KH982099098,SP3216
WC705413,2025-11-02 18:21,KH128609932,SP3263
WC705414,2025-11-02 19:19,KH376117058,SP3049
WC705415,2025-11-02 19:22, KH921076022,SP3162
WC705416,2025-11-02 19:44,KH222507223,SP3054
WC705417,2025-11-02 22:22,KH348884956,SP3101
WC705418,2025-11-02 23:27,KH357715149,SP3325
WC705419,2025-11-03 00:52,KH687058997,SP3218
WC705420,2025-11-03 03:46,KH316268676,SP3166
WC705421,2025-11-03 05:39,KH271195118,SP3219
WC705422,2025-11-03 05:41,KH913720835,SP3042
WC705423,2025-11-03 08:06,kh604860527,SP3325
WC705424,2025-11-03 10:18,kh868062789,SP3284
WC705425,2025-11-03 11:40,KH412636795,SP3267
WC705426,2025-11-03 13:55,KH208546950,SP3137
WC705427,2025-11-03 14:47,KH485203547,SP3336
WC705428,2025-11-03 16:25,kh783930443,SP3005
WC705429,2025-11-03 17:31, KH535177820,SP3165
WC705430,2025-11-03 17:49,KH118437214,SP3128
WC705431,2025-11-03 20:34, KH940159918,SP3041
WC705432,2025-11-03 21:12,KH483715713,SP3019
WC705433,2025-11-03 23:47,KH634801899,SP3291
WC705434,2025-11-04 00:11,KH914235163,SP3304
WC705435,2025-11-04 01:48,KH226505636,SP3217
WC705436,2025-11-04 03:48,KH581950266,SP3016
WC705437,2025-11-04 04:50,KH180709693,SP3253
WC705438,2025-11-04 07:10,KH882141779,SP3273
WC705439,2025-11-04 07:31,KH216477938,SP3199
WC705440,2025-11-04 08:21, KH641727448,SP3206
WC705441,2025-11-04 08:27, KH668082654,SP3089
WC705442,2025-11-04 09:20,KH889915460,SP3241
WC705443,2025-11-04 09:27,KH439723782,SP3056
WC705444,2025-11-04 11:35,KH576371926,SP3213
WC705445,2025-11-04 11:50,KH643134739,SP3288
WC705446,2025-11-04 12:10,KH677135480,SP3341
WC705447,2025-11-04 13:17,KH-774344691,SP3119
WC705448,2025-11-04 13:28,KH-820383415,SP3035
WC705449,2025-11-04 14:35,KH246583187,SP3145
WC705450,2025-11-04 15:26,kh140732360,SP3260
WC705451,2025-11-04 16:26,KH383389542,SP3086
WC705452,2025-11-04 16:56,KH287835295,SP3038
WC705453,2025-11-04 17:25,kh935659706,SP3275
WC705454,2025-11-04 18:57,kh678209313,SP3188
WC705455,2025-11-04 18:58,KH102942808,SP3013
WC705456,2025-11-04 19:28,KH282510785,SP3054
WC705457,2025-11-04 20:46,KH588997261,SP3179
WC705458,2025-11-04 21:00,KH537332908,SP3162
WC705459,2025-11-05 00:25, KH176746494,SP3138
WC705460,2025-11-05 01:11,KH-784173474,SP3202
WC705461,2025-11-05 01:32,KH699158710,SP3321
WC705462,2025-11-05 01:33, KH202371536,SP3198
WC705463,2025-11-05 05:16,KH-981146975,SP3200
WC705464,2025-11-05 05:16,KH317738542,SP3321
WC705465,2025-11-05 05:20,KH205677745,SP3254
WC705466,2025-11-05 06:14,KH425565943,SP3339
WC705467,2025-11-05 06:56,kh961426983,SP3349
WC705468,2025-11-05 07:40,KH-745632510,SP3005
WC705469,2025-11-05 07:49,KH840758824,SP3130
WC705470,2025-11-05 08:35,KH287539611,SP3293
WC705471,2025-11-05 08:54,kh812329356,SP3303
WC705472,2025-11-05 09:00,kh956314605,SP3200
WC705473,2025-11-05 11:57, KH588490064,SP3261
WC705474,2025-11-05 12:43,kh556846329,SP3195
WC705475,2025-11-05 13:15,KH546752314,SP3057
WC705476,2025-11-05 14:27,KH789276734,SP3343
WC705477,2025-11-05 15:18,KH665489144,SP3345
WC705478,2025-11-05 15:40,KH-817475722,SP3091
WC705479,2025-11-05 16:11,KH815943985,SP3377
WC705480,2025-11-05 16:20,KH782047980,SP3376
WC705481,2025-11-05 16:51,kh396416865,SP3265
WC705482,2025-11-05 17:14,KH-758729640,SP3352
WC705483,2025-11-05 17:25,KH266779568,SP3079
WC705484,2025-11-05 20:03,KH623288272,SP3093
WC705485,2025-11-05 20:15,KH327696783,SP3078
WC705486,2025-11-05 20:26, KH260361183,SP3284
WC705487,2025-11-05 20:29,KH345761901,SP3049
WC705488,2025-11-05 20:52,KH258765995,SP3013
WC705489,2025-11-05 20:55,KH486933886,SP3288
WC705490,2025-11-05 21:29,KH971831001,SP3258
WC705491,2025-11-05 22:52,KH528680505,SP3361
WC705492,2025-11-06 00:19,KH803381764,SP3205
WC705493,2025-11-06 00:33, KH357965051,SP3146
WC705494,2025-11-06 00:45,KH496100666,SP3058
WC705495,2025-11-06 00:50,KH667240939,SP3350
WC705496,2025-11-06 01:30,KH801358508,SP3076
WC705497,2025-11-06 03:27,KH727444481,SP3139
WC705498,2025-11-06 06:14,KH238346289,SP3062
WC705499,2025-11-06 08:36,kh181254286,SP3267
WC705500,2025-11-06 09:18,kh675261298,SP3257
WC705501,2025-11-06 10:45, KH962338947,SP3358
WC705502,2025-11-06 13:08,KH647845995,SP3004
WC705503,2025-11-06 13:24, KH296352186,SP3369
WC705504,2025-11-06 13:46, KH999459799,SP3290
WC705505,2025-11-06 15:39,KH-166084720,SP3285
WC705506,2025-11-06 17:23,KH927010459,SP3173
WC705507,2025-11-06 21:41,kh958838430,SP3030
WC705508,2025-11-06 21:57, KH987433456,SP3243
WC705509,2025-11-06 22:51,KH-974627076,SP3022
WC705510,2025-11-07 02:16,KH220251380,SP3331
WC705511,2025-11-07 02:38,KH-935020204,SP3322
WC705512,2025-11-07 03:07,KH-419091986,SP3358
WC705513,2025-11-07 03:32,KH762876613,SP3314
WC705514,2025-11-07 04:49,KH483863941,SP3079
WC705515,2025-11-07 05:09, KH789621583,SP3196
WC705516,2025-11-07 06:29, KH349134059,SP3200
WC705517,2025-11-07 07:40,kh910701974,SP3372
WC705518,2025-11-07 09:48,KH869773311,SP3334
WC705519,2025-11-07 09:56,KH893369928,SP3303
WC705520,2025-11-07 10:35,KH201679633,SP3356
WC705521,2025-11-07 10:54,KH197180409,SP3104
WC705522,2025-11-07 11:27,KH786658878,SP3114
WC705523,2025-11-07 12:29,kh770893079,SP3297
WC705524,2025-11-07 13:10,KH943477487,SP3171
WC705525,2025-11-07 13:16,KH719889112,SP3041
WC705526,2025-11-07 13:29,KH175935768,SP3128
WC705527,2025-11-07 14:24, KH751003084,SP3192
WC705528,2025-11-07 14:46,KH563618663,SP3121
WC705529,2025-11-07 15:52, KH426722841,SP3379
WC705530,2025-11-07 18:32,KH-747814303,SP3218
WC705531,2025-11-07 20:14,KH500857504,SP3350
WC705532,2025-11-07 21:50,KH978516059,SP3356
WC705533,2025-11-07 22:37,KH252870718,SP3166
WC705534,2025-11-08 01:27,KH113549163,SP3049
WC705535,2025-11-08 02:44,kh900775352,SP3100
WC705536,2025-11-08 06:38,KH665736854,SP3024
WC705537,2025-11-08 07:12,KH416324311,SP3211
WC705538,2025-11-08 08:38,KH970875211,SP3093
WC705539,2025-11-08 10:12,KH502074862,SP3217
WC705540,2025-11-08 10:19,KH358420498,SP3092
WC705541,2025-11-08 10:30,KH314145388,SP3268
WC705542,2025-11-08 10:55,kh851856074,SP3065
WC705543,2025-11-08 13:18,KH256120710,SP3321
WC705544,2025-11-08 13:54,KH163936849,SP3164
WC705545,2025-11-08 15:32,KH582277140,SP3065
WC705546,2025-11-08 16:05,KH908842805,SP3003
WC705547,2025-11-08 17:29,KH362618554,SP3271
WC705548,2025-11-08 23:18,KH132015748,SP3329
WC705549,2025-11-08 23:36,KH355853332,SP3332
WC705550,2025-11-09 01:28, KH343015243,SP3341
WC705551,2025-11-09 03:02,KH244171018,SP3075
WC705552,2025-11-09 04:32,KH556534686,SP3354
WC705553,2025-11-09 05:31,KH-550759604,SP3165
WC705554,2025-11-09 05:50, KH201856109,SP3274
WC705555,2025-11-09 07:01,KH695378824,SP3127
WC705556,2025-11-09 07:52, KH515927926,SP3258
WC705557,2025-11-09 09:21,kh618730120,SP3213
WC705558,2025-11-09 10:00,KH736390184,SP3128
WC705559,2025-11-09 10:28,KH247423774,SP3026
WC705560,2025-11-09 10:48,KH295671312,SP3067
WC705561,2025-11-09 10:49,KH443525132,SP3061
WC705562,2025-11-09 11:18,KH-303133883,SP3168
WC705563,2025-11-09 13:39,KH784411261,SP3012
WC705564,2025-11-09 14:34,KH829792818,SP3152
WC705565,2025-11-09 16:41,KH229852303,SP3125
WC705566,2025-11-09 17:27,KH303541515,SP3173
WC705567,2025-11-09 17:29,KH245559413,SP3047
WC705568,2025-11-09 18:46,KH785205238,SP3108
WC705569,2025-11-09 23:40,KH448850411,SP3293
WC705570,2025-11-10 00:06,KH722300850,SP3257
WC705571,2025-11-10 01:50,KH-146161069,SP3005
WC705572,2025-11-10 01:59,kh283694159,SP3153
WC705573,2025-11-10 02:08,KH238650175,SP3310
WC705574,2025-11-10 02:51,KH845457528,SP3210
WC705575,2025-11-10 03:33,KH-341435208,SP3139
WC705576,2025-11-10 04:30,KH604584645,SP3260
WC705577,2025-11-10 05:40,KH421892548,SP3135
WC705578,2025-11-10 05:44,KH384895172,SP3335
WC705579,2025-11-10 07:39, KH799216746,SP3219
WC705580,2025-11-10 08:42, KH910636151,SP3113
WC705581,2025-11-10 09:53,KH695571673,SP3018
WC705582,2025-11-10 13:20,KH462209225,SP3238
WC705583,2025-11-10 13:57,KH615324904,SP3304
WC705584,2025-11-10 14:13,KH878300490,SP3342
WC705585,2025-11-10 14:23,KH766717341,SP3253
WC705586,2025-11-10 15:40,KH916294931,SP3345
WC705587,2025-11-10 16:03,KH-895963187,SP3167
WC705588,2025-11-10 16:17,KH559748889,SP3064
WC705589,2025-11-10 16:21,KH684992044,SP3279
WC705590,2025-11-10 16:38,KH-251984945,SP3378
WC705591,2025-11-10 16:52,KH-633911358,SP3017
WC705592,2025-11-10 17:24,KH509177017,SP3261
WC705593,2025-11-10 20:24,KH921628507,SP3033
WC705594,2025-11-10 20:25,KH902596348,SP3136
WC705595,2025-11-10 20:39,KH442810859,SP3349
WC705596,2025-11-10 21:44,kh745771732,SP3339
WC705597,2025-11-10 23:23,KH-830983126,SP3228
WC705598,2025-11-11 00:02,KH750880589,SP3172
WC705599,2025-11-11 01:07,KH477924197,SP3060
WC705600,2025-11-11 04:48,KH225337558,SP3348
WC705601,2025-11-11 05:13,KH434772945,SP3322
WC705602,2025-11-11 05:31,KH523870206,SP3019
WC705603,2025-11-11 06:17,KH122316282,SP3257
WC705604,2025-11-11 07:59,KH533697364,SP3290
WC705605,2025-11-11 09:04,KH355711680,SP3052
WC705606,2025-11-11 09:28,KH111315468,SP3061
WC705607,2025-11-11 09:37,KH306666310,SP3285
WC705608,2025-11-11 09:41,KH204310976,SP3335
WC705609,2025-11-11 10:16,kh213357729,SP3109
WC705610,2025-11-11 10:28,KH249903107,SP3193
WC705611,2025-11-11 13:16,KH986984329,SP3028
WC705612,2025-11-11 13:17, KH473590759,SP3197
WC705613,2025-11-11 14:25,KH256395688,SP3031
WC705614,2025-11-11 16:19,KH210491787,SP3240
WC705615,2025-11-11 16:28,KH937509673,SP3377
WC705616,2025-11-11 16:41,KH152997835,SP3073
WC705617,2025-11-11 18:17,KH857889799,SP3171
WC705618,2025-11-11 20:01,KH727756704,SP3267
WC705619,2025-11-11 23:11,KH-285666836,SP3235
WC705620,2025-11-12 00:51,KH780643241,SP3215
WC705621,2025-11-12 01:22,KH-548987045,SP3197
WC705622,2025-11-12 06:29, KH127460177,SP3312
WC705623,2025-11-12 07:23,KH902596348,SP3220
WC705624,2025-11-12 08:53,KH369078529,SP3374
WC705625,2025-11-12 08:54,KH151477726,SP3196
WC705626,2025-11-12 08:55,KH193667960,SP3348
WC705627,2025-11-12 09:21,KH298988636,SP3379
WC705628,2025-11-12 10:15, KH164463853,SP3032
WC705629,2025-11-12 10:22,KH934726582,SP3111
WC705630,2025-11-12 10:26,KH938102843,SP3275
WC705631,2025-11-12 12:56,KH645326627,SP3220
WC705632,2025-11-12 12:59,KH181184008,SP3064
WC705633,2025-11-12 13:53,KH-468276030,SP3032
WC705634,2025-11-12 14:47,kh929064142,SP3218
WC705635,2025-11-12 15:05,KH502918143,SP3106
WC705636,2025-11-12 16:57,KH439954334,SP3284
WC705637,2025-11-12 18:01,KH668082654,SP3005
WC705638,2025-11-12 19:37,KH763181297,SP3064
WC705639,2025-11-12 21:21,KH357237717,SP3317
WC705640,2025-11-12 21:45,kh181325574,SP3046
WC705641,2025-11-12 23:23,KH856379849,SP3230
WC705642,2025-11-13 00:30,KH960984286,SP3242
WC705643,2025-11-13 00:35,KH823906653,SP3238
WC705644,2025-11-13 01:32,KH355406708,SP3266
WC705645,2025-11-13 02:40,KH843536729,SP3288
WC705646,2025-11-13 04:57,KH932181806,SP3015
WC705647,2025-11-13 05:16,KH416632851,SP3310
WC705648,2025-11-13 06:20, KH543217974,SP3089
WC705649,2025-11-13 08:20,KH559303280,SP3255
WC705650,2025-11-13 10:23,KH328393381,SP3345
WC705651,2025-11-13 11:53,KH634721077,SP3028
WC705652,2025-11-13 12:45,KH859214203,SP3167
WC705653,2025-11-13 13:43, KH283133307,SP3284
WC705654,2025-11-13 14:48,KH897615679,SP3163
WC705655,2025-11-13 17:36,KH754025580,SP3002
WC705656,2025-11-13 19:29,KH-837316172,SP3062
WC705657,2025-11-13 20:35,KH851572445,SP3208
WC705658,2025-11-13 20:43,KH345008860,SP3161
WC705659,2025-11-13 22:08,KH974911316,SP3265
WC705660,2025-11-13 22:42,KH268973398,SP3140
WC705661,2025-11-13 23:09,KH-934637887,SP3345
WC705662,2025-11-14 00:11,KH201854119,SP3147
WC705663,2025-11-14 00:51,kh861896872,SP3110
WC705664,2025-11-14 00:58,KH561556347,SP3341
WC705665,2025-11-14 01:07,kh604062425,SP3143
WC705667,2025-11-14 02:55,kh987999566,SP3216
WC705666,2025-11-14 02:55,KH194529321,SP3338
WC705668,2025-11-14 04:11, KH858226839,SP3298
WC705669,2025-11-14 05:01,KH359458362,SP3057
WC705670,2025-11-14 05:25,kh881823855,SP3116
WC705671,2025-11-14 06:46,KH689758087,SP3056
WC705672,2025-11-14 07:02,KH498391309,SP3168
WC705673,2025-11-14 08:12, KH475013540,SP3263
WC705674,2025-11-14 08:13,KH382373048,SP3358
WC705675,2025-11-14 08:48, KH704707130,SP3370
WC705676,2025-11-14 09:43,KH235930918,SP3248
WC705677,2025-11-14 13:41,KH-714570015,SP3202
WC705678,2025-11-14 14:50,KH572988892,SP3144
WC705679,2025-11-14 15:14,KH204509139,SP3143
WC705680,2025-11-14 15:51,KH658563618,SP3098
WC705681,2025-11-14 16:48,KH289983209,SP3116
WC705682,2025-11-14 17:51,KH353666632,SP3367
WC705683,2025-11-14 18:56,KH863069406,SP3290
WC705684,2025-11-14 19:11,KH410351787,SP3291
WC705685,2025-11-14 20:47,KH-970143394,SP3008
WC705686,2025-11-14 21:00,KH861155828,SP3138
WC705687,2025-11-14 22:14,KH876513426,SP3117
WC705688,2025-11-15 00:59, KH440671817,SP3086
WC705689,2025-11-15 01:22,KH947328998,SP3246
WC705690,2025-11-15 01:26,KH518810932,SP3165
WC705691,2025-11-15 03:00, KH433183423,SP3087
WC705692,2025-11-15 03:25,KH965963668,SP3179
WC705693,2025-11-15 05:45,KH281848313,SP3198
WC705694,2025-11-15 06:32,KH808013282,SP3354
WC705695,2025-11-15 06:54,KH566627552,SP3165
WC705696,2025-11-15 07:11,kh604860527,SP3018
WC705697,2025-11-15 07:44,KH848281711,SP3297
WC705698,2025-11-15 08:44,kh623590012,SP3265
WC705699,2025-11-15 08:48, KH419230016,SP3040
WC705700,2025-11-15 08:51,kh249066727,SP3345
WC705701,2025-11-15 08:59,KH689484319,SP3362
WC705702,2025-11-15 09:24,KH106582423,SP3352
WC705703,2025-11-15 09:53,KH-409787846,SP3042
WC705704,2025-11-15 13:24,KH-208837026,SP3081
WC705705,2025-11-15 18:10,KH108422562,SP3290
WC705706,2025-11-15 19:13,KH-895754081,SP3062
WC705707,2025-11-15 20:37,KH907379830,SP3063
WC705708,2025-11-15 22:21,kh290778741,SP3080
WC705709,2025-11-16 00:43,KH-283694159,SP3180
WC705710,2025-11-16 02:14,KH624448869,SP3279
WC705711,2025-11-16 04:35,KH640932171,SP3266
WC705712,2025-11-16 06:25,KH487875674,SP3343
WC705713,2025-11-16 06:41, KH503589422,SP3365
WC705714,2025-11-16 06:45,KH513609361,SP3033
WC705715,2025-11-16 07:16,KH581742255,SP3210
WC705716,2025-11-16 09:41,KH643838439,SP3309
WC705717,2025-11-16 10:15,KH-327696783,SP3297
WC705718,2025-11-16 10:26,KH224104381,SP3234
WC705719,2025-11-16 14:24,KH652335544,SP3304
WC705720,2025-11-16 15:16,kh553996656,SP3024
WC705721,2025-11-16 16:07,KH116597331,SP3015
WC705722,2025-11-16 16:58, KH429209995,SP3220
WC705723,2025-11-16 18:05,KH745183719,SP3186
WC705724,2025-11-16 21:00,KH103456935,SP3131
WC705725,2025-11-16 23:38,KH755484905,SP3150
WC705726,2025-11-16 23:44,KH-999407231,SP3200
WC705727,2025-11-17 00:13,KH159467378,SP3082
WC705728,2025-11-17 00:30,KH601219309,SP3209
WC705729,2025-11-17 00:44,KH688129979,SP3285
WC705730,2025-11-17 01:22,kh909129350,SP3333
WC705731,2025-11-17 01:50,KH886875793,SP3317
WC705732,2025-11-17 02:10,KH780424541,SP3186
WC705733,2025-11-17 04:37,KH297084403,SP3361
WC705734,2025-11-17 06:37,KH-112879778,SP3332
WC705735,2025-11-17 07:44,kh556030954,SP3273
WC705736,2025-11-17 07:56,kh350885191,SP3222
WC705737,2025-11-17 08:13,KH776562094,SP3363
WC705738,2025-11-17 08:55,KH235401783,SP3113
WC705739,2025-11-17 09:05,KH859201394,SP3309
WC705740,2025-11-17 09:08,kh496470520,SP3071
WC705741,2025-11-17 11:01,kh814784525,SP3370
WC705742,2025-11-17 14:46,KH334343339,SP3359
WC705743,2025-11-17 15:24,KH943828610,SP3063
WC705744,2025-11-17 15:53,KH799216746,SP3341
WC705745,2025-11-17 16:45,KH971189095,SP3303
WC705746,2025-11-17 16:49, KH641555103,SP3337
WC705747,2025-11-17 16:55,KH711373321,SP3054
WC705748,2025-11-17 17:26,kh969611990,SP3175
WC705749,2025-11-17 18:13,KH751723078,SP3103
WC705750,2025-11-17 18:52,KH715542270,SP3302
WC705751,2025-11-17 19:21,kh509230473,SP3119
WC705752,2025-11-17 19:21,KH442810859,SP3340
WC705753,2025-11-17 21:30,KH-530063733,SP3031
WC705754,2025-11-17 22:37,KH832493880,SP3119
WC705755,2025-11-17 23:09,KH237383396,SP3255
WC705756,2025-11-18 01:35, KH844437016,SP3120
WC705757,2025-11-18 02:39,KH958838430,SP3329
WC705758,2025-11-18 04:08,KH-557161750,SP3021
WC705759,2025-11-18 04:19,KH382532003,SP3189
WC705760,2025-11-18 04:30,KH239166219,SP3301
WC705761,2025-11-18 05:59,KH892037893,SP3374
WC705762,2025-11-18 09:15, KH335170903,SP3280
WC705763,2025-11-18 10:15,KH252418961,SP3054
WC705764,2025-11-18 10:43,KH468866980,SP3304
WC705765,2025-11-18 13:44,KH170281399,SP3137
WC705766,2025-11-18 15:12,KH-144849550,SP3202
WC705767,2025-11-18 15:29,kh341668417,SP3190
WC705768,2025-11-18 17:19,KH591377453,SP3288
WC705769,2025-11-18 17:32,KH393169483,SP3267
WC705770,2025-11-18 18:27,KH159337193,SP3041
WC705771,2025-11-18 18:58,kh624047372,SP3230
WC705772,2025-11-18 20:58,KH945135844,SP3028
WC705773,2025-11-18 21:51,kh363690385,SP3213
WC705774,2025-11-18 21:54,KH534604092,SP3178
WC705775,2025-11-18 22:44,KH669537209,SP3310
WC705776,2025-11-19 02:11,kh428286113,SP3268
WC705777,2025-11-19 02:55, KH535112882,SP3210
WC705778,2025-11-19 04:19,KH347352561,SP3271
WC705779,2025-11-19 04:26,KH368970585,SP3216
WC705780,2025-11-19 05:37,KH682409547,SP3015
WC705781,2025-11-19 05:46,KH249623661,SP3202
WC705782,2025-11-19 08:06,KH467967118,SP3003
WC705783,2025-11-19 09:28,KH539753889,SP3135
WC705784,2025-11-19 09:33,KH108195532,SP3329
WC705785,2025-11-19 11:07,KH322688953,SP3016
WC705786,2025-11-19 12:11,KH987416953,SP3042
WC705787,2025-11-19 13:15,KH107205110,SP3117
WC705788,2025-11-19 13:25,KH621596485,SP3082
WC705789,2025-11-19 14:21,KH971831001,SP3133
WC705790,2025-11-19 14:41,KH-810280664,SP3207
WC705791,2025-11-19 14:56,KH549397174,SP3171
WC705792,2025-11-19 15:31,KH947058705,SP3379
WC705793,2025-11-19 15:34,KH523645140,SP3040
WC705794,2025-11-19 16:03,KH689204937,SP3181
WC705795,2025-11-19 17:58,KH161409230,SP3222
WC705796,2025-11-19 19:30,KH191009270,SP3369
WC705797,2025-11-19 20:14,KH425477772,SP3258
WC705798,2025-11-19 20:43,KH334756457,SP3320
WC705799,2025-11-19 21:15,KH681663256,SP3109
WC705800,2025-11-19 21:28,KH635849532,SP3094
WC705801,2025-11-19 22:25,KH704043397,SP3261
WC705802,2025-11-20 01:43,KH669921834,SP3031
WC705803,2025-11-20 03:12,KH111007525,SP3111
WC705804,2025-11-20 05:09,KH938207557,SP3091
WC705805,2025-11-20 05:24,KH-291510850,SP3378
WC705806,2025-11-20 05:59,KH883568567,SP3097
WC705807,2025-11-20 06:02,kh417768976,SP3183
WC705808,2025-11-20 06:34,KH707158239,SP3217
WC705809,2025-11-20 07:11,kh771001501,SP3358
WC705810,2025-11-20 08:16,KH917168579,SP3028
WC705811,2025-11-20 08:27, KH748374495,SP3366
WC705812,2025-11-20 10:46,KH223813065,SP3110
WC705813,2025-11-20 11:07,KH-445206422,SP3308
WC705814,2025-11-20 11:53,kh144356778,SP3368
WC705815,2025-11-20 12:33,KH227436961,SP3306
WC705816,2025-11-20 12:36,KH371769924,SP3289
WC705817,2025-11-20 12:36,KH122551030,SP3069
WC705818,2025-11-20 13:16,KH461072318,SP3051
WC705819,2025-11-20 13:20,kh801695240,SP3356
WC705820,2025-11-20 15:16,KH282106119,SP3332
WC705821,2025-11-20 15:42,KH657416971,SP3126
WC705822,2025-11-20 16:16,KH603839728,SP3260
WC705823,2025-11-20 17:27,KH726021899,SP3211
WC705824,2025-11-20 18:48,KH442116385,SP3178
WC705825,2025-11-20 18:59,KH144945163,SP3055
WC705826,2025-11-20 20:51,KH432412542,SP3097
WC705827,2025-11-20 21:00,KH762312394,SP3018
WC705828,2025-11-20 21:26,KH-588906802,SP3296
WC705829,2025-11-20 21:51,KH267238949,SP3192
WC705830,2025-11-20 22:13,KH997353864,SP3163
WC705831,2025-11-21 00:32,KH-350225993,SP3342
WC705832,2025-11-21 02:01,KH645651823,SP3183
WC705833,2025-11-21 02:16,kh437919746,SP3102
WC705834,2025-11-21 03:01,KH443326960,SP3036
WC705835,2025-11-21 03:20,KH515612466,SP3293
WC705836,2025-11-21 03:32,KH511394824,SP3135
WC705837,2025-11-21 04:47,KH350213572,SP3190
WC705838,2025-11-21 05:28, KH219621491,SP3181
WC705839,2025-11-21 07:05,KH268057237,SP3240
WC705840,2025-11-21 07:15,kh971351569,SP3143
WC705841,2025-11-21 07:19,KH195899084,SP3102
WC705842,2025-11-21 08:10, KH478938102,SP3103
WC705843,2025-11-21 09:37,KH554535644,SP3045
WC705844,2025-11-21 11:23,KH634860431,SP3096
WC705845,2025-11-21 12:06, KH479839651,SP3333
WC705846,2025-11-21 12:31,KH757107732,SP3138
WC705847,2025-11-21 14:43,KH412848864,SP3065
WC705848,2025-11-21 15:10,KH451472561,SP3179
WC705849,2025-11-21 17:44,KH856606831,SP3058
WC705850,2025-11-21 18:08,KH232393796,SP3275
WC705851,2025-11-21 18:27,KH-834408323,SP3154
WC705852,2025-11-21 21:02,kh106703606,SP3056
WC705853,2025-11-21 22:04,KH118223527,SP3114
WC705854,2025-11-21 22:40,KH774691698,SP3211
WC705855,2025-11-21 23:31,KH666174270,SP3202
WC705856,2025-11-22 01:05, KH804438777,SP3024
WC705857,2025-11-22 01:21,KH307202435,SP3157
WC705858,2025-11-22 02:12,KH325151708,SP3241
WC705859,2025-11-22 03:01,KH961315936,SP3051
WC705860,2025-11-22 04:29, KH942673680,SP3173
WC705861,2025-11-22 05:18,KH863576667,SP3108
WC705862,2025-11-22 07:09,KH917218599,SP3203
WC705863,2025-11-22 07:10,KH811727858,SP3278
WC705864,2025-11-22 07:27, KH588654486,SP3204
WC705865,2025-11-22 08:22,KH183200260,SP3379
WC705866,2025-11-22 09:09,KH324252009,SP3148
WC705867,2025-11-22 09:16,KH712816121,SP3069
WC705868,2025-11-22 09:17,KH760757972,SP3068
WC705869,2025-11-22 09:27,KH669415709,SP3373
WC705870,2025-11-22 12:19,KH505084061,SP3181
WC705871,2025-11-22 14:02,kh541487682,SP3041
WC705872,2025-11-22 14:11,KH993990920,SP3205
WC705873,2025-11-22 14:27,KH652373269,SP3086
WC705874,2025-11-22 14:40,KH880487845,SP3250
WC705875,2025-11-22 14:55,KH481465086,SP3190
WC705876,2025-11-22 14:56,KH392274302,SP3087
WC705877,2025-11-22 15:12,KH792284125,SP3179
WC705878,2025-11-22 15:52,kh814519714,SP3192
WC705879,2025-11-22 18:48, KH839181296,SP3145
WC705880,2025-11-22 20:10,KH785361116,SP3235
WC705881,2025-11-22 22:56,KH661653711,SP3148
WC705882,2025-11-22 23:44,KH941549606,SP3201
WC705883,2025-11-23 00:52,kh481432286,SP3058
WC705884,2025-11-23 02:24, KH943911066,SP3061
WC705885,2025-11-23 02:43,KH608863529,SP3216
WC705886,2025-11-23 02:43,KH203043193,SP3341
WC705887,2025-11-23 04:23,KH229360547,SP3130
WC705888,2025-11-23 05:41, KH189148359,SP3189
WC705889,2025-11-23 06:15,kh766302425,SP3070
WC705890,2025-11-23 06:16,KH724994286,SP3258
WC705891,2025-11-23 06:59,KH700572402,SP3198
WC705892,2025-11-23 07:18,KH-844437016,SP3083
WC705893,2025-11-23 10:53,KH740399481,SP3203
WC705894,2025-11-23 11:00,KH136821068,SP3025
WC705895,2025-11-23 12:11,KH-817539850,SP3330
WC705896,2025-11-23 12:59,KH436088839,SP3178
WC705897,2025-11-23 13:58,KH456284658,SP3376
WC705898,2025-11-23 14:28, KH610887108,SP3143
WC705899,2025-11-23 14:36,KH-256706403,SP3282
WC705900,2025-11-23 15:10, KH168420866,SP3266
WC705901,2025-11-23 15:17,kh694651449,SP3210
WC705902,2025-11-23 15:23,KH476604947,SP3244
WC705903,2025-11-23 15:27,KH612155583,SP3110
WC705904,2025-11-23 18:21,kh857673496,SP3257
WC705905,2025-11-23 19:27,KH769957345,SP3249
WC705906,2025-11-23 19:54,KH109595198,SP3350
WC705907,2025-11-23 23:57,KH499330812,SP3151
WC705908,2025-11-24 01:14,KH469462278,SP3157
WC705909,2025-11-24 01:26,KH272536308,SP3008
WC705910,2025-11-24 02:12,KH219938914,SP3216
WC705911,2025-11-24 04:20,KH557615440,SP3022
WC705912,2025-11-24 04:40,KH817068503,SP3340
WC705913,2025-11-24 05:38,KH674100929,SP3048
WC705914,2025-11-24 06:07,KH742086222,SP3207
WC705915,2025-11-24 06:18, KH496099815,SP3265
WC705916,2025-11-24 06:35,KH-155648818,SP3342
WC705917,2025-11-24 06:55,KH673476481,SP3196
WC705918,2025-11-24 07:20,KH313644791,SP3008
WC705919,2025-11-24 07:20,KH-944499027,SP3163
WC705920,2025-11-24 08:45,KH-568126597,SP3327
WC705921,2025-11-24 09:23,KH-467508169,SP3087
WC705922,2025-11-24 10:10,KH830183315,SP3116
WC705923,2025-11-24 10:17,KH-722300850,SP3046
WC705924,2025-11-24 10:44,KH417275865,SP3061
WC705925,2025-11-24 11:55,KH707953591,SP3070
WC705926,2025-11-24 14:36,KH723086904,SP3076
WC705927,2025-11-24 15:08,KH945110041,SP3099
WC705928,2025-11-24 15:08, KH215495507,SP3276
WC705929,2025-11-24 15:18,KH163684852,SP3259
WC705930,2025-11-24 16:15, KH486692670,SP3061
WC705931,2025-11-24 16:38,KH591604988,SP3020
WC705932,2025-11-24 16:57, KH931848998,SP3370
WC705933,2025-11-24 17:36,KH953376311,SP3288
WC705934,2025-11-24 18:14,KH546752314,SP3154
WC705935,2025-11-24 22:58, KH130894606,SP3175
WC705936,2025-11-24 23:28,KH917242963,SP3272
WC705937,2025-11-25 01:40,KH810074752,SP3255
WC705938,2025-11-25 02:10,KH807786258,SP3321
WC705939,2025-11-25 02:15,KH443273934,SP3182
WC705940,2025-11-25 02:43,KH977676070,SP3325
WC705941,2025-11-25 03:39,KH151624354,SP3146
WC705942,2025-11-25 04:00,KH154752791,SP3055
WC705943,2025-11-25 07:39,KH-309880800,SP3079
WC705944,2025-11-25 08:21,KH-547439832,SP3323
WC705945,2025-11-25 08:40,KH816748123,SP3154
WC705946,2025-11-25 08:48,KH509494140,SP3130
WC705947,2025-11-25 08:57,kh523256408,SP3035
WC705948,2025-11-25 09:18,KH664489364,SP3321
WC705949,2025-11-25 09:26,KH219733370,SP3272
WC705950,2025-11-25 12:02,KH938890172,SP3061
WC705951,2025-11-25 12:22, KH482147828,SP3349
WC705952,2025-11-25 13:10,KH572062630,SP3078
WC705953,2025-11-25 13:12,KH354114935,SP3158
WC705954,2025-11-25 14:31,KH640643305,SP3200
WC705955,2025-11-25 15:52,KH183144343,SP3210
WC705956,2025-11-25 16:16,KH593825162,SP3116
WC705958,2025-11-25 17:35, KH665368742,SP3051
WC705957,2025-11-25 17:35,KH461924968,SP3132
WC705959,2025-11-25 17:56,KH159127078,SP3047
WC705960,2025-11-25 18:49,KH591946850,SP3133
WC705961,2025-11-25 18:58,kh333951289,SP3116
WC705962,2025-11-25 20:24,KH950024112,SP3253
WC705963,2025-11-25 21:08,KH582959603,SP3193
WC705964,2025-11-25 22:18,KH-755339468,SP3185
WC705965,2025-11-25 22:19,KH489855725,SP3196
WC705966,2025-11-25 23:25,kh422160391,SP3362
WC705967,2025-11-26 00:00,KH970135292,SP3379
WC705968,2025-11-26 03:30,KH-260435887,SP3345
WC705969,2025-11-26 03:31,KH239166219,SP3028
WC705970,2025-11-26 03:42,KH-337910821,SP3226
WC705971,2025-11-26 04:28,KH368970585,SP3114
WC705972,2025-11-26 04:29,kh621431411,SP3266
WC705973,2025-11-26 04:57,KH-184128833,SP3201
WC705974,2025-11-26 05:42,KH658109155,SP3182
WC705975,2025-11-26 05:49,KH107178002,SP3235
WC705976,2025-11-26 07:35,KH498789383,SP3204
WC705977,2025-11-26 08:32,KH321680017,SP3117
WC705978,2025-11-26 08:57,KH428751530,SP3339
WC705979,2025-11-26 09:32, KH238787483,SP3218
WC705980,2025-11-26 09:50,KH792012180,SP3376
WC705981,2025-11-26 11:42,KH613981360,SP3263
WC705982,2025-11-26 13:32,KH238937300,SP3301
WC705983,2025-11-26 13:36,KH502282247,SP3001
WC705984,2025-11-26 14:32,KH669048315,SP3162
WC705985,2025-11-26 16:26,KH303525849,SP3182
WC705986,2025-11-26 16:40,KH524588407,SP3354
WC705987,2025-11-26 17:46,KH406257359,SP3343
WC705988,2025-11-26 18:22,KH265560611,SP3183
WC705989,2025-11-26 19:27,KH490217298,SP3136
WC705990,2025-11-26 19:29,KH178296361,SP3159
WC705991,2025-11-26 19:35,kh887221134,SP3274
WC705992,2025-11-26 20:15,KH752851288,SP3167
WC705993,2025-11-26 20:16,KH494021884,SP3299
WC705994,2025-11-26 22:10,KH132403229,SP3134
WC705995,2025-11-26 22:19,KH556522068,SP3094
WC705996,2025-11-26 22:36,kh835503509,SP3042
WC705997,2025-11-27 00:05,KH180318889,SP3075
WC705998,2025-11-27 00:06,KH225279655,SP3367
WC705999,2025-11-27 00:09,KH328458408,SP3374
WC706000,2025-11-27 00:24,KH515238254,SP3190
WC706001,2025-11-27 00:37, KH284894178,SP3177
WC706002,2025-11-27 01:05,KH430237813,SP3243
WC706003,2025-11-27 01:17,KH323787688,SP3178
WC706004,2025-11-27 01:22,KH381760283,SP3368
WC706005,2025-11-27 01:54,KH332081203,SP3082
WC706006,2025-11-27 02:02,KH-418278679,SP3303
WC706007,2025-11-27 04:03,KH-941803260,SP3266
WC706008,2025-11-27 04:46,KH648114070,SP3338
WC706009,2025-11-27 06:08,KH380375203,SP3165
WC706010,2025-11-27 06:27,KH803640936,SP3198
WC706011,2025-11-27 07:11, KH542302113,SP3261
WC706012,2025-11-27 07:40,KH-711307831,SP3358
WC706013,2025-11-27 08:55,KH129471411,SP3372
WC706014,2025-11-27 09:58,KH711607214,SP3355
WC706015,2025-11-27 10:00,kh305108142,SP3169
WC706016,2025-11-27 12:03,KH366157056,SP3376
WC706017,2025-11-27 13:07,KH491643217,SP3312
WC706018,2025-11-27 14:08,KH860548293,SP3264
WC706019,2025-11-27 14:18,KH257401674,SP3265
WC706020,2025-11-27 16:30,KH977248459,SP3372
WC706021,2025-11-27 16:50,KH786658878,SP3153
WC706022,2025-11-27 17:45,KH873691609,SP3127
WC706023,2025-11-27 17:59,KH712577727,SP3328
WC706024,2025-11-27 18:05,KH440610804,SP3109
WC706025,2025-11-27 18:21,KH632719030,SP3258
WC706026,2025-11-27 19:21,KH-752779277,SP3195
WC706027,2025-11-27 20:41,KH612086512,SP3177
WC706028,2025-11-28 00:37,KH720162075,SP3314
WC706029,2025-11-28 02:29,KH333292244,SP3198
WC706030,2025-11-28 03:31,kh817064093,SP3030
WC706031,2025-11-28 04:12,KH759347395,SP3165
WC706032,2025-11-28 05:45,KH103575084,SP3046
WC706033,2025-11-28 05:50,KH-895963643,SP3186
WC706034,2025-11-28 06:27,KH769054473,SP3167
WC706035,2025-11-28 09:04,KH280016546,SP3341
WC706036,2025-11-28 09:21,KH135137318,SP3278
WC706037,2025-11-28 09:55,KH406254965,SP3213
WC706038,2025-11-28 10:02,KH611719063,SP3197
WC706039,2025-11-28 10:07, KH155910304,SP3162
WC706040,2025-11-28 10:35,kh652373269,SP3352
WC706041,2025-11-28 14:14,KH151964871,SP3189
WC706042,2025-11-28 14:29,KH798065426,SP3130
WC706043,2025-11-28 14:44,KH703915963,SP3215
WC706044,2025-11-28 16:33,KH359911472,SP3253
WC706045,2025-11-28 16:56,KH812354285,SP3278
WC706046,2025-11-28 17:20,KH-307941054,SP3024
WC706047,2025-11-28 21:06,kh345761901,SP3202
WC706048,2025-11-29 00:00,kh627689144,SP3328
WC706049,2025-11-29 00:21,KH418118139,SP3306
WC706050,2025-11-29 01:22,KH804776576,SP3152
WC706051,2025-11-29 03:12,KH157918028,SP3248
WC706052,2025-11-29 03:25,KH683926589,SP3323
WC706053,2025-11-29 04:02,KH679852229,SP3102
WC706054,2025-11-29 04:11,kh954884338,SP3250
WC706055,2025-11-29 04:22,KH366810115,SP3122
WC706056,2025-11-29 04:54,KH757651333,SP3070
WC706057,2025-11-29 07:09, KH662378058,SP3186
WC706058,2025-11-29 08:33,KH635957337,SP3042
WC706059,2025-11-29 08:38,KH652416178,SP3137
WC706060,2025-11-29 08:51,KH181325574,SP3253
WC706061,2025-11-29 10:02,KH-161970127,SP3127
WC706062,2025-11-29 10:56,KH-717819180,SP3143
WC706063,2025-11-29 11:47,kh328280883,SP3340
WC706064,2025-11-29 12:23,KH973882322,SP3348
WC706065,2025-11-29 12:40,kh702031417,SP3111
WC706066,2025-11-29 12:56,kh919694099,SP3049
WC706067,2025-11-29 13:21,KH-141475167,SP3306
WC706068,2025-11-29 13:50,KH395580446,SP3103
WC706069,2025-11-29 15:57,KH243086973,SP3097
WC706070,2025-11-29 16:01, KH192463003,SP3113
WC706071,2025-11-29 16:41,KH623363370,SP3265
WC706072,2025-11-29 16:43,kh476446186,SP3122
WC706073,2025-11-29 17:23, KH633911358,SP3099
WC706074,2025-11-29 18:00,KH638091443,SP3167
WC706075,2025-11-29 18:25,KH103396637,SP3195
WC706076,2025-11-29 18:52,KH144694839,SP3369
WC706077,2025-11-29 21:55,kh998589418,SP3019
WC706078,2025-11-29 22:05,kh774614782,SP3055
WC706079,2025-11-29 23:26,KH623162143,SP3048
WC706080,2025-11-30 00:40,kh777154604,SP3040
WC706081,2025-11-30 01:39,KH-857062834,SP3049
WC706082,2025-11-30 02:05,KH887736104,SP3094
WC706083,2025-11-30 02:38,KH739743669,SP3161
WC706084,2025-11-30 02:42,KH976400891,SP3109
WC706085,2025-11-30 03:47,KH744651381,SP3147
WC706086,2025-11-30 04:09,KH994188272,SP3290
WC706087,2025-11-30 04:57,KH799211170,SP3111
WC706088,2025-11-30 05:31,KH475792063,SP3251
WC706089,2025-11-30 06:06,KH115755650,SP3373
WC706090,2025-11-30 06:40,KH-613610555,SP3200
WC706091,2025-11-30 06:43,KH122633454,SP3200
WC706092,2025-11-30 07:24,KH953821645,SP3169
WC706093,2025-11-30 07:28,KH824546354,SP3122
WC706094,2025-11-30 08:47,KH196561691,SP3188
WC706095,2025-11-30 12:19,KH-283180607,SP3123
WC706096,2025-11-30 13:09,KH679059017,SP3087
WC706097,2025-11-30 13:42,KH622717216,SP3015
WC706098,2025-11-30 14:14,KH959918820,SP3365
WC706099,2025-11-30 14:22, KH166866687,SP3021
WC706100,2025-11-30 14:47,KH-101301968,SP3017
WC706101,2025-11-30 16:08,KH707175840,SP3272
WC706102,2025-11-30 17:04,KH937509673,SP3088
WC706103,2025-11-30 18:42,KH760095280,SP3100
WC706104,2025-11-30 22:09,KH669908361,SP3140
WC706105,2025-11-30 22:17,KH331059884,SP3348
WC706106,2025-12-01 00:11,KH335938721,SP3327
WC706107,2025-12-01 00:22,KH295145285,SP3102
WC706108,2025-12-01 01:17,KH141898745,SP3179
WC706109,2025-12-01 01:48,KH290105131,SP3080
WC706110,2025-12-01 02:09,kh382532003,SP3065
WC706111,2025-12-01 02:18,KH141363362,SP3180
WC706112,2025-12-01 04:40,KH433611083,SP3019
WC706113,2025-12-01 04:51,KH626406826,SP3312
WC706114,2025-12-01 05:24, KH540402982,SP3074
WC706115,2025-12-01 10:38,KH271446177,SP3004
WC706116,2025-12-01 10:51,KH375684004,SP3064
WC706117,2025-12-01 12:20,kh522229789,SP3315
WC706118,2025-12-01 14:16,KH-997986649,SP3240
WC706119,2025-12-01 14:28,KH565629667,SP3077
WC706120,2025-12-01 14:37,KH993498173,SP3044
WC706121,2025-12-01 14:49,KH446491047,SP3032
WC706122,2025-12-01 15:28,KH129824638,SP3354
WC706123,2025-12-01 17:02,KH-766429308,SP3135
WC706124,2025-12-01 17:55,KH672924426,SP3309
WC706125,2025-12-01 18:02,KH730889317,SP3198
WC706126,2025-12-01 20:59,KH335671745,SP3333
WC706127,2025-12-01 21:29,KH281515978,SP3279
WC706128,2025-12-01 21:54,KH-203022563,SP3073
WC706129,2025-12-01 22:00,kh694214819,SP3302
WC706130,2025-12-01 22:15,kh933027161,SP3159
WC706131,2025-12-01 22:35,KH861222066,SP3185
WC706132,2025-12-02 01:02,KH736390184,SP3260
WC706133,2025-12-02 01:58,kh102169892,SP3235
WC706134,2025-12-02 02:27,KH759506093,SP3262
WC706135,2025-12-02 05:12,KH-228720796,SP3020
WC706136,2025-12-02 05:28,KH889118135,SP3022
WC706137,2025-12-02 05:34,KH214748116,SP3176
WC706138,2025-12-02 05:42,KH388128473,SP3182
WC706139,2025-12-02 05:48,KH-929830025,SP3013
WC706140,2025-12-02 05:48,KH784720258,SP3322
WC706141,2025-12-02 07:05,KH782054259,SP3216
WC706142,2025-12-02 07:40,KH326254918,SP3201
WC706143,2025-12-02 07:54,KH257261290,SP3251
WC706144,2025-12-02 08:14,KH584298295,SP3169
WC706145,2025-12-02 10:19,KH636578209,SP3212
WC706146,2025-12-02 10:22, KH502147383,SP3171
WC706147,2025-12-02 11:28,KH263863285,SP3042
WC706148,2025-12-02 12:11,KH769863028,SP3242
WC706149,2025-12-02 14:06, KH657335877,SP3013
WC706150,2025-12-02 16:55,KH561155503,SP3289
WC706151,2025-12-02 17:27,KH200932351,SP3154
WC706152,2025-12-02 18:30,KH-773412116,SP3365
WC706153,2025-12-02 19:22, KH737522758,SP3369
WC706154,2025-12-02 20:21,kh351776650,SP3276
WC706155,2025-12-02 21:05,KH-640244210,SP3068
WC706156,2025-12-02 21:49,KH974627076,SP3101
WC706157,2025-12-02 22:22,KH552354132,SP3089
WC706158,2025-12-03 00:25,KH523284761,SP3242
WC706159,2025-12-03 00:30,KH372912361,SP3332
WC706160,2025-12-03 04:12,KH288259500,SP3266
WC706161,2025-12-03 04:12,KH378349131,SP3109
WC706162,2025-12-03 05:04,kh886333871,SP3057
WC706163,2025-12-03 05:29,kh211353678,SP3361
WC706164,2025-12-03 06:57,KH198929217,SP3257
WC706165,2025-12-03 09:46,KH839745111,SP3182
WC706166,2025-12-03 09:54,KH799991337,SP3087
WC706167,2025-12-03 10:13,KH260304637,SP3072
WC706168,2025-12-03 10:21,KH192186413,SP3372
WC706169,2025-12-03 10:54,kh630832362,SP3001
WC706170,2025-12-03 11:30,KH-821462853,SP3042
WC706171,2025-12-03 13:12,KH890042704,SP3281
WC706172,2025-12-03 15:34,KH257261290,SP3279
WC706173,2025-12-03 15:52,KH628224705,SP3104
WC706174,2025-12-03 17:18,KH572207268,SP3185
WC706175,2025-12-03 18:27,kh214031713,SP3196
WC706176,2025-12-03 18:56,KH833521188,SP3132
WC706177,2025-12-03 19:20,KH707612721,SP3029
WC706178,2025-12-03 21:07,KH299962025,SP3275
WC706179,2025-12-03 23:00,KH-949237469,SP3152
WC706180,2025-12-03 23:02,kh981656387,SP3365
WC706181,2025-12-03 23:37,KH724065478,SP3001
WC706182,2025-12-03 23:48,KH560026104,SP3302
WC706183,2025-12-04 00:30,KH-665567267,SP3354
WC706184,2025-12-04 01:19,kh515717830,SP3179
WC706185,2025-12-04 02:08,KH160113450,SP3145
WC706186,2025-12-04 04:20,KH-741324879,SP3070
WC706187,2025-12-04 04:53,KH375800588,SP3378
WC706188,2025-12-04 05:05,KH652627816,SP3096
WC706189,2025-12-04 05:22,KH346225717,SP3314
WC706190,2025-12-04 09:11,KH753317611,SP3288
WC706191,2025-12-04 09:51,KH736564514,SP3089
WC706192,2025-12-04 10:25,KH748373202,SP3222
WC706193,2025-12-04 11:04, KH155108913,SP3042
WC706194,2025-12-04 11:21, KH544597898,SP3127
WC706195,2025-12-04 12:34,KH577124038,SP3206
WC706196,2025-12-04 14:05, KH583792449,SP3035
WC706197,2025-12-04 14:16,KH244517496,SP3317
WC706198,2025-12-04 14:45,KH771119692,SP3330
WC706199,2025-12-04 15:16,KH751723078,SP3169
WC706200,2025-12-04 16:41,KH765468793,SP3216
WC706201,2025-12-04 19:11,KH121434250,SP3242
WC706202,2025-12-04 19:28,KH-529247982,SP3029
WC706203,2025-12-04 20:47,KH-507376120,SP3228
WC706204,2025-12-04 21:12,KH700960842,SP3045
WC706205,2025-12-04 22:27,KH846016800,SP3012
WC706206,2025-12-04 22:59, KH441071581,SP3240
WC706207,2025-12-04 23:10, KH139091852,SP3081
WC706208,2025-12-04 23:16,KH434743696,SP3240
WC706209,2025-12-04 23:29,KH623381109,SP3073
WC706210,2025-12-04 23:41,KH186410401,SP3110
WC706211,2025-12-04 23:42,KH765701193,SP3238
WC706212,2025-12-05 00:15,KH642956930,SP3254
WC706213,2025-12-05 00:22,KH531874451,SP3182
WC706214,2025-12-05 02:58,KH471391141,SP3198
WC706215,2025-12-05 03:04, KH619569773,SP3211
WC706216,2025-12-05 04:04,KH943341450,SP3162
WC706217,2025-12-05 05:50,KH421892548,SP3136
WC706218,2025-12-05 06:32,KH485270810,SP3276
WC706219,2025-12-05 06:34,KH308202177,SP3027
WC706220,2025-12-05 06:46,KH158403800,SP3136
WC706221,2025-12-05 07:18,KH559469573,SP3215
WC706222,2025-12-05 08:15,KH494782584,SP3068
WC706223,2025-12-05 08:59,KH762670198,SP3284
WC706224,2025-12-05 10:56,KH314995754,SP3347
WC706225,2025-12-05 13:46,KH-523645140,SP3150
WC706226,2025-12-05 14:50,KH306666591,SP3119
WC706227,2025-12-05 16:14,KH621957058,SP3195
WC706228,2025-12-05 16:50,KH774732266,SP3278
WC706229,2025-12-05 17:53, KH509237754,SP3278
WC706230,2025-12-05 19:30,kh479665440,SP3078
WC706231,2025-12-05 20:01,KH112173165,SP3034
WC706232,2025-12-05 20:22,KH484911965,SP3291
WC706233,2025-12-05 20:25,kh464136143,SP3258
WC706234,2025-12-05 22:05,KH822658793,SP3141
WC706235,2025-12-05 23:14, KH623208128,SP3139
WC706236,2025-12-05 23:17,KH464833985,SP3158
WC706237,2025-12-05 23:17,KH275960613,SP3378
WC706238,2025-12-05 23:58,KH712068478,SP3356
WC706239,2025-12-06 00:57,KH383785230,SP3004
WC706240,2025-12-06 01:31, KH474770009,SP3069
WC706241,2025-12-06 01:53,kh361571372,SP3325
WC706242,2025-12-06 03:16,KH-409141359,SP3018
WC706243,2025-12-06 04:54, KH107758783,SP3048
WC706244,2025-12-06 05:09,KH923987595,SP3369
WC706245,2025-12-06 05:26,kh737522758,SP3046
WC706246,2025-12-06 05:56,KH169087996,SP3212
WC706247,2025-12-06 06:34,KH428718345,SP3331
WC706248,2025-12-06 07:06,KH106800064,SP3303
WC706249,2025-12-06 08:30,kh342100401,SP3255
WC706250,2025-12-06 09:24,kh349549265,SP3264
WC706251,2025-12-06 11:36,KH-518837509,SP3003
WC706252,2025-12-06 13:27,KH383695909,SP3352
WC706253,2025-12-06 13:29,KH277828984,SP3204
WC706254,2025-12-06 14:19, KH961167951,SP3016
WC706255,2025-12-06 15:30,KH849512636,SP3218
WC706256,2025-12-06 16:35,kh378264795,SP3086
WC706257,2025-12-06 18:08,KH138257193,SP3064
WC706258,2025-12-06 18:56,KH-699766874,SP3376
WC706259,2025-12-06 20:22,kh456137811,SP3211
WC706260,2025-12-06 20:50,KH313644663,SP3167
WC706261,2025-12-07 00:15,kh484497964,SP3249
WC706262,2025-12-07 00:38,KH704252934,SP3348
WC706263,2025-12-07 01:11,KH201679633,SP3204
WC706264,2025-12-07 02:09,kh258272468,SP3274
WC706265,2025-12-07 02:53,KH674726970,SP3356
WC706266,2025-12-07 03:02,KH849512636,SP3012
WC706267,2025-12-07 03:05,KH-299179616,SP3285
WC706268,2025-12-07 03:24,kh412830950,SP3243
WC706269,2025-12-07 03:39,KH941803260,SP3265
WC706270,2025-12-07 04:45, KH969206813,SP3026
WC706271,2025-12-07 07:01,KH452619618,SP3166
WC706272,2025-12-07 07:32,KH106065145,SP3058
WC706273,2025-12-07 10:25,KH753476095,SP3369
WC706274,2025-12-07 11:01,KH649029291,SP3321
WC706275,2025-12-07 14:16,KH668607861,SP3190
WC706276,2025-12-07 14:29,KH307531015,SP3241
WC706277,2025-12-07 14:42,KH426722841,SP3323
WC706278,2025-12-07 15:11,KH677073556,SP3267
WC706279,2025-12-07 15:48,kh502445187,SP3134
WC706280,2025-12-07 16:18,KH-903664136,SP3093
WC706281,2025-12-07 17:26, KH263483019,SP3146
WC706282,2025-12-07 18:34,KH387713701,SP3202
WC706283,2025-12-07 19:19,KH874789567,SP3340
WC706284,2025-12-07 19:37,KH470019297,SP3082
WC706285,2025-12-07 20:38,KH438143843,SP3253
WC706286,2025-12-07 21:38,KH288502775,SP3074
WC706287,2025-12-07 22:09,KH648912867,SP3054
WC706288,2025-12-07 23:05,KH686437365,SP3308
WC706289,2025-12-08 00:39,KH-487682577,SP3284
WC706290,2025-12-08 03:05,KH614372144,SP3066
WC706291,2025-12-08 04:26,KH588133843,SP3044
WC706292,2025-12-08 05:14,KH229498250,SP3065
WC706293,2025-12-08 05:52,KH169352684,SP3002
WC706294,2025-12-08 06:51,KH122633454,SP3272
WC706295,2025-12-08 07:28,KH276525583,SP3134
WC706296,2025-12-08 07:31,KH694427986,SP3083
WC706297,2025-12-08 07:40,KH769691726,SP3240
WC706298,2025-12-08 08:51,kh821118039,SP3133
WC706299,2025-12-08 09:01,KH458193252,SP3018
WC706300,2025-12-08 10:11,KH-811314729,SP3228
WC706301,2025-12-08 10:51,KH495006081,SP3137
WC706302,2025-12-08 11:05,KH122551030,SP3131
WC706303,2025-12-08 15:37,KH208061120,SP3034
WC706304,2025-12-08 15:39,kh970507845,SP3288
WC706305,2025-12-08 16:39,KH722970699,SP3370
WC706306,2025-12-08 17:06,KH512975085,SP3186
WC706307,2025-12-08 17:10,kh991584678,SP3324
WC706308,2025-12-08 18:19,KH-566104675,SP3183
WC706309,2025-12-08 18:36,KH305108142,SP3186
WC706310,2025-12-08 20:08,KH264888364,SP3278
WC706311,2025-12-08 20:28, KH527201476,SP3159
WC706312,2025-12-08 20:40,KH458945739,SP3192
WC706313,2025-12-08 22:22,KH-508845291,SP3268
WC706314,2025-12-09 00:35,KH275207323,SP3147
WC706315,2025-12-09 00:48, KH928418084,SP3111
WC706316,2025-12-09 02:24, KH690901722,SP3095
WC706317,2025-12-09 04:14,KH310081340,SP3096
WC706318,2025-12-09 05:04,KH373287618,SP3013
WC706319,2025-12-09 07:11,KH869606603,SP3210
WC706320,2025-12-09 07:17,KH536263641,SP3044
WC706321,2025-12-09 07:43,KH239836081,SP3044
WC706322,2025-12-09 07:46,KH565434978,SP3248
WC706323,2025-12-09 09:06, KH432945944,SP3063
WC706324,2025-12-09 09:17,KH107762150,SP3207
WC706325,2025-12-09 10:55,KH-694389249,SP3067
WC706326,2025-12-09 11:09,KH669048968,SP3168
WC706327,2025-12-09 11:19,KH330981450,SP3075
WC706328,2025-12-09 12:46,KH358871553,SP3271
WC706329,2025-12-09 14:08,KH688802281,SP3069
WC706330,2025-12-09 18:50,kh701484080,SP3306
WC706331,2025-12-09 19:23,KH765838694,SP3234
WC706332,2025-12-09 21:00,KH316747802,SP3253
WC706333,2025-12-09 21:50,KH260073785,SP3285
WC706334,2025-12-10 04:03,KH800724084,SP3361
WC706335,2025-12-10 04:15,KH476576733,SP3055
WC706336,2025-12-10 04:28,KH626471039,SP3074
WC706337,2025-12-10 05:59,KH188273193,SP3083
WC706338,2025-12-10 06:07,kh938651080,SP3292
WC706339,2025-12-10 06:14,KH-524480687,SP3358
WC706340,2025-12-10 06:40,KH789641226,SP3301
WC706341,2025-12-10 07:51,KH706467722,SP3104
WC706342,2025-12-10 09:15,KH958864857,SP3210
WC706343,2025-12-10 09:34, KH718394149,SP3259
WC706344,2025-12-10 09:34,KH679373306,SP3178
WC706345,2025-12-10 14:39,KH-840248772,SP3013
WC706346,2025-12-10 15:14,KH182292146,SP3142
WC706347,2025-12-10 15:50,KH607401569,SP3075
WC706348,2025-12-10 15:53,KH815415929,SP3354
WC706349,2025-12-10 17:01,KH501839820,SP3038
WC706350,2025-12-10 18:09,kh863069406,SP3207
WC706351,2025-12-10 18:42,KH628128985,SP3034
WC706352,2025-12-10 19:07,KH677227715,SP3297
WC706353,2025-12-10 19:40,KH400593194,SP3262
WC706354,2025-12-10 20:54,KH905393309,SP3031
WC706355,2025-12-10 22:04,KH763181297,SP3183
WC706356,2025-12-10 22:22,KH708107565,SP3274
WC706357,2025-12-10 23:52,KH814824492,SP3207
WC706358,2025-12-10 23:57,KH309507115,SP3264
WC706359,2025-12-11 01:14,kh362680012,SP3201
WC706360,2025-12-11 01:38,KH145306018,SP3302
WC706361,2025-12-11 02:29, KH692964366,SP3173
WC706362,2025-12-11 02:41,KH328280883,SP3193
WC706363,2025-12-11 03:19,KH-419413608,SP3374
WC706364,2025-12-11 03:49,KH-537252168,SP3266
WC706365,2025-12-11 04:49,KH509424045,SP3013
WC706366,2025-12-11 04:50,KH235158364,SP3022
WC706367,2025-12-11 05:28,KH509230473,SP3227
WC706368,2025-12-11 06:50,KH216577264,SP3163
WC706369,2025-12-11 07:47,KH155012168,SP3001
WC706370,2025-12-11 08:02,KH988196176,SP3064
WC706371,2025-12-11 08:24,KH165531633,SP3017
WC706372,2025-12-11 09:04,KH550396418,SP3188
WC706373,2025-12-11 10:06,KH516686473,SP3177
WC706374,2025-12-11 10:55,KH445605055,SP3360
WC706375,2025-12-11 12:01,KH335687412,SP3058
WC706376,2025-12-11 12:08,KH450105256,SP3243
WC706377,2025-12-11 12:27,KH-353732766,SP3028
WC706378,2025-12-11 12:29, KH461973743,SP3291
WC706379,2025-12-11 12:48,KH430237813,SP3167
WC706380,2025-12-11 13:03,kh380687804,SP3192
WC706381,2025-12-11 13:37,KH791259348,SP3339
WC706382,2025-12-11 13:41,KH452221169,SP3192
WC706383,2025-12-11 14:40,KH893372731,SP3167
WC706384,2025-12-11 14:47,KH-279153418,SP3351
WC706385,2025-12-11 15:38,KH181981305,SP3087
WC706386,2025-12-11 19:03,KH-905957299,SP3088
WC706387,2025-12-11 20:58,KH-238726865,SP3168
WC706388,2025-12-11 21:52, KH985386462,SP3054
WC706389,2025-12-11 21:52,KH822712107,SP3308
WC706390,2025-12-11 23:11,KH216291700,SP3379
WC706391,2025-12-11 23:20,KH845978992,SP3276
WC706392,2025-12-12 00:53,KH-566423734,SP3132
WC706393,2025-12-12 01:11,KH-884382464,SP3220
WC706394,2025-12-12 01:18,kh829136069,SP3317
WC706395,2025-12-12 03:26,KH837912569,SP3006
WC706396,2025-12-12 06:53,KH861222066,SP3297
WC706397,2025-12-12 08:21,KH145278611,SP3055
WC706398,2025-12-12 09:05,KH828965606,SP3352
WC706399,2025-12-12 09:32,KH571274703,SP3206
WC706400,2025-12-12 09:55,KH348415867,SP3253
WC706401,2025-12-12 10:26,KH560736263,SP3070
WC706402,2025-12-12 11:03,kh124619412,SP3029
WC706403,2025-12-12 11:32, KH476736308,SP3020
WC706404,2025-12-12 12:44,KH203043193,SP3083
WC706405,2025-12-12 13:09,kh107391536,SP3022
WC706406,2025-12-12 13:09,KH668417869,SP3317
WC706407,2025-12-12 13:20,KH828965606,SP3199
WC706408,2025-12-12 15:53,KH320100933,SP3092
WC706409,2025-12-12 16:08,KH518290513,SP3321
WC706410,2025-12-12 16:59,KH369121407,SP3349
WC706411,2025-12-12 19:24,KH233725202,SP3033
WC706412,2025-12-12 20:23,KH376610655,SP3312
WC706413,2025-12-12 20:37,KH857830116,SP3250
WC706414,2025-12-12 21:01,KH536498365,SP3262
WC706415,2025-12-12 22:12,kh149002236,SP3297
WC706416,2025-12-13 01:29,KH166563637,SP3325
WC706417,2025-12-13 02:28,KH715527767,SP3318
WC706418,2025-12-13 02:47,KH-292124454,SP3212
WC706419,2025-12-13 02:54,KH244889246,SP3052
WC706420,2025-12-13 03:42,kh283323688,SP3082
WC706421,2025-12-13 03:57,KH-738793748,SP3366
WC706422,2025-12-13 04:28,KH-849970329,SP3151
WC706423,2025-12-13 04:55,KH809537693,SP3146
WC706424,2025-12-13 05:53,KH937321137,SP3188
WC706426,2025-12-13 06:24,kh580979128,SP3298
WC706425,2025-12-13 06:24,KH253187662,SP3284
WC706427,2025-12-13 06:28,KH375719611,SP3108
WC706428,2025-12-13 07:18,kh438773704,SP3100
WC706429,2025-12-13 07:32,KH762701250,SP3310
WC706430,2025-12-13 09:13,KH295829041,SP3025
WC706431,2025-12-13 11:05,KH107674832,SP3226
WC706432,2025-12-13 11:53,KH716679871,SP3171
WC706433,2025-12-13 14:51,KH203868926,SP3186
WC706434,2025-12-13 15:20,KH911394111,SP3112
WC706435,2025-12-13 15:21,KH900553247,SP3176
WC706436,2025-12-13 17:40,KH978102669,SP3370
WC706437,2025-12-13 18:13,KH652664745,SP3024
WC706438,2025-12-13 18:37,KH629793675,SP3117
WC706439,2025-12-13 18:44,KH969430678,SP3159
WC706440,2025-12-13 20:12,KH815138686,SP3040
WC706441,2025-12-13 20:24,KH274253357,SP3114
WC706442,2025-12-13 20:38,KH890799388,SP3290
WC706443,2025-12-13 21:11,KH851734947,SP3209
WC706444,2025-12-13 21:40,KH975993785,SP3146
WC706445,2025-12-13 22:01,kh970753811,SP3153
WC706446,2025-12-13 22:13,KH772054649,SP3070
WC706447,2025-12-13 23:11,kh699635706,SP3280
WC706448,2025-12-13 23:32,KH607458791,SP3030
WC706449,2025-12-13 23:47,KH984350622,SP3217
WC706450,2025-12-14 00:26,kh672924426,SP3318
WC706451,2025-12-14 00:26,KH912019938,SP3321
WC706452,2025-12-14 02:34,KH346144143,SP3029
WC706453,2025-12-14 04:58,KH301154211,SP3143
WC706454,2025-12-14 06:16,KH453734803,SP3199
WC706455,2025-12-14 08:39,KH878169817,SP3376
WC706456,2025-12-14 08:50,KH983723377,SP3143
WC706457,2025-12-14 09:42,KH571270994,SP3251
WC706458,2025-12-14 10:04,KH282766820,SP3258
WC706459,2025-12-14 11:03,KH135024773,SP3366
WC706460,2025-12-14 11:31,KH271209979,SP3114
WC706461,2025-12-14 11:44,KH493819577,SP3190
WC706462,2025-12-14 12:26,KH559067952,SP3242
WC706463,2025-12-14 13:11,kh492808346,SP3208
WC706464,2025-12-14 14:20,KH659640222,SP3332
WC706465,2025-12-14 16:33,KH959153388,SP3259
WC706466,2025-12-14 17:10,KH-935654592,SP3251
WC706467,2025-12-14 19:05, KH276920109,SP3285
WC706468,2025-12-14 19:07,kh702256435,SP3328
WC706469,2025-12-14 19:11,kh202757270,SP3278
WC706470,2025-12-14 19:28, KH261947633,SP3290
WC706471,2025-12-14 20:43,KH653456378,SP3059
WC706472,2025-12-14 21:11,KH771630175,SP3364
WC706473,2025-12-14 22:39, KH188121005,SP3173
WC706474,2025-12-15 00:15,KH481198861,SP3332
WC706475,2025-12-15 02:10,KH132156694,SP3234
WC706476,2025-12-15 03:50, KH436421380,SP3200
WC706477,2025-12-15 03:54,KH687223774,SP3284
WC706478,2025-12-15 04:32,KH773192334,SP3147
WC706479,2025-12-15 04:32,kh714472649,SP3081
WC706480,2025-12-15 04:58,kh864296589,SP3065
WC706481,2025-12-15 05:46,KH623860367,SP3222
WC706482,2025-12-15 06:52,kh236485935,SP3291
WC706483,2025-12-15 07:00,KH303199842,SP3350
WC706484,2025-12-15 07:48,KH432017739,SP3057
WC706485,2025-12-15 11:32,KH644364031,SP3244
WC706486,2025-12-15 11:37,KH246049284,SP3180
WC706487,2025-12-15 12:07, KH956798224,SP3273
WC706488,2025-12-15 12:20,KH475792063,SP3368
WC706489,2025-12-15 12:21,KH328461303,SP3178
WC706490,2025-12-15 15:12, KH187972575,SP3036
WC706491,2025-12-15 15:14,kh150992132,SP3035
WC706492,2025-12-15 16:45,KH703025906,SP3376
WC706493,2025-12-15 17:08,KH771014409,SP3056
WC706494,2025-12-15 17:23,KH997754523,SP3002
WC706495,2025-12-15 18:19,kh542149936,SP3013
WC706496,2025-12-15 18:41,KH967055021,SP3266
WC706497,2025-12-15 19:16,KH687503070,SP3261
WC706498,2025-12-15 19:45,KH-139105980,SP3215
WC706499,2025-12-15 20:24,KH653845642,SP3153
WC706500,2025-12-15 20:42, KH540091136,SP3212
WC706501,2025-12-15 20:49,KH776700365,SP3200
WC706502,2025-12-15 21:30,kh110938788,SP3065
WC706503,2025-12-15 21:48,KH524480687,SP3139
WC706504,2025-12-15 21:49,kh362230706,SP3268
WC706505,2025-12-16 00:26,kh773192334,SP3196
WC706506,2025-12-16 00:58,kh198661773,SP3102
WC706507,2025-12-16 01:57,KH241658893,SP3072
WC706508,2025-12-16 02:30,KH297687578,SP3268
WC706509,2025-12-16 04:53,KH636172709,SP3055
WC706510,2025-12-16 07:23,KH940062007,SP3021
WC706511,2025-12-16 07:28, KH640330455,SP3211
WC706512,2025-12-16 08:00,KH610738752,SP3117
WC706513,2025-12-16 08:04,KH868372964,SP3155
WC706514,2025-12-16 08:18,kh719818676,SP3328
WC706515,2025-12-16 08:25,KH355510353,SP3097
WC706516,2025-12-16 10:28,KH105827351,SP3112
WC706517,2025-12-16 12:40,KH-359405176,SP3180
WC706518,2025-12-16 13:41,KH-341668417,SP3292
WC706519,2025-12-16 14:52,KH156883780,SP3249
WC706520,2025-12-16 16:40,KH762421418,SP3030
WC706521,2025-12-16 17:40,KH516976442,SP3147
WC706522,2025-12-16 17:57,KH520090540,SP3308
WC706523,2025-12-16 20:48,KH969803963,SP3196
WC706524,2025-12-16 21:29, KH989940895,SP3004
WC706525,2025-12-16 22:16,KH792673915,SP3253
WC706526,2025-12-17 01:48,KH652699687,SP3373
WC706527,2025-12-17 01:51,KH121376918,SP3290
WC706528,2025-12-17 02:07,KH208968611,SP3108
WC706529,2025-12-17 03:05,KH493270178,SP3108
WC706530,2025-12-17 03:05,KH-827706193,SP3325
WC706531,2025-12-17 03:10, KH660926540,SP3199
WC706532,2025-12-17 03:27,KH-520358991,SP3153
WC706533,2025-12-17 03:56,KH387713701,SP3358
WC706534,2025-12-17 03:57,KH642253026,SP3080
WC706535,2025-12-17 04:59,KH897199316,SP3165
WC706536,2025-12-17 05:36,KH480274381,SP3179
WC706537,2025-12-17 06:45,KH688305909,SP3069
WC706538,2025-12-17 10:36,KH773083811,SP3369
WC706539,2025-12-17 13:37,KH-525957633,SP3327
WC706540,2025-12-17 13:40,KH531874451,SP3291
WC706541,2025-12-17 14:09,kh379553457,SP3250
WC706542,2025-12-17 14:26,KH993959057,SP3232
WC706543,2025-12-17 14:54, KH158306248,SP3040
WC706544,2025-12-17 15:52,KH838083545,SP3073
WC706545,2025-12-17 16:20, KH280978166,SP3372
WC706546,2025-12-17 16:23,KH-629012372,SP3312
WC706547,2025-12-17 16:50,KH215689117,SP3108
WC706548,2025-12-17 17:44,KH732204879,SP3312
WC706549,2025-12-17 19:05,KH535071266,SP3052
WC706550,2025-12-17 20:26,KH-847378429,SP3338
WC706551,2025-12-17 20:46,KH952662286,SP3005
WC706552,2025-12-17 21:20,KH-622717216,SP3372
WC706553,2025-12-17 23:10,KH616835373,SP3284
WC706554,2025-12-17 23:30,KH651747365,SP3128
WC706555,2025-12-17 23:59,KH763912169,SP3187
WC706556,2025-12-18 00:35,KH785960900,SP3293
WC706557,2025-12-18 06:09,KH137484255,SP3272
WC706558,2025-12-18 06:24,kh103053709,SP3123
WC706559,2025-12-18 07:29,KH341749591,SP3288
WC706560,2025-12-18 07:38,KH654130725,SP3247
WC706561,2025-12-18 07:59,KH282573542,SP3268
WC706562,2025-12-18 08:07,KH273837118,SP3072
WC706563,2025-12-18 10:50,KH108724237,SP3276
WC706564,2025-12-18 11:23,KH114106130,SP3165
WC706565,2025-12-18 11:33,KH914263939,SP3148
WC706566,2025-12-18 11:58,KH172244856,SP3125
WC706567,2025-12-18 12:34,kh372961531,SP3087
WC706568,2025-12-18 16:51,kh399446047,SP3352
WC706569,2025-12-18 17:17,KH498564810,SP3141
WC706570,2025-12-18 18:28,KH475714833,SP3065
WC706571,2025-12-18 21:06,kh367672940,SP3232
WC706572,2025-12-19 00:08,kh706770361,SP3043
WC706573,2025-12-19 00:32,KH229945684,SP3150
WC706574,2025-12-19 00:32, KH281945866,SP3210
WC706575,2025-12-19 01:36,KH761111335,SP3033
WC706576,2025-12-19 02:56,kh807536702,SP3379
WC706577,2025-12-19 03:32,KH793992314,SP3218
WC706578,2025-12-19 05:09,KH112575053,SP3150
WC706579,2025-12-19 06:15,KH445974672,SP3125
WC706580,2025-12-19 06:18,kh973417359,SP3272
WC706581,2025-12-19 06:50,KH555616502,SP3345
WC706582,2025-12-19 07:28,KH415375781,SP3041
WC706583,2025-12-19 07:38,KH121174409,SP3157
WC706584,2025-12-19 09:01,KH667240939,SP3186
WC706585,2025-12-19 09:57,KH637315449,SP3041
WC706586,2025-12-19 10:04,KH-550396418,SP3203
WC706587,2025-12-19 10:15,KH-657416971,SP3354
WC706588,2025-12-19 10:22,KH-600223047,SP3168
WC706589,2025-12-19 10:29,KH797854792,SP3078
WC706590,2025-12-19 10:48,kh353620555,SP3070
WC706591,2025-12-19 12:30,KH-229564439,SP3196
WC706593,2025-12-19 13:35,kh188535733,SP3110
WC706592,2025-12-19 13:35,KH999066470,SP3341
WC706594,2025-12-19 13:44,KH857837950,SP3016
WC706595,2025-12-19 13:51,KH428864710,SP3309
WC706596,2025-12-19 14:58,KH139091852,SP3051
WC706597,2025-12-19 15:45,KH676040287,SP3219
WC706598,2025-12-19 17:49,KH-217632518,SP3193
WC706599,2025-12-19 18:00,KH-121208494,SP3152
WC706600,2025-12-19 18:09,KH208242023,SP3152
WC706601,2025-12-19 18:57,KH878973680,SP3013
WC706602,2025-12-19 19:25,KH940588082,SP3067
WC706603,2025-12-19 20:49,KH778453927,SP3232
WC706604,2025-12-19 21:41,KH883338214,SP3127
WC706605,2025-12-19 21:52,kh619653688,SP3091
WC706606,2025-12-20 01:13,KH308070605,SP3292
WC706607,2025-12-20 01:17,kh170562554,SP3205
WC706608,2025-12-20 02:03,KH843344832,SP3153
WC706609,2025-12-20 02:48,KH566378546,SP3171
WC706610,2025-12-20 03:11,KH920289831,SP3240
WC706611,2025-12-20 03:16,KH256407506,SP3004
WC706612,2025-12-20 03:30,KH782380446,SP3142
WC706613,2025-12-20 04:08,KH850357075,SP3377
WC706614,2025-12-20 04:55,KH504316660,SP3144
WC706615,2025-12-20 05:41,kh107788906,SP3308
WC706616,2025-12-20 06:26,KH503218643,SP3137
WC706617,2025-12-20 09:14,KH470357465,SP3147
WC706618,2025-12-20 11:46,KH-957342936,SP3264
WC706619,2025-12-20 11:51,KH300908213,SP3072
WC706620,2025-12-20 16:24,KH820793916,SP3104
WC706621,2025-12-20 18:00,KH747843482,SP3298
WC706622,2025-12-20 20:46,KH734245300,SP3148
WC706623,2025-12-20 21:45, KH484868648,SP3003
WC706624,2025-12-20 21:51,KH346225717,SP3226
WC706625,2025-12-20 23:21, KH835959078,SP3128
WC706626,2025-12-20 23:28,KH564169234,SP3003
WC706627,2025-12-20 23:49,KH427303603,SP3266
WC706628,2025-12-21 01:51,KH689320036,SP3216
WC706629,2025-12-21 02:18, KH619358591,SP3183
WC706630,2025-12-21 02:39,KH-938620580,SP3079
WC706631,2025-12-21 04:11,KH595747448,SP3124
WC706632,2025-12-21 06:17,KH854081248,SP3185
WC706633,2025-12-21 06:44,KH745924878,SP3119
WC706634,2025-12-21 06:54,KH753020869,SP3365
WC706635,2025-12-21 07:35,KH289283148,SP3274
WC706636,2025-12-21 08:55,KH288227417,SP3091
WC706637,2025-12-21 10:20, KH514422297,SP3238
WC706638,2025-12-21 11:22,kh428020175,SP3101
WC706639,2025-12-21 11:49,KH712424576,SP3354
WC706640,2025-12-21 13:15,KH111100622,SP3152
WC706641,2025-12-21 14:17,KH386642547,SP3210
WC706642,2025-12-21 14:58,KH733544511,SP3052
WC706643,2025-12-21 15:25,KH695919034,SP3103
WC706644,2025-12-21 16:13,KH642714669,SP3279
WC706645,2025-12-21 16:48,KH201713402,SP3335
WC706646,2025-12-21 18:29,kh332498295,SP3180
WC706647,2025-12-21 18:32,KH155006160,SP3311
WC706648,2025-12-21 18:50,KH851086479,SP3030
WC706649,2025-12-21 18:54,KH927455703,SP3057
WC706650,2025-12-21 18:57,KH233685973,SP3379
WC706651,2025-12-21 20:26,kh993033488,SP3203
WC706652,2025-12-21 20:34,KH510660166,SP3218
WC706653,2025-12-21 22:00,KH529481044,SP3044
WC706654,2025-12-21 22:17,kh786837414,SP3215
WC706655,2025-12-21 22:25,KH730999309,SP3028
WC706656,2025-12-21 22:36,KH363365861,SP3244
WC706657,2025-12-21 23:17,KH-371200381,SP3216
WC706658,2025-12-22 00:59, KH911929503,SP3074
WC706659,2025-12-22 02:01,KH983593310,SP3299
WC706660,2025-12-22 02:34,KH811159118,SP3198
WC706661,2025-12-22 03:08,KH198230262,SP3144
WC706662,2025-12-22 03:46,KH843586593,SP3347
WC706663,2025-12-22 04:02,KH758773193,SP3169
WC706664,2025-12-22 04:24,KH880006308,SP3251
WC706665,2025-12-22 06:20, KH208242023,SP3171
WC706666,2025-12-22 07:26,KH590335281,SP3213
WC706667,2025-12-22 09:24,kh568765194,SP3006
WC706668,2025-12-22 11:39,KH555814026,SP3021
WC706669,2025-12-22 11:55,KH652295602,SP3206
WC706670,2025-12-22 13:05,kh399236356,SP3008
WC706671,2025-12-22 13:41,KH959222842,SP3329
WC706672,2025-12-22 13:44,KH739613920,SP3173
WC706673,2025-12-22 14:01, KH899140113,SP3373
WC706674,2025-12-22 14:26,KH183477103,SP3047
WC706675,2025-12-22 16:47,KH-934726582,SP3329
WC706676,2025-12-22 16:56,KH921076022,SP3040
WC706677,2025-12-22 17:08,KH338990420,SP3005
WC706678,2025-12-22 17:11,KH347974369,SP3336
WC706679,2025-12-22 20:39,KH575239006,SP3328
WC706680,2025-12-22 22:34,KH691263501,SP3119
WC706681,2025-12-23 00:17,KH-368270353,SP3237
WC706682,2025-12-23 00:22, KH208326412,SP3335
WC706683,2025-12-23 00:46,kh111408431,SP3209
WC706684,2025-12-23 01:35,KH562544618,SP3140
WC706685,2025-12-23 01:56,KH379727929,SP3100
WC706686,2025-12-23 02:29,KH438806801,SP3332
WC706687,2025-12-23 02:47,KH444748299,SP3208
WC706688,2025-12-23 03:03,KH875408614,SP3119
WC706689,2025-12-23 03:16,KH477924197,SP3043
WC706690,2025-12-23 03:33,KH-715181537,SP3303
WC706691,2025-12-23 04:23,KH120091598,SP3034
WC706692,2025-12-23 04:52,KH809713037,SP3164
WC706693,2025-12-23 05:10, KH359458362,SP3067
WC706694,2025-12-23 07:08,KH-947079519,SP3306
WC706695,2025-12-23 07:18,kh372598991,SP3210
WC706696,2025-12-23 09:09,KH756527433,SP3159
WC706697,2025-12-23 09:49,KH390863472,SP3242
WC706698,2025-12-23 10:31,KH211983556,SP3291
WC706699,2025-12-23 10:40,kh978606930,SP3254
WC706700,2025-12-23 10:45,KH846404204,SP3372
WC706701,2025-12-23 11:31,KH985257566,SP3275
WC706702,2025-12-23 13:14, KH493339573,SP3062
WC706703,2025-12-23 14:50,KH-713383781,SP3200
WC706704,2025-12-23 15:01,KH879245954,SP3005
WC706705,2025-12-23 18:44,KH718591237,SP3269
WC706706,2025-12-23 19:31,KH772629380,SP3369
WC706707,2025-12-23 19:38,KH281593836,SP3334
WC706708,2025-12-23 21:31,KH844814014,SP3364
WC706709,2025-12-23 21:38,kh769021391,SP3095
WC706710,2025-12-23 22:01,KH414422718,SP3250
WC706711,2025-12-23 22:22, KH902816091,SP3017
WC706712,2025-12-24 00:00,KH938620580,SP3311
WC706713,2025-12-24 00:32,KH354531098,SP3303
WC706714,2025-12-24 00:40,KH471101653,SP3293
WC706715,2025-12-24 01:47,KH893372731,SP3195
WC706716,2025-12-24 02:23,kh471228328,SP3284
WC706717,2025-12-24 02:34,KH571038975,SP3049
WC706718,2025-12-24 02:48,KH660156457,SP3175
WC706719,2025-12-24 04:19,KH901542473,SP3274
WC706720,2025-12-24 04:25,KH571274703,SP3348
WC706722,2025-12-24 04:42,KH626187958,SP3130
WC706721,2025-12-24 04:42,KH662139305,SP3323
WC706723,2025-12-24 05:06,kh799211170,SP3338
WC706724,2025-12-24 05:08,KH703250683,SP3269
WC706725,2025-12-24 05:12,KH284183341,SP3172
WC706726,2025-12-24 05:32,KH124657300,SP3040
WC706727,2025-12-24 09:57,KH399478601,SP3068
WC706728,2025-12-24 10:22, KH303343202,SP3274
WC706729,2025-12-24 10:54,KH181589878,SP3306
WC706730,2025-12-24 11:04,KH-717366923,SP3042
WC706731,2025-12-24 11:30,KH712068478,SP3163
WC706732,2025-12-24 13:01,KH-233921864,SP3253
WC706733,2025-12-24 13:52,KH430053445,SP3044
WC706734,2025-12-24 14:24,KH127624044,SP3169
WC706735,2025-12-24 14:26,KH678535277,SP3209
WC706736,2025-12-24 17:11,KH203868926,SP3360
WC706737,2025-12-24 17:24,KH485599368,SP3356
WC706738,2025-12-24 18:20,KH835240078,SP3220
WC706739,2025-12-24 18:46,KH502209726,SP3345
WC706740,2025-12-24 19:01,KH493819577,SP3352
WC706741,2025-12-24 20:15,KH413729035,SP3020
WC706742,2025-12-24 23:01,KH669903128,SP3207
WC706743,2025-12-24 23:36,KH118435842,SP3330
WC706744,2025-12-25 01:19,KH180709693,SP3242
WC706745,2025-12-25 03:30,KH367605173,SP3268
WC706746,2025-12-25 03:34,kh319720197,SP3189
WC706747,2025-12-25 04:01,KH683825333,SP3234
WC706748,2025-12-25 04:20,KH719216583,SP3302
WC706749,2025-12-25 06:04,KH937153882,SP3248
WC706750,2025-12-25 10:33,kh453625124,SP3167
WC706751,2025-12-25 11:46,kh754809305,SP3374
WC706752,2025-12-25 12:20,KH247526275,SP3135
WC706753,2025-12-25 12:41,KH909768172,SP3335
WC706754,2025-12-25 12:46, KH957342936,SP3150
WC706755,2025-12-25 14:06, KH852936786,SP3219
WC706756,2025-12-25 14:43,KH288259500,SP3074
WC706757,2025-12-25 15:30,KH476138952,SP3265
WC706758,2025-12-25 15:32,KH354589154,SP3240
WC706759,2025-12-25 15:49,KH753058380,SP3172
WC706760,2025-12-25 16:11,KH299006689,SP3372
WC706761,2025-12-25 17:33, KH111772779,SP3148
WC706762,2025-12-25 18:12,KH443890566,SP3029
WC706763,2025-12-25 18:20,kh703093043,SP3257
WC706764,2025-12-25 19:24,KH584298295,SP3066
WC706765,2025-12-25 21:04,KH904293426,SP3058
WC706766,2025-12-25 21:13,KH635342395,SP3373
WC706767,2025-12-25 23:22,KH488182285,SP3064
WC706768,2025-12-25 23:27,KH549397174,SP3329
WC706769,2025-12-26 00:01, KH785311249,SP3053
WC706770,2025-12-26 00:20,KH890442952,SP3280
WC706771,2025-12-26 01:37,KH241121684,SP3237
WC706772,2025-12-26 02:30,KH573003352,SP3057
WC706773,2025-12-26 02:43,KH302074885,SP3331
WC706774,2025-12-26 03:17, KH222647800,SP3071
WC706775,2025-12-26 05:40,KH-843536729,SP3062
WC706776,2025-12-26 06:00,KH609337281,SP3264
WC706777,2025-12-26 06:23,KH318881967,SP3038
WC706778,2025-12-26 09:01,KH956036925,SP3379
WC706779,2025-12-26 11:22,kh798086793,SP3373
WC706780,2025-12-26 13:27,KH403943954,SP3153
WC706781,2025-12-26 14:06,KH904293426,SP3215
WC706782,2025-12-26 14:52,KH517432356,SP3150
WC706783,2025-12-26 15:11,KH953950976,SP3269
WC706784,2025-12-26 15:55,KH938620580,SP3162
WC706785,2025-12-26 15:59,KH-870707858,SP3219
WC706786,2025-12-26 18:30,KH247950927,SP3150
WC706787,2025-12-26 19:20,KH706055427,SP3158
WC706788,2025-12-26 20:23,KH513963361,SP3311
WC706789,2025-12-26 21:49,KH161555282,SP3291
WC706790,2025-12-26 22:02,KH992752635,SP3146
WC706791,2025-12-27 01:54, KH827915950,SP3276
WC706792,2025-12-27 02:46,kh746132091,SP3324
WC706793,2025-12-27 02:48,KH-994179881,SP3076
WC706794,2025-12-27 04:13,kh287189319,SP3093
WC706795,2025-12-27 05:17,KH543217974,SP3075
WC706796,2025-12-27 06:29,KH884408681,SP3035
WC706797,2025-12-27 06:37,kh755338676,SP3072
WC706798,2025-12-27 07:00,KH699865979,SP3064
WC706799,2025-12-27 09:06, KH727940347,SP3169
WC706800,2025-12-27 09:17,kh472116576,SP3347
WC706801,2025-12-27 10:29,kh544869265,SP3108
WC706802,2025-12-27 10:56,KH397101557,SP3367
WC706803,2025-12-27 11:01,KH466704015,SP3047
WC706804,2025-12-27 11:04,kh207577525,SP3034
WC706805,2025-12-27 13:07, KH213632384,SP3177
WC706806,2025-12-27 13:51,KH858602092,SP3070
WC706807,2025-12-27 16:14,KH300015070,SP3019
WC706808,2025-12-27 17:32,KH927572281,SP3019
WC706809,2025-12-27 18:09,KH635849532,SP3337
WC706810,2025-12-27 22:25, KH153281527,SP3243
WC706811,2025-12-27 23:52,KH337674350,SP3238
WC706812,2025-12-28 00:13,KH397683441,SP3094
WC706813,2025-12-28 01:07,KH129739778,SP3005
WC706814,2025-12-28 01:47,KH874601805,SP3093
WC706815,2025-12-28 02:32,KH188484921,SP3158
WC706816,2025-12-28 02:40,KH882479093,SP3368
WC706817,2025-12-28 03:26,KH537219306,SP3100
WC706818,2025-12-28 03:28,KH-873940043,SP3131
WC706819,2025-12-28 04:14,KH517692092,SP3211
WC706820,2025-12-28 05:06,KH776825549,SP3103
WC706821,2025-12-28 06:17,KH362331356,SP3207
WC706822,2025-12-28 08:22,KH915969129,SP3079
WC706823,2025-12-28 10:01,KH882370862,SP3198
WC706824,2025-12-28 10:08,kh989485082,SP3206
WC706825,2025-12-28 10:15, KH803751568,SP3160
WC706826,2025-12-28 10:32,KH185217676,SP3350
WC706827,2025-12-28 11:31,KH189828321,SP3029
WC706828,2025-12-28 13:03,KH-790441748,SP3181
WC706829,2025-12-28 13:16, KH772016989,SP3161
WC706830,2025-12-28 13:45,KH623090117,SP3091
WC706831,2025-12-28 14:04,KH484489788,SP3192
WC706832,2025-12-28 16:26,KH877185210,SP3054
WC706833,2025-12-28 16:31,KH286096249,SP3013
WC706834,2025-12-28 17:55,kh927011541,SP3227
WC706835,2025-12-28 18:18,kh941466170,SP3314
WC706836,2025-12-28 18:23,KH990934708,SP3263
WC706837,2025-12-28 18:34,KH-200404236,SP3251
WC706838,2025-12-28 21:10,kh895087192,SP3337
WC706839,2025-12-28 22:42,KH973939908,SP3340
WC706840,2025-12-28 23:18,KH215689117,SP3029
WC706841,2025-12-28 23:19,KH335616191,SP3076
WC706842,2025-12-28 23:52,KH412540841,SP3363
WC706843,2025-12-29 00:13,KH350355759,SP3153
WC706844,2025-12-29 01:44,KH781580318,SP3042
WC706845,2025-12-29 01:58,KH700960842,SP3150
WC706846,2025-12-29 02:26,KH173158719,SP3208
WC706847,2025-12-29 02:34,KH596770587,SP3258
WC706848,2025-12-29 03:28,KH-179487767,SP3210
WC706849,2025-12-29 04:13,KH609983273,SP3168
WC706850,2025-12-29 05:39,KH852906020,SP3214
WC706851,2025-12-29 07:30,KH779515094,SP3323
WC706852,2025-12-29 09:31,kh357823865,SP3004
WC706853,2025-12-29 10:43,KH890387584,SP3343
WC706854,2025-12-29 11:18,KH959153388,SP3288
WC706855,2025-12-29 11:33,KH987510608,SP3092
WC706856,2025-12-29 13:22,KH663599784,SP3001
WC706857,2025-12-29 17:26,KH525428823,SP3080
WC706858,2025-12-29 17:34,KH550069131,SP3232
WC706859,2025-12-29 18:50, KH249198308,SP3082
WC706860,2025-12-29 18:57,kh767873306,SP3243
WC706861,2025-12-29 19:21, KH428628395,SP3238
WC706862,2025-12-29 20:34,KH569075508,SP3240
WC706863,2025-12-29 22:04, KH256407506,SP3302
WC706864,2025-12-29 23:55,KH768142658,SP3117
WC706865,2025-12-30 00:32,KH990713579,SP3351
WC706866,2025-12-30 01:11,KH732144753,SP3198
WC706867,2025-12-30 01:57,KH679406109,SP3228
WC706868,2025-12-30 02:23,KH-951928954,SP3018
WC706869,2025-12-30 02:57,kh136853348,SP3044
WC706870,2025-12-30 03:01,KH786658878,SP3076
WC706871,2025-12-30 03:12,kh727457863,SP3068
WC706872,2025-12-30 03:14,KH114482077,SP3060
WC706873,2025-12-30 04:05,KH732204879,SP3151
WC706874,2025-12-30 04:50,KH-403378849,SP3168
WC706875,2025-12-30 05:32, KH442050821,SP3318
WC706876,2025-12-30 07:59,KH127633223,SP3254
WC706877,2025-12-30 08:10, KH699185835,SP3168
WC706878,2025-12-30 08:13,KH524757433,SP3153
WC706879,2025-12-30 08:42,KH249725654,SP3157
WC706880,2025-12-30 10:25,KH753404963,SP3121
WC706881,2025-12-30 10:39, KH208791171,SP3266
WC706882,2025-12-30 11:04,KH135794415,SP3078
WC706883,2025-12-30 11:59,KH203868926,SP3180
WC706884,2025-12-30 12:01,KH566431203,SP3119
WC706885,2025-12-30 13:12,kh256090071,SP3158
WC706886,2025-12-30 13:27,KH785311249,SP3329
WC706887,2025-12-30 13:48,kh956789971,SP3108
WC706888,2025-12-30 14:33,KH-160155719,SP3323
WC706889,2025-12-30 14:52,KH-274945900,SP3187
WC706890,2025-12-30 16:26, KH186191120,SP3154
WC706891,2025-12-30 17:54,KH608214268,SP3263
WC706892,2025-12-30 17:59,KH895211431,SP3004
WC706893,2025-12-30 18:41,KH499596311,SP3133
WC706894,2025-12-30 18:44,KH791054810,SP3349
WC706895,2025-12-30 21:13,KH387654835,SP3340
WC706896,2025-12-30 21:20,KH338978903,SP3176
WC706897,2025-12-30 21:49,kh282766820,SP3036
WC706898,2025-12-30 22:33,kh471562535,SP3361
WC706899,2025-12-30 22:36,KH412058398,SP3017
WC706900,2025-12-30 22:53,KH925247694,SP3267
WC706901,2025-12-30 23:41,kh409787846,SP3133
WC706902,2025-12-31 01:10,KH286026577,SP3144
WC706903,2025-12-31 01:31,KH611700055,SP3366
WC706904,2025-12-31 01:31,KH-130704880,SP3041
WC706905,2025-12-31 01:51,kh593889870,SP3071
WC706906,2025-12-31 04:08,KH103810045,SP3329
WC706907,2025-12-31 06:32,KH684293220,SP3036
WC706908,2025-12-31 06:56,kh780960811,SP3267
WC706909,2025-12-31 07:04,KH-681421320,SP3104
WC706910,2025-12-31 10:30,KH209129730,SP3146
WC706911,2025-12-31 10:51,KH839181296,SP3272
WC706912,2025-12-31 13:30,KH880553393,SP3059
WC706913,2025-12-31 16:56,KH622060707,SP3175
WC706914,2025-12-31 17:24,KH138260288,SP3075
WC706915,2025-12-31 17:53,KH157677708,SP3034
WC706916,2025-12-31 17:58,KH300908213,SP3274
WC706917,2025-12-31 18:02,KH881698488,SP3331
WC706918,2025-12-31 18:43,KH451350358,SP3083
WC706919,2025-12-31 19:00,KH969078028,SP3332
WC706920,2025-12-31 19:48,KH792140451,SP3165
WC706921,2025-12-31 21:39,KH593620432,SP3251
WC706922,2025-12-31 22:38,KH278671316,SP3297
WC706923,2025-12-31 23:33,KH982108641,SP3137
WC706924,2026-01-01 00:22,KH880295233,SP3065
WC706925,2026-01-01 00:24,KH931616574,SP3031
WC706926,2026-01-01 00:40,KH-123331967,SP3289
WC706927,2026-01-01 01:51,kh745924878,SP3035
WC706928,2026-01-01 04:22,KH-967551387,SP3043
WC706929,2026-01-01 04:48,KH793815811,SP3250
WC706930,2026-01-01 06:34,kh513021646,SP3032
WC706931,2026-01-01 06:53,KH540402982,SP3332
WC706932,2026-01-01 07:22,KH608863529,SP3173
WC706933,2026-01-01 08:07,KH496803362,SP3108
WC706934,2026-01-01 08:46,kh360534864,SP3206
WC706935,2026-01-01 09:17,KH336583463,SP3335
WC706936,2026-01-01 09:23,KH808024489,SP3217
WC706937,2026-01-01 09:35,KH202699475,SP3097
WC706938,2026-01-01 09:43,KH994947118,SP3345
WC706939,2026-01-01 10:23,KH-389732624,SP3199
WC706940,2026-01-01 11:36,KH426217742,SP3350
WC706941,2026-01-01 12:15,KH256697451,SP3226
WC706942,2026-01-01 12:17,KH429017315,SP3196
WC706943,2026-01-01 12:21,kh923576409,SP3104
WC706944,2026-01-01 12:26,KH892456550,SP3200
WC706945,2026-01-01 17:24,KH-222647800,SP3058
WC706946,2026-01-01 18:08,KH-175025440,SP3376
WC706947,2026-01-01 18:21,KH879519347,SP3371
WC706948,2026-01-01 18:22,KH-140734070,SP3379
WC706949,2026-01-01 18:46,KH626454067,SP3119
WC706950,2026-01-01 19:01, KH493537410,SP3096
WC706951,2026-01-01 20:12,KH798086793,SP3304
WC706952,2026-01-01 20:52,KH272575324,SP3087
WC706953,2026-01-01 20:54,kh508490427,SP3078
WC706954,2026-01-01 22:25,KH928005290,SP3259
WC706955,2026-01-01 23:07,KH570239269,SP3310
WC706956,2026-01-01 23:29,KH774349062,SP3119
WC706957,2026-01-02 00:00,KH-190159999,SP3249
WC706958,2026-01-02 00:05,kh153003913,SP3146
WC706959,2026-01-02 00:19,KH680934927,SP3119
WC706960,2026-01-02 01:05,KH464136143,SP3181
WC706961,2026-01-02 04:20,KH-977676070,SP3113
WC706962,2026-01-02 06:13,KH299962025,SP3032
WC706963,2026-01-02 07:28,KH440610804,SP3220
WC706964,2026-01-02 08:28,kh135556175,SP3244
WC706965,2026-01-02 09:05,KH572243327,SP3358
WC706966,2026-01-02 09:19,KH452612577,SP3317
WC706967,2026-01-02 10:06,KH754694048,SP3128
WC706968,2026-01-02 11:38,KH420851416,SP3049
WC706969,2026-01-02 14:20, KH848039066,SP3078
WC706970,2026-01-02 16:04,KH833033636,SP3216
WC706971,2026-01-02 16:17,KH536376916,SP3078
WC706972,2026-01-02 17:00,KH158306248,SP3151
WC706973,2026-01-02 20:08,KH639867356,SP3142
WC706974,2026-01-02 22:03,KH925988327,SP3157
WC706975,2026-01-02 22:24,KH564889974,SP3315
WC706976,2026-01-02 22:35,KH856157880,SP3355
WC706977,2026-01-03 00:02,KH-728312271,SP3154
WC706978,2026-01-03 01:29,KH-951834915,SP3215
WC706979,2026-01-03 04:13,KH607053923,SP3094
WC706980,2026-01-03 05:14,KH144652445,SP3141
WC706981,2026-01-03 05:29,KH565615285,SP3178
WC706982,2026-01-03 06:22,KH181184008,SP3368
WC706983,2026-01-03 10:08, KH637088442,SP3226
WC706984,2026-01-03 10:14,KH265261006,SP3335
WC706985,2026-01-03 10:39, KH446792965,SP3296
WC706986,2026-01-03 11:53,KH712024933,SP3166
WC706987,2026-01-03 12:25,KH837316172,SP3301
WC706988,2026-01-03 12:56,KH955365897,SP3277
WC706989,2026-01-03 13:01,KH221605399,SP3111
WC706990,2026-01-03 13:54,KH758045505,SP3355
WC706991,2026-01-03 14:30,KH694077706,SP3210
WC706992,2026-01-03 15:05,kh899073045,SP3044
WC706993,2026-01-03 15:36,KH620548819,SP3327
WC706994,2026-01-03 15:56,KH999066470,SP3051
WC706995,2026-01-03 16:11,KH284894178,SP3002
WC706996,2026-01-03 16:46,KH843465355,SP3096
WC706997,2026-01-03 17:51,KH983769526,SP3372
WC706998,2026-01-03 18:00,KH912377419,SP3370
WC706999,2026-01-03 18:44,KH836520157,SP3222
WC707000,2026-01-03 18:46,KH476178590,SP3365
WC707001,2026-01-03 19:15,KH869674093,SP3144
WC707002,2026-01-03 20:38,KH274419564,SP3280
WC707003,2026-01-03 22:11, KH157698959,SP3250
WC707004,2026-01-03 22:44,KH830309219,SP3049
WC707005,2026-01-04 00:58, KH222760796,SP3318
WC707006,2026-01-04 01:38,KH-182603642,SP3182
WC707007,2026-01-04 02:27, KH772629380,SP3070
WC707008,2026-01-04 04:04, KH402356512,SP3110
WC707009,2026-01-04 04:06,KH-927647240,SP3239
WC707010,2026-01-04 04:13,kh957546313,SP3070
WC707011,2026-01-04 04:13, KH462693126,SP3097
WC707012,2026-01-04 04:43,kh849865173,SP3186
WC707013,2026-01-04 05:39,KH467370443,SP3339
WC707014,2026-01-04 06:28,KH306315479,SP3315
WC707015,2026-01-04 07:40,KH940370876,SP3232
WC707016,2026-01-04 11:08,KH139105980,SP3202
WC707017,2026-01-04 11:55,KH432112049,SP3349
WC707018,2026-01-04 14:18,KH214429771,SP3124
WC707019,2026-01-04 14:19,KH819793516,SP3196
WC707020,2026-01-04 14:28,KH421157494,SP3157
WC707021,2026-01-04 15:16,KH408476798,SP3076
WC707022,2026-01-04 17:21,KH268494863,SP3108
WC707023,2026-01-04 17:29,KH470674725,SP3054
WC707024,2026-01-04 17:36,KH233471862,SP3242
WC707025,2026-01-04 18:14, KH561155503,SP3315
WC707026,2026-01-04 21:57,kh563618663,SP3031
WC707027,2026-01-04 22:25,KH590193210,SP3361
WC707028,2026-01-04 22:52,KH691403251,SP3376
WC707029,2026-01-04 23:19,KH976400891,SP3358
WC707030,2026-01-05 00:37,KH310363362,SP3148
WC707031,2026-01-05 01:54,KH268494863,SP3318
WC707032,2026-01-05 03:13,KH117657610,SP3228
WC707033,2026-01-05 03:23,KH788486152,SP3135
WC707034,2026-01-05 05:50,KH272744170,SP3180
WC707035,2026-01-05 05:54,KH840095358,SP3312
WC707036,2026-01-05 06:47,KH747799199,SP3253
WC707037,2026-01-05 07:25,KH778550882,SP3076
WC707038,2026-01-05 08:28, KH342700943,SP3206
WC707039,2026-01-05 09:46,KH712443257,SP3349
WC707040,2026-01-05 11:04, KH153060184,SP3089
WC707041,2026-01-05 12:27,KH944615623,SP3263
WC707042,2026-01-05 12:34,KH905341693,SP3079
WC707043,2026-01-05 12:51,KH110036088,SP3054
WC707044,2026-01-05 14:26,KH-970618156,SP3331
WC707045,2026-01-05 14:51, KH379740424,SP3324
WC707046,2026-01-05 17:01,kh952662286,SP3243
WC707047,2026-01-05 17:31,KH276525583,SP3322
WC707048,2026-01-05 17:41,KH502379609,SP3167
WC707049,2026-01-05 18:23,KH177528784,SP3160
WC707050,2026-01-05 22:03,KH497278742,SP3024
WC707051,2026-01-06 00:38,KH116286796,SP3068
WC707052,2026-01-06 00:52,kh392992426,SP3135
WC707053,2026-01-06 02:46,KH217354627,SP3166
WC707054,2026-01-06 03:15,KH-253846918,SP3317
WC707055,2026-01-06 03:41,KH634745151,SP3304
WC707056,2026-01-06 05:44,KH836676677,SP3302
WC707057,2026-01-06 06:10,kh580579807,SP3049
WC707058,2026-01-06 07:22,kh970496112,SP3379
WC707059,2026-01-06 09:08,KH-729272060,SP3031
WC707060,2026-01-06 10:16,KH-173158719,SP3135
WC707061,2026-01-06 12:36,KH820672342,SP3209
WC707062,2026-01-06 13:09,KH-366302937,SP3025
WC707063,2026-01-06 14:18,KH992325072,SP3091
WC707064,2026-01-06 14:35,KH258188151,SP3226
WC707065,2026-01-06 14:59,KH576346293,SP3134
WC707066,2026-01-06 16:49, KH392480800,SP3288
WC707067,2026-01-06 16:56,KH416692861,SP3006
WC707068,2026-01-06 18:08,kh553424724,SP3304
WC707069,2026-01-06 18:57,KH313870581,SP3326
WC707070,2026-01-06 20:06,KH502282247,SP3171
WC707071,2026-01-06 20:13,KH461245659,SP3074
WC707072,2026-01-06 20:46,KH743906260,SP3063
WC707073,2026-01-06 21:42,KH705869909,SP3343
WC707074,2026-01-06 23:27,KH853039982,SP3051
WC707075,2026-01-07 00:05,KH206301932,SP3183
WC707076,2026-01-07 00:38,KH496786034,SP3360
WC707077,2026-01-07 00:55,KH979722567,SP3180
WC707078,2026-01-07 01:13, KH148974552,SP3331
WC707079,2026-01-07 01:25,KH-359911472,SP3023
WC707080,2026-01-07 03:16,KH148945470,SP3268
WC707081,2026-01-07 03:21, KH261510827,SP3265
WC707082,2026-01-07 05:06,kh826537795,SP3302
WC707083,2026-01-07 05:11,KH360860484,SP3007
WC707084,2026-01-07 05:14, KH713498535,SP3347
WC707085,2026-01-07 05:18,KH769676648,SP3324
WC707086,2026-01-07 06:48,KH436083959,SP3128
WC707087,2026-01-07 07:16,KH811431997,SP3043
WC707088,2026-01-07 07:59,KH125331732,SP3091
WC707089,2026-01-07 08:18,KH206006680,SP3323
WC707090,2026-01-07 08:35,KH827267716,SP3112
WC707091,2026-01-07 08:55,KH362988570,SP3084
WC707092,2026-01-07 10:25, KH875898365,SP3325
WC707093,2026-01-07 10:35,KH501100451,SP3355
WC707094,2026-01-07 12:51,KH266383417,SP3275
WC707095,2026-01-07 13:26,KH-416692861,SP3214
WC707096,2026-01-07 14:07,KH889058651,SP3041
WC707097,2026-01-07 15:01,kh385262849,SP3121
WC707098,2026-01-07 15:39,KH462693126,SP3080
WC707099,2026-01-07 15:49,KH388139060,SP3314
WC707100,2026-01-07 19:08,KH849482403,SP3343
WC707101,2026-01-07 19:37,KH745924878,SP3227
WC707102,2026-01-07 19:45,KH357965051,SP3117
WC707103,2026-01-07 20:43,KH105870150,SP3130
WC707104,2026-01-07 20:48,KH541754207,SP3299
WC707105,2026-01-07 21:37,KH-722994427,SP3352
WC707106,2026-01-07 22:57,KH273836528,SP3013
WC707107,2026-01-07 23:29, KH641835033,SP3197
WC707108,2026-01-07 23:52, KH977429343,SP3235
WC707109,2026-01-08 00:09,KH578042355,SP3268
WC707110,2026-01-08 00:25,KH808856317,SP3330
WC707111,2026-01-08 00:40,KH730756551,SP3345
WC707112,2026-01-08 01:08,KH645074541,SP3301
WC707113,2026-01-08 03:15,KH-267269925,SP3362
WC707114,2026-01-08 04:29,KH910092612,SP3045
WC707115,2026-01-08 05:13,KH256878891,SP3133
WC707116,2026-01-08 09:13,KH254690807,SP3267
WC707117,2026-01-08 09:47,KH561676115,SP3104
WC707118,2026-01-08 10:33,KH350440949,SP3296
WC707119,2026-01-08 11:30,kh860486986,SP3135
WC707120,2026-01-08 13:26,KH435531222,SP3165
WC707121,2026-01-08 15:09, KH167772338,SP3094
WC707122,2026-01-08 19:46,KH199291551,SP3202
WC707123,2026-01-08 20:05,KH640497341,SP3352
WC707124,2026-01-08 20:15,KH170117110,SP3070
WC707125,2026-01-08 20:35,KH224346459,SP3154
WC707126,2026-01-08 21:07,KH150911027,SP3128
WC707127,2026-01-08 21:12,KH375880551,SP3131
WC707128,2026-01-08 21:37,KH735479676,SP3323
WC707129,2026-01-08 22:48, KH366647732,SP3105
WC707130,2026-01-08 23:06,KH664797724,SP3201
WC707131,2026-01-09 01:07,KH-782345660,SP3226
WC707132,2026-01-09 02:07,KH307202435,SP3372
WC707133,2026-01-09 03:41,KH485599368,SP3379
WC707134,2026-01-09 04:29, KH995161639,SP3119
WC707135,2026-01-09 07:18,KH783136644,SP3362
WC707136,2026-01-09 07:33,KH-567108402,SP3378
WC707137,2026-01-09 09:25,kh370476520,SP3221
WC707138,2026-01-09 10:35,KH281536751,SP3207
WC707139,2026-01-09 11:51,KH360342815,SP3012
WC707140,2026-01-09 12:52,KH132397695,SP3284
WC707141,2026-01-09 14:05,KH309880800,SP3360
WC707142,2026-01-09 14:23,KH148636740,SP3135
WC707143,2026-01-09 14:40, KH276225427,SP3358
WC707144,2026-01-09 16:41,KH170117110,SP3084
WC707145,2026-01-09 17:10,KH211983556,SP3161
WC707146,2026-01-09 17:11,KH620138248,SP3264
WC707147,2026-01-09 18:20,KH938283354,SP3326
WC707148,2026-01-09 19:05,KH260304637,SP3255
WC707149,2026-01-09 20:15,kh966291553,SP3230
WC707150,2026-01-09 22:12,KH844572911,SP3086
WC707151,2026-01-09 23:31,KH886107930,SP3379
WC707152,2026-01-10 01:50,kh404138899,SP3071
WC707153,2026-01-10 03:01,kh476815766,SP3262
WC707154,2026-01-10 03:37,KH832028136,SP3279
WC707155,2026-01-10 04:47,KH999066470,SP3199
WC707156,2026-01-10 04:51,kh151964871,SP3117
WC707157,2026-01-10 05:01,kh712471422,SP3366
WC707158,2026-01-10 05:30,KH634721077,SP3360
WC707159,2026-01-10 10:42,KH303632008,SP3166
WC707160,2026-01-10 11:28, KH240602523,SP3257
WC707161,2026-01-10 11:41,KH178230500,SP3325
WC707162,2026-01-10 11:42,kh778140570,SP3194
WC707163,2026-01-10 11:45,KH139105980,SP3169
WC707164,2026-01-10 12:28,KH-285442418,SP3238
WC707165,2026-01-10 13:05,KH950499746,SP3032
WC707166,2026-01-10 13:59,KH427601230,SP3060
WC707167,2026-01-10 14:46,KH550396418,SP3159
WC707168,2026-01-10 18:13,KH-254968783,SP3047
WC707169,2026-01-10 18:47,kh176929633,SP3292
WC707170,2026-01-10 21:28,KH699522511,SP3043
WC707171,2026-01-10 21:32,KH908089703,SP3087
WC707172,2026-01-10 21:41,KH487531497,SP3318
WC707173,2026-01-10 22:04, KH298988636,SP3103
WC707174,2026-01-10 23:00,KH619138691,SP3372
WC707175,2026-01-10 23:44,KH202223671,SP3187
WC707176,2026-01-11 00:00,KH755339468,SP3064
WC707177,2026-01-11 00:31,KH126143436,SP3089
WC707178,2026-01-11 00:56,kh908022449,SP3146
WC707179,2026-01-11 01:33,KH507169472,SP3258
WC707180,2026-01-11 01:34, KH662074197,SP3348
WC707181,2026-01-11 01:47,KH799211170,SP3024
WC707182,2026-01-11 02:10,KH648412628,SP3291
WC707183,2026-01-11 02:25, KH583749284,SP3100
WC707184,2026-01-11 05:51,KH715542270,SP3178
WC707185,2026-01-11 06:25,KH306425875,SP3257
WC707186,2026-01-11 06:48,KH692275887,SP3285
WC707187,2026-01-11 06:49,KH680376692,SP3143
WC707188,2026-01-11 08:00,KH114934577,SP3306
WC707189,2026-01-11 08:55,KH187943483,SP3334
WC707190,2026-01-11 08:58,KH993498173,SP3350
WC707191,2026-01-11 09:07,KH253540260,SP3018
WC707192,2026-01-11 09:57,KH426770446,SP3199
WC707193,2026-01-11 10:50,KH-127592500,SP3198
WC707194,2026-01-11 11:00,kh457894021,SP3217
WC707195,2026-01-11 11:33,KH852633805,SP3002
WC707196,2026-01-11 14:25,KH419022644,SP3031
WC707197,2026-01-11 16:56,kh461026495,SP3179
WC707198,2026-01-11 20:25,KH286459446,SP3315
WC707199,2026-01-11 21:00,KH287356799,SP3047
WC707200,2026-01-11 22:03,KH189148359,SP3338
WC707201,2026-01-12 03:31,KH652335544,SP3293
WC707202,2026-01-12 03:56,KH395106024,SP3356
WC707203,2026-01-12 04:05,kh158353894,SP3078
WC707204,2026-01-12 05:07,KH633911358,SP3112
WC707205,2026-01-12 05:48,KH206371657,SP3374
WC707206,2026-01-12 06:40,KH394094377,SP3180
WC707207,2026-01-12 09:15,kh196197904,SP3182
WC707208,2026-01-12 09:31,kh218749033,SP3183
WC707209,2026-01-12 09:56,KH472822109,SP3241
WC707210,2026-01-12 10:44,KH321676129,SP3097
WC707211,2026-01-12 11:01,KH748099531,SP3020
WC707212,2026-01-12 11:47,KH906495367,SP3169
WC707213,2026-01-12 13:18,KH668188640,SP3185
WC707214,2026-01-12 14:01,kh762876613,SP3018
WC707215,2026-01-12 14:35,KH372912361,SP3133
WC707216,2026-01-12 16:38,KH179831597,SP3265
WC707217,2026-01-12 17:51, KH476178590,SP3119
WC707218,2026-01-12 19:14,KH215864574,SP3196
WC707219,2026-01-12 19:21,KH541754207,SP3145
WC707220,2026-01-12 19:25,KH493016101,SP3031
WC707221,2026-01-12 19:38,KH308079730,SP3012
WC707222,2026-01-12 21:08,KH413785268,SP3175
WC707223,2026-01-12 21:25,KH273517347,SP3352
WC707224,2026-01-12 21:44,KH644348715,SP3181
WC707225,2026-01-12 22:43,KH332498295,SP3095
WC707226,2026-01-13 01:29,KH334828072,SP3265
WC707227,2026-01-13 02:11, KH813544925,SP3173
WC707228,2026-01-13 04:11,KH977502867,SP3354
WC707229,2026-01-13 04:43,KH183077389,SP3123
WC707230,2026-01-13 06:18,kh676463096,SP3215
WC707231,2026-01-13 06:34,KH885106466,SP3114
WC707232,2026-01-13 07:09,KH781179619,SP3331
WC707233,2026-01-13 07:21,KH795903785,SP3135
WC707234,2026-01-13 08:54,KH523645140,SP3303
WC707235,2026-01-13 10:34, KH133349134,SP3220
WC707236,2026-01-13 10:38,KH763003137,SP3273
WC707237,2026-01-13 10:44,kh563502191,SP3046
WC707238,2026-01-13 15:11,kh168055446,SP3267
WC707239,2026-01-13 16:05, KH704578522,SP3199
WC707240,2026-01-13 16:21,KH928292273,SP3317
WC707241,2026-01-13 16:43,KH305215449,SP3047
WC707242,2026-01-13 19:32,KH715977789,SP3379
WC707243,2026-01-13 19:51, KH155288032,SP3248
WC707244,2026-01-13 20:17,KH960198101,SP3362
WC707245,2026-01-13 20:19,KH951186944,SP3282
WC707246,2026-01-13 21:37,KH643838439,SP3367
WC707247,2026-01-13 21:57,KH364750152,SP3051
WC707248,2026-01-14 00:36,kh404866524,SP3237
WC707249,2026-01-14 01:04,KH575239006,SP3001
WC707250,2026-01-14 01:10,KH335272424,SP3020
WC707251,2026-01-14 01:27,KH121084183,SP3152
WC707252,2026-01-14 02:58,KH603355566,SP3325
WC707253,2026-01-14 04:11,KH559067952,SP3134
WC707254,2026-01-14 04:42, KH908344558,SP3168
WC707255,2026-01-14 04:58,KH112391815,SP3273
WC707256,2026-01-14 07:57,kh918165673,SP3182
WC707257,2026-01-14 08:24,KH485977118,SP3114
WC707258,2026-01-14 08:31,KH961969283,SP3067
WC707259,2026-01-14 10:27,KH835503509,SP3358
WC707260,2026-01-14 12:29,KH-478157882,SP3113
WC707261,2026-01-14 13:19,KH529528471,SP3128
WC707262,2026-01-14 13:34, KH409032322,SP3081
WC707263,2026-01-14 15:15, KH411609163,SP3350
WC707264,2026-01-14 15:58,KH-481615450,SP3232
WC707265,2026-01-14 17:30,KH180457636,SP3077
WC707266,2026-01-14 17:53,KH748356910,SP3321
WC707267,2026-01-14 18:01,KH814253028,SP3059
WC707268,2026-01-14 18:48, KH813249389,SP3248
WC707269,2026-01-14 20:51,KH195375918,SP3311
WC707270,2026-01-14 21:27, KH405687163,SP3192
WC707271,2026-01-14 21:47,KH833619107,SP3106
WC707272,2026-01-14 23:10,KH-565890275,SP3303
WC707273,2026-01-15 00:14,KH797727529,SP3290
WC707274,2026-01-15 05:44,kh542951216,SP3213
WC707275,2026-01-15 05:48,KH371081725,SP3334
WC707276,2026-01-15 06:48,KH201260788,SP3098
WC707277,2026-01-15 07:01,KH969988174,SP3199
WC707278,2026-01-15 08:26,KH-209166233,SP3331
WC707279,2026-01-15 11:04,KH-172328995,SP3059
WC707280,2026-01-15 13:34,KH362988570,SP3293
WC707281,2026-01-15 15:15,kh245400451,SP3315
WC707282,2026-01-15 15:36,KH956927749,SP3269
WC707283,2026-01-15 15:45,KH505070649,SP3204
WC707284,2026-01-15 19:11,KH584892202,SP3122
WC707285,2026-01-15 19:29,KH974867206,SP3253
WC707286,2026-01-15 20:39,KH241270614,SP3365
WC707287,2026-01-15 21:00,KH499538050,SP3012
WC707288,2026-01-15 21:27,KH-836612919,SP3023
WC707289,2026-01-15 21:30,KH672950136,SP3065
WC707290,2026-01-15 21:45,KH484489788,SP3082
WC707291,2026-01-15 23:39,KH143171310,SP3334
WC707292,2026-01-16 00:15,KH245120594,SP3055
WC707293,2026-01-16 01:12,KH446986985,SP3261
WC707294,2026-01-16 02:11,kh593825162,SP3333
WC707295,2026-01-16 03:18,KH918718364,SP3041
WC707296,2026-01-16 04:40, KH840216840,SP3349
WC707297,2026-01-16 05:32,KH854003066,SP3155
WC707298,2026-01-16 05:44,kh496100666,SP3330
WC707299,2026-01-16 05:55,KH-236180152,SP3072
WC707300,2026-01-16 06:08,KH508190571,SP3320
WC707301,2026-01-16 06:08, KH363874792,SP3341
WC707302,2026-01-16 06:20,KH835037864,SP3086
WC707303,2026-01-16 10:39,KH792691845,SP3198
WC707304,2026-01-16 10:42,KH744459483,SP3015
WC707305,2026-01-16 11:25,KH889915460,SP3232
WC707306,2026-01-16 12:27,KH963419369,SP3022
WC707307,2026-01-16 12:51,KH277088437,SP3192
WC707308,2026-01-16 12:57,KH196739667,SP3193
WC707309,2026-01-16 20:19,KH276248493,SP3361
WC707310,2026-01-16 22:10, KH834408323,SP3089
WC707311,2026-01-16 22:24,KH428718345,SP3299
WC707312,2026-01-17 00:27,KH957776540,SP3238
WC707313,2026-01-17 00:35,kh127716730,SP3167
WC707314,2026-01-17 01:08,KH934231499,SP3102
WC707315,2026-01-17 01:44,KH391714146,SP3168
WC707316,2026-01-17 03:35,kh740303463,SP3208
WC707317,2026-01-17 06:19,KH110036088,SP3057
WC707318,2026-01-17 06:48, KH612906259,SP3336
WC707319,2026-01-17 08:09,KH-713362090,SP3031
WC707320,2026-01-17 08:41,KH110003528,SP3114
WC707321,2026-01-17 08:47,KH284920038,SP3162
WC707322,2026-01-17 08:57,KH923863879,SP3247
WC707323,2026-01-17 09:26,KH-489490187,SP3227
WC707324,2026-01-17 09:37,KH896497906,SP3279
WC707325,2026-01-17 10:22, KH624933365,SP3370
WC707326,2026-01-17 12:08,KH519707165,SP3341
WC707327,2026-01-17 15:11,KH296866198,SP3249
WC707328,2026-01-17 16:58,KH-758261811,SP3341
WC707329,2026-01-17 19:35,KH-505450674,SP3058
WC707330,2026-01-17 20:00,KH330633731,SP3245
WC707331,2026-01-17 21:19,KH368383659,SP3214
WC707332,2026-01-17 22:00,kh647216650,SP3033
WC707333,2026-01-17 23:06,KH419022644,SP3100
WC707334,2026-01-17 23:07,KH650004986,SP3163
WC707335,2026-01-17 23:09,KH987586353,SP3053
WC707336,2026-01-18 00:10,KH328111732,SP3275
WC707337,2026-01-18 00:49,KH950847753,SP3232
WC707338,2026-01-18 04:37,KH363365861,SP3246
WC707339,2026-01-18 05:04,KH-815199090,SP3088
WC707340,2026-01-18 05:42,KH304577362,SP3140
WC707341,2026-01-18 06:09,KH164269568,SP3275
WC707342,2026-01-18 06:58,KH328388969,SP3154
WC707343,2026-01-18 07:56,KH-342459589,SP3227
WC707344,2026-01-18 08:13,kh660156457,SP3292
WC707345,2026-01-18 08:28,KH367145304,SP3364
WC707346,2026-01-18 10:37,kh799383776,SP3217
WC707347,2026-01-18 10:42,KH527581087,SP3058
WC707348,2026-01-18 11:11,KH570499791,SP3165
WC707349,2026-01-18 12:16,KH-400487632,SP3348
WC707350,2026-01-18 13:16,KH963705571,SP3160
WC707351,2026-01-18 13:51,KH195265625,SP3017
WC707352,2026-01-18 15:44,kh951186944,SP3373
WC707353,2026-01-18 16:54,KH-627316648,SP3038
WC707354,2026-01-18 17:44,KH208024657,SP3096
WC707355,2026-01-18 18:02, KH318081491,SP3124
WC707356,2026-01-18 18:47,KH-659171211,SP3030
WC707357,2026-01-18 22:33,KH525997749,SP3298
WC707358,2026-01-18 22:59,kh598826394,SP3336
WC707359,2026-01-18 23:50,KH307420668,SP3299
WC707360,2026-01-19 00:45,KH341304064,SP3101
WC707361,2026-01-19 02:11,KH895963187,SP3145
WC707362,2026-01-19 02:35,kh338990420,SP3040
WC707363,2026-01-19 02:35,kh460812536,SP3255
WC707364,2026-01-19 04:38,kh451146712,SP3076
WC707365,2026-01-19 06:42,KH971611192,SP3290
WC707366,2026-01-19 06:57, KH168936042,SP3161
WC707367,2026-01-19 07:25,KH986399878,SP3320
WC707368,2026-01-19 08:28,KH923576409,SP3243
WC707369,2026-01-19 10:07,KH324178442,SP3374
WC707370,2026-01-19 11:44,kh802501951,SP3002
WC707371,2026-01-19 13:21,KH444074420,SP3086
WC707372,2026-01-19 13:36,KH464833985,SP3039
WC707373,2026-01-19 14:19,KH-512127571,SP3240
WC707374,2026-01-19 14:53,KH637344860,SP3330
WC707375,2026-01-19 15:44,KH652373269,SP3084
WC707376,2026-01-19 16:31,KH-446982517,SP3204
WC707377,2026-01-19 16:35,KH-350275687,SP3023
WC707378,2026-01-19 17:02,kh516455509,SP3222
WC707379,2026-01-19 17:28,kh216389870,SP3166
WC707380,2026-01-19 17:57,kh544869265,SP3336
WC707381,2026-01-19 18:49,KH570818294,SP3222
WC707382,2026-01-19 21:21,KH380687804,SP3041
WC707383,2026-01-19 22:57,KH900052054,SP3098
WC707384,2026-01-20 00:42,KH530136926,SP3321
WC707385,2026-01-20 01:29,KH945422004,SP3373
WC707386,2026-01-20 03:47,KH293254022,SP3328
WC707387,2026-01-20 05:59,KH871437395,SP3164
WC707388,2026-01-20 06:22,KH962984050,SP3063
WC707389,2026-01-20 06:34,KH-847987963,SP3211
WC707390,2026-01-20 09:10,KH860495380,SP3378
WC707391,2026-01-20 10:41, KH887997071,SP3056
WC707392,2026-01-20 11:39,KH432112049,SP3285
WC707393,2026-01-20 15:04,KH253262226,SP3110
WC707394,2026-01-20 16:00,kh511394824,SP3155
WC707395,2026-01-20 16:46,KH611604559,SP3128
WC707396,2026-01-20 17:31, KH702381631,SP3226
WC707397,2026-01-20 18:55,KH606164386,SP3250
WC707398,2026-01-20 22:08,kh569678476,SP3019
WC707399,2026-01-20 22:21,KH215495507,SP3091
WC707400,2026-01-20 22:30,KH508309247,SP3324
WC707401,2026-01-20 22:48,KH857538513,SP3176
WC707402,2026-01-20 22:50,KH662378058,SP3136
WC707403,2026-01-21 00:42,KH778047772,SP3055
WC707404,2026-01-21 01:48,KH257150370,SP3160
WC707405,2026-01-21 02:48, KH393244838,SP3100
WC707406,2026-01-21 03:35,KH827503542,SP3056
WC707407,2026-01-21 04:24,KH-609338249,SP3314
WC707408,2026-01-21 05:10,KH712471422,SP3341
WC707409,2026-01-21 05:11,KH845910543,SP3059
WC707410,2026-01-21 06:52,KH939430455,SP3268
WC707411,2026-01-21 07:03,KH386642547,SP3077
WC707412,2026-01-21 07:11,KH424152983,SP3140
WC707413,2026-01-21 07:44,KH103963811,SP3198
WC707414,2026-01-21 08:53,kh571442328,SP3187
WC707415,2026-01-21 09:03,KH390588983,SP3278
WC707416,2026-01-21 09:10,KH626102211,SP3374
WC707417,2026-01-21 13:17,KH340617247,SP3268
WC707418,2026-01-21 13:47,KH920230459,SP3310
WC707419,2026-01-21 13:55, KH986399878,SP3343
WC707420,2026-01-21 15:43,kh251522757,SP3132
WC707421,2026-01-21 16:28,KH176401051,SP3225
WC707422,2026-01-21 16:44,KH530671404,SP3123
WC707423,2026-01-21 18:07,KH151906870,SP3046
WC707424,2026-01-21 19:21,KH359203510,SP3267
WC707425,2026-01-21 19:41, KH749714384,SP3101
WC707426,2026-01-21 19:52,KH191631275,SP3216
WC707427,2026-01-21 21:30,KH374454174,SP3165
WC707428,2026-01-21 22:14,KH447291215,SP3242
WC707429,2026-01-21 22:18,KH600931427,SP3338
WC707430,2026-01-21 23:09, KH186992315,SP3348
WC707431,2026-01-21 23:14,KH866371311,SP3304
WC707432,2026-01-22 00:21,KH506172282,SP3122
WC707433,2026-01-22 01:33,KH947433906,SP3038
WC707434,2026-01-22 03:13,kh943341450,SP3185
WC707435,2026-01-22 04:44,KH751167293,SP3325
WC707436,2026-01-22 04:56, KH713644276,SP3289
WC707437,2026-01-22 05:24,kh670072185,SP3145
WC707438,2026-01-22 06:01,kh421061657,SP3255
WC707439,2026-01-22 07:22,KH154779740,SP3360
WC707440,2026-01-22 07:44,kh189452484,SP3328
WC707441,2026-01-22 08:18,KH327855384,SP3160
WC707442,2026-01-22 10:59,KH195507999,SP3131
WC707443,2026-01-22 12:24,KH-961426983,SP3190
WC707444,2026-01-22 13:34,KH483217549,SP3005
WC707445,2026-01-22 14:06,KH949453240,SP3137
WC707446,2026-01-22 14:26,KH151681615,SP3131
WC707447,2026-01-22 14:49,KH337889246,SP3325
WC707448,2026-01-22 16:31,KH-354409707,SP3370
WC707449,2026-01-22 16:33,KH811402897,SP3263
WC707450,2026-01-22 18:21,KH-530484110,SP3147
WC707451,2026-01-22 18:54, KH985835468,SP3042
WC707452,2026-01-22 20:57,KH611924350,SP3151
WC707453,2026-01-22 22:01,KH613991060,SP3301
WC707454,2026-01-22 22:15,KH690020623,SP3114
WC707455,2026-01-22 22:20,KH-354364380,SP3360
WC707456,2026-01-22 22:53,KH-408646465,SP3040
WC707457,2026-01-23 00:15,KH756366479,SP3185
WC707458,2026-01-23 04:43,KH922763493,SP3035
WC707459,2026-01-23 06:31,KH153211920,SP3095
WC707460,2026-01-23 06:36,KH590976279,SP3036
WC707461,2026-01-23 07:56, KH551000537,SP3142
WC707462,2026-01-23 08:17,KH774987396,SP3141
WC707463,2026-01-23 08:29, KH714615796,SP3280
WC707464,2026-01-23 08:37,KH-384008383,SP3053
WC707465,2026-01-23 09:35,KH520465295,SP3333
WC707466,2026-01-23 09:40,KH977040348,SP3069
WC707467,2026-01-23 11:58,KH398126646,SP3127
WC707468,2026-01-23 13:01,KH381760283,SP3052
WC707469,2026-01-23 13:51,KH760993844,SP3237
WC707470,2026-01-23 16:28,kh929579425,SP3106
WC707471,2026-01-23 18:44,KH526981656,SP3096
WC707472,2026-01-23 18:54,KH411108035,SP3013
WC707473,2026-01-23 19:03,KH-384178837,SP3141
WC707474,2026-01-23 19:49, KH216291700,SP3166
WC707475,2026-01-23 20:39,KH194904620,SP3377
WC707476,2026-01-23 21:46,KH886351667,SP3001
WC707477,2026-01-23 21:59,KH825458271,SP3085
WC707478,2026-01-23 23:01,kh669661332,SP3331
WC707479,2026-01-23 23:33,KH751055583,SP3335
WC707480,2026-01-24 01:31,KH994000398,SP3251
WC707481,2026-01-24 02:50,KH703915963,SP3378
WC707482,2026-01-24 03:05, KH549731364,SP3032
WC707483,2026-01-24 03:22,KH752712013,SP3087
WC707484,2026-01-24 03:22, KH354399804,SP3187
WC707485,2026-01-24 03:36,KH782047980,SP3182
WC707486,2026-01-24 06:12,KH805908990,SP3059
WC707487,2026-01-24 07:34,KH841670796,SP3234
WC707488,2026-01-24 09:06,KH347467991,SP3197
WC707489,2026-01-24 11:14,kh720201246,SP3056
WC707490,2026-01-24 12:12,KH838164740,SP3218
WC707491,2026-01-24 12:24,KH421083926,SP3134
WC707492,2026-01-24 12:29,KH930475365,SP3083
WC707493,2026-01-24 13:14,KH527106693,SP3007
WC707494,2026-01-24 14:42,KH578263067,SP3135
WC707495,2026-01-24 17:05,KH677227715,SP3142
WC707496,2026-01-24 17:34,kh109782277,SP3155
WC707497,2026-01-24 22:47,KH109400702,SP3063
WC707498,2026-01-24 23:58,kh520271781,SP3075
WC707499,2026-01-25 00:02,KH516554677,SP3323
WC707500,2026-01-25 01:52, KH716458211,SP3079
WC707501,2026-01-25 02:48,kh206156816,SP3257
WC707502,2026-01-25 02:49,KH209425338,SP3021
WC707503,2026-01-25 04:07,KH787661988,SP3020
WC707504,2026-01-25 05:11,KH499576949,SP3235
WC707505,2026-01-25 05:36,KH-741926210,SP3169
WC707506,2026-01-25 07:21, KH302396805,SP3349
WC707507,2026-01-25 07:40,KH704440693,SP3369
WC707508,2026-01-25 08:57,KH795903785,SP3379
WC707509,2026-01-25 09:36,KH355231102,SP3177
WC707510,2026-01-25 09:45,KH454176560,SP3203
WC707511,2026-01-25 10:13,kh661242434,SP3280
WC707512,2026-01-25 11:16,KH321808008,SP3009
WC707513,2026-01-25 13:03,KH-430053445,SP3126
WC707514,2026-01-25 13:20,KH353505432,SP3325
WC707515,2026-01-25 15:20,KH835101420,SP3068
WC707516,2026-01-25 15:33,KH752963266,SP3054
WC707517,2026-01-25 15:48,KH813544925,SP3207
WC707518,2026-01-25 16:01,KH205489894,SP3359
WC707519,2026-01-25 16:19,KH687223774,SP3302
WC707520,2026-01-25 16:50,KH136777904,SP3334
WC707521,2026-01-25 18:45,kh333195455,SP3168
WC707522,2026-01-25 18:57,KH436646399,SP3301
WC707523,2026-01-25 20:31,KH812686820,SP3232
WC707524,2026-01-25 23:09, KH412830950,SP3153
WC707525,2026-01-26 00:17,KH672924426,SP3115
WC707526,2026-01-26 00:22,KH863853842,SP3061
WC707527,2026-01-26 00:46,KH862941565,SP3304
WC707528,2026-01-26 01:40,KH253554181,SP3003
WC707529,2026-01-26 03:51,KH401840650,SP3101
WC707530,2026-01-26 04:04,KH969042262,SP3205
WC707531,2026-01-26 05:28,KH706208921,SP3137
WC707532,2026-01-26 06:09,KH970143394,SP3080
WC707533,2026-01-26 06:23,KH310885610,SP3181
WC707534,2026-01-26 06:23,kh745318709,SP3057
WC707535,2026-01-26 06:28,kh293862276,SP3046
WC707536,2026-01-26 07:15,KH112788568,SP3024
WC707537,2026-01-26 08:55,KH868391725,SP3246
WC707538,2026-01-26 09:06,KH247336095,SP3331
WC707539,2026-01-26 10:43,KH205359007,SP3263
WC707540,2026-01-26 12:29,KH169782440,SP3208
WC707541,2026-01-26 12:39,KH907317214,SP3189
WC707542,2026-01-26 13:10,KH993627757,SP3266
WC707543,2026-01-26 16:06,KH527093285,SP3204
WC707544,2026-01-26 17:05,KH995581817,SP3343
WC707545,2026-01-26 18:02,KH333912810,SP3152
WC707546,2026-01-26 18:16,KH659206239,SP3310
WC707547,2026-01-26 18:26,KH704440693,SP3051
WC707548,2026-01-26 20:32,KH-852797389,SP3258
WC707549,2026-01-26 20:34,KH471824160,SP3179
WC707550,2026-01-26 20:59,KH153476483,SP3074
WC707551,2026-01-26 21:00,kh144849550,SP3296
WC707552,2026-01-26 23:46,KH984772298,SP3210
WC707553,2026-01-27 00:26,KH-140880750,SP3271
WC707554,2026-01-27 01:42,KH326447602,SP3181
WC707555,2026-01-27 02:08,KH201881485,SP3029
WC707556,2026-01-27 03:45,KH622777391,SP3275
WC707557,2026-01-27 05:27, KH236716866,SP3142
WC707558,2026-01-27 06:01,KH106865467,SP3234
WC707559,2026-01-27 06:08,KH466107509,SP3112
WC707560,2026-01-27 07:02,KH770582146,SP3006
WC707561,2026-01-27 07:18,kh967398836,SP3097
WC707562,2026-01-27 09:52,KH981609492,SP3138
WC707563,2026-01-27 11:23, KH174433652,SP3201
WC707564,2026-01-27 12:16,KH528816768,SP3356
WC707565,2026-01-27 12:45,kh408403812,SP3047
WC707566,2026-01-27 14:25,KH111451966,SP3133
WC707567,2026-01-27 14:44,KH-428919591,SP3048
WC707568,2026-01-27 15:38,KH920793380,SP3329
WC707569,2026-01-27 17:12,KH126268521,SP3289
WC707570,2026-01-27 18:52,KH425163487,SP3042
WC707571,2026-01-27 19:00,KH252999711,SP3373
WC707572,2026-01-27 19:02,KH689891776,SP3365
WC707573,2026-01-27 19:54,KH850281112,SP3258
WC707574,2026-01-27 20:31,KH555824902,SP3301
WC707575,2026-01-28 00:47,KH671179115,SP3351
WC707576,2026-01-28 01:33,KH197887037,SP3020
WC707577,2026-01-28 01:49,kh932831252,SP3028
WC707578,2026-01-28 03:12,KH130420224,SP3261
WC707579,2026-01-28 04:49, KH493463292,SP3369
WC707580,2026-01-28 05:18,KH-567717289,SP3063
WC707581,2026-01-28 05:26,KH794098395,SP3082
WC707582,2026-01-28 06:31,KH744712543,SP3378
WC707583,2026-01-28 06:50,KH497349861,SP3124
WC707584,2026-01-28 07:27,KH-969803963,SP3292
WC707585,2026-01-28 07:55,KH535112882,SP3360
WC707586,2026-01-28 08:34,KH863853842,SP3148
WC707587,2026-01-28 09:05, KH371598498,SP3262
WC707588,2026-01-28 09:25,KH621845832,SP3363
WC707589,2026-01-28 09:29,KH233140497,SP3030
WC707590,2026-01-28 11:00,KH413729035,SP3207
WC707591,2026-01-28 11:24,KH272928680,SP3110
WC707592,2026-01-28 11:35,KH-515231248,SP3137
WC707593,2026-01-28 11:41,kh386029287,SP3348
WC707594,2026-01-28 13:05,KH354409707,SP3008
WC707595,2026-01-28 14:11,KH471732209,SP3326
WC707596,2026-01-28 14:23,KH825458271,SP3259
WC707597,2026-01-28 16:28,KH130197081,SP3299
WC707598,2026-01-28 17:48,KH554842113,SP3194
WC707599,2026-01-28 21:23, KH476872249,SP3169
WC707600,2026-01-28 22:29,KH464733344,SP3094
WC707601,2026-01-28 23:13,KH206728038,SP3232
WC707602,2026-01-28 23:48,KH528577262,SP3035
WC707603,2026-01-29 00:53,KH290862247,SP3178
WC707604,2026-01-29 02:11,KH493045446,SP3255
WC707605,2026-01-29 03:16,KH447618187,SP3033
WC707606,2026-01-29 03:19,KH438773704,SP3302
WC707607,2026-01-29 03:34,KH227762335,SP3084
WC707608,2026-01-29 05:49,KH229288367,SP3040
WC707609,2026-01-29 05:54,KH477474923,SP3074
WC707610,2026-01-29 08:21,KH928552610,SP3108
WC707611,2026-01-29 10:29,KH701795474,SP3277
WC707612,2026-01-29 10:52, KH437919746,SP3171
WC707613,2026-01-29 11:22,KH980798279,SP3269
WC707614,2026-01-29 12:14,KH924121274,SP3268
WC707615,2026-01-29 12:55, KH349980734,SP3373
WC707616,2026-01-29 13:49,KH838503924,SP3206
WC707617,2026-01-29 14:24,KH179831597,SP3312
WC707618,2026-01-29 14:38,KH709220219,SP3186
WC707619,2026-01-29 14:55,KH214031713,SP3212
WC707620,2026-01-29 15:09,KH726572461,SP3317
WC707621,2026-01-29 15:39,KH-557615440,SP3373
WC707622,2026-01-29 15:43,KH808470059,SP3182
WC707623,2026-01-29 17:52,KH553451393,SP3167
WC707624,2026-01-29 18:12,KH690423184,SP3367
WC707625,2026-01-29 18:14,KH565615285,SP3093
WC707626,2026-01-29 18:33,KH710098807,SP3055
WC707627,2026-01-29 19:11,kh498285884,SP3150
WC707628,2026-01-29 22:18,kh208463851,SP3120
WC707629,2026-01-29 22:44,kh673535564,SP3251
WC707630,2026-01-29 22:55,KH720328692,SP3330
WC707631,2026-01-29 23:11,KH524315471,SP3192
WC707632,2026-01-30 01:40,kh723282469,SP3306
WC707633,2026-01-30 02:11,KH412992493,SP3137
WC707634,2026-01-30 02:17,kh659206239,SP3271
WC707635,2026-01-30 03:11,KH169373896,SP3292
WC707636,2026-01-30 04:46,KH615324904,SP3279
WC707637,2026-01-30 06:10, KH550730696,SP3349
WC707638,2026-01-30 06:29,KH290669400,SP3120
WC707639,2026-01-30 06:39,KH453099236,SP3059
WC707640,2026-01-30 07:19,KH906011824,SP3048
WC707641,2026-01-30 08:31,KH402770289,SP3304
WC707642,2026-01-30 08:44,KH724022892,SP3094
WC707643,2026-01-30 13:11,KH501626113,SP3209
WC707644,2026-01-30 13:27,KH169782440,SP3322
WC707645,2026-01-30 13:29,kh391524735,SP3036
WC707646,2026-01-30 13:33,KH633842177,SP3035
WC707647,2026-01-30 14:09,KH866554405,SP3138
WC707648,2026-01-30 15:20, KH418036085,SP3099
WC707649,2026-01-30 15:58,KH624765520,SP3060
WC707650,2026-01-30 16:10,KH-462923606,SP3322
WC707651,2026-01-30 17:41,KH890156031,SP3168
WC707652,2026-01-30 18:20,KH571274703,SP3161
WC707653,2026-01-30 18:31,KH758585902,SP3102
WC707654,2026-01-30 19:29,KH110938788,SP3117
WC707655,2026-01-30 19:42,kh197180409,SP3087
WC707656,2026-01-30 19:49,KH489339932,SP3268
WC707657,2026-01-30 22:14,KH458362785,SP3044
WC707658,2026-01-31 00:20,KH779541625,SP3089
WC707659,2026-01-31 01:08,KH-550316841,SP3201
WC707660,2026-01-31 03:08, KH214453557,SP3281
WC707661,2026-01-31 06:05,KH424171479,SP3340
WC707662,2026-01-31 06:11,KH288190698,SP3079
WC707663,2026-01-31 06:51,KH-618715165,SP3345
WC707664,2026-01-31 07:04,KH323669155,SP3285
WC707665,2026-01-31 07:24,KH733371234,SP3120
WC707666,2026-01-31 07:44,KH757384287,SP3309
WC707667,2026-01-31 07:55,KH936553022,SP3012
WC707668,2026-01-31 12:56,KH461750233,SP3243
WC707669,2026-01-31 14:30,KH-304577362,SP3194
WC707670,2026-01-31 14:58, KH694578593,SP3103
WC707671,2026-01-31 15:11,kh870205642,SP3363
WC707672,2026-01-31 15:37,kh619534125,SP3077
WC707673,2026-01-31 16:04, KH997633053,SP3136
WC707674,2026-01-31 17:08,KH-444451461,SP3112
WC707675,2026-01-31 19:26,KH796217895,SP3331
WC707676,2026-01-31 21:34,KH755338676,SP3136
WC707677,2026-01-31 22:25, KH636429287,SP3186
WC707678,2026-01-31 22:57,KH165998035,SP3327
WC707679,2026-02-01 00:36,kh127592500,SP3196
WC707680,2026-02-01 00:55,KH693197094,SP3073
WC707681,2026-02-01 01:34, KH846648377,SP3205
WC707682,2026-02-01 02:47,KH130176265,SP3306
WC707683,2026-02-01 02:48,KH338837739,SP3148
WC707684,2026-02-01 03:10,KH889458614,SP3245
WC707685,2026-02-01 04:40,KH-163961932,SP3097
WC707686,2026-02-01 05:06,KH712135431,SP3251
WC707687,2026-02-01 05:09,KH308545560,SP3309
WC707688,2026-02-01 05:27,KH457760662,SP3216
WC707689,2026-02-01 05:36,KH211320591,SP3109
WC707690,2026-02-01 06:08,KH900276477,SP3069
WC707691,2026-02-01 06:53,KH905463213,SP3079
WC707692,2026-02-01 07:15,KH-675216474,SP3362
WC707693,2026-02-01 09:18,KH457371717,SP3112
WC707694,2026-02-01 10:21,KH922465568,SP3102
WC707695,2026-02-01 11:28,KH468276030,SP3103
WC707696,2026-02-01 14:44,kh814784525,SP3301
WC707697,2026-02-01 15:32,KH200171063,SP3332
WC707698,2026-02-01 15:35,kh155648818,SP3359
WC707699,2026-02-01 15:50,kh381760283,SP3237
WC707700,2026-02-01 16:11,KH832349115,SP3018
WC707701,2026-02-01 16:13,KH579904353,SP3171
WC707702,2026-02-01 16:14,KH574567955,SP3249
WC707703,2026-02-01 17:17, KH143430267,SP3201
WC707704,2026-02-01 19:20,KH835789762,SP3018
WC707705,2026-02-01 19:27,KH104602977,SP3374
WC707706,2026-02-01 19:32,KH679406109,SP3220
WC707707,2026-02-01 20:02,KH-871740042,SP3049
WC707708,2026-02-01 21:36,KH753317611,SP3297
WC707709,2026-02-01 21:37,KH149981262,SP3127
WC707710,2026-02-01 21:41,kh472869658,SP3061
WC707711,2026-02-01 21:52,KH957632462,SP3302
WC707712,2026-02-02 00:23,kh555798043,SP3328
WC707713,2026-02-02 00:34,KH406547920,SP3141
WC707714,2026-02-02 00:46,KH400649369,SP3323
WC707715,2026-02-02 01:43,KH536462642,SP3220
WC707716,2026-02-02 02:58,KH994062963,SP3363
WC707717,2026-02-02 04:25,KH494021884,SP3243
WC707718,2026-02-02 05:59,KH118223527,SP3275
WC707719,2026-02-02 07:05,kh436336711,SP3023
WC707720,2026-02-02 07:24,KH670923670,SP3261
WC707721,2026-02-02 07:39,KH764944281,SP3168
WC707722,2026-02-02 08:31,KH995305296,SP3060
WC707723,2026-02-02 08:44,KH583288024,SP3173
WC707724,2026-02-02 10:20,KH235309696,SP3046
WC707725,2026-02-02 11:15,kh250728198,SP3250
WC707726,2026-02-02 11:32,KH130176265,SP3122
WC707727,2026-02-02 13:25, KH815426336,SP3216
WC707728,2026-02-02 13:51,KH726975752,SP3036
WC707729,2026-02-02 15:32,kh836520157,SP3369
WC707730,2026-02-02 15:46,KH607458791,SP3088
WC707731,2026-02-02 16:20,KH426722841,SP3160
WC707732,2026-02-02 16:49,KH734245300,SP3321
WC707733,2026-02-02 18:52,kh224312147,SP3029
WC707734,2026-02-02 19:49,KH579203243,SP3154
WC707735,2026-02-02 20:53,kh938271941,SP3114
WC707736,2026-02-02 20:54,KH860953177,SP3098
WC707737,2026-02-02 21:07,KH571228648,SP3161
WC707738,2026-02-02 22:03,kh710738610,SP3281
WC707739,2026-02-02 23:03,KH833420475,SP3350
WC707740,2026-02-03 00:03,KH626902579,SP3056
WC707741,2026-02-03 00:22,KH986043681,SP3016
WC707742,2026-02-03 00:59,KH207416806,SP3192
WC707743,2026-02-03 01:54,KH319887548,SP3060
WC707744,2026-02-03 02:01, KH851734947,SP3241
WC707745,2026-02-03 03:31, KH366318053,SP3132
WC707746,2026-02-03 04:08,kh242070286,SP3153
WC707747,2026-02-03 05:03,kh856671836,SP3272
WC707748,2026-02-03 05:14,KH862196273,SP3348
WC707749,2026-02-03 05:55, KH635535838,SP3080
WC707750,2026-02-03 06:39,KH225267155,SP3249
WC707751,2026-02-03 07:05,kh995814743,SP3209
WC707752,2026-02-03 07:18,KH-367981954,SP3303
WC707753,2026-02-03 08:17,KH315821341,SP3301
WC707754,2026-02-03 08:21,KH556647001,SP3065
WC707755,2026-02-03 08:35, KH941803260,SP3106
WC707756,2026-02-03 10:10,KH599272265,SP3088
WC707757,2026-02-03 10:54,KH148075857,SP3222
WC707758,2026-02-03 11:35, KH724232314,SP3309
WC707759,2026-02-03 13:35,KH657733777,SP3309
WC707760,2026-02-03 13:36,KH754635527,SP3130
WC707761,2026-02-03 14:28,kh918496299,SP3102
WC707762,2026-02-03 17:47,KH591946850,SP3378
WC707763,2026-02-03 17:54,KH992654967,SP3360
WC707764,2026-02-03 18:14,KH943128808,SP3348
WC707765,2026-02-03 18:48,KH798440095,SP3302
WC707766,2026-02-03 22:22,KH954520647,SP3181
WC707767,2026-02-03 23:08,KH795903785,SP3049
WC707768,2026-02-03 23:50,kh958885316,SP3291
WC707769,2026-02-04 01:04,kh288502775,SP3066
WC707770,2026-02-04 01:11,KH613901540,SP3237
WC707771,2026-02-04 02:05,KH741970757,SP3320
WC707772,2026-02-04 02:10,KH-788333122,SP3259
WC707773,2026-02-04 02:58,KH844401724,SP3210
WC707774,2026-02-04 04:11,kh725140550,SP3241
WC707775,2026-02-04 05:13,KH245934889,SP3379
WC707776,2026-02-04 05:57, KH855028087,SP3354
WC707777,2026-02-04 07:07, KH677967100,SP3006
WC707778,2026-02-04 07:52,KH153182557,SP3337
WC707779,2026-02-04 08:53,KH487531497,SP3009
WC707780,2026-02-04 10:00,KH954122962,SP3331
WC707781,2026-02-04 12:55,KH-615996678,SP3280
WC707782,2026-02-04 14:09,KH507828250,SP3045
WC707783,2026-02-04 14:18,KH786717157,SP3048
WC707784,2026-02-04 14:21,KH276805495,SP3378
WC707785,2026-02-04 16:09,KH156931807,SP3360
WC707786,2026-02-04 16:14,KH-962485570,SP3040
WC707787,2026-02-04 16:58,kh248156994,SP3162
WC707788,2026-02-04 18:26, KH569181849,SP3058
WC707789,2026-02-04 19:33,KH519212754,SP3016
WC707790,2026-02-04 19:58,KH690595366,SP3227
WC707791,2026-02-04 19:59, KH989560565,SP3159
WC707792,2026-02-04 20:02, KH313332679,SP3206
WC707793,2026-02-04 20:50,KH421061657,SP3001
WC707794,2026-02-04 22:32,KH997394626,SP3290
WC707795,2026-02-04 22:52, KH704391133,SP3104
WC707796,2026-02-05 01:07,KH179289397,SP3147
WC707797,2026-02-05 01:08,KH871689469,SP3147
WC707798,2026-02-05 01:18,KH366006831,SP3119
WC707799,2026-02-05 01:47,KH555762355,SP3374
WC707800,2026-02-05 02:00,KH127460177,SP3203
WC707801,2026-02-05 03:23,KH409032322,SP3354
WC707802,2026-02-05 04:34,KH214031713,SP3102
WC707803,2026-02-05 05:45,KH858873370,SP3071
WC707804,2026-02-05 10:04,KH699685183,SP3148
WC707805,2026-02-05 10:53,KH847377279,SP3216
WC707806,2026-02-05 12:01,KH470357465,SP3182
WC707807,2026-02-05 12:09,KH334541821,SP3285
WC707808,2026-02-05 12:12,KH103456935,SP3362
WC707809,2026-02-05 12:58,KH683254027,SP3148
WC707810,2026-02-05 13:01,KH515927926,SP3212
WC707811,2026-02-05 14:50,KH-179289397,SP3063
WC707812,2026-02-05 15:16,KH354560754,SP3029
WC707813,2026-02-05 16:45,KH714171804,SP3289
WC707814,2026-02-05 17:21,KH741923398,SP3279
WC707815,2026-02-05 18:16,KH348162937,SP3018
WC707816,2026-02-05 18:46,KH374667536,SP3042
WC707817,2026-02-05 20:38,KH492534875,SP3127
WC707818,2026-02-05 22:01,KH623590012,SP3210
WC707819,2026-02-05 23:12,kh143470664,SP3068
WC707820,2026-02-06 00:04, KH425565943,SP3130
WC707821,2026-02-06 01:46,KH307790990,SP3247
WC707822,2026-02-06 03:50,KH431093051,SP3158
WC707823,2026-02-06 04:15,KH501034360,SP3033
WC707824,2026-02-06 05:51,kh471241849,SP3241
WC707825,2026-02-06 09:53,KH750634602,SP3172
WC707826,2026-02-06 09:55, KH162588991,SP3068
WC707827,2026-02-06 10:33,KH456075270,SP3201
WC707828,2026-02-06 12:02,KH468866980,SP3168
WC707829,2026-02-06 13:08,KH-830309219,SP3098
WC707830,2026-02-06 14:00,KH814246255,SP3308
WC707831,2026-02-06 17:54,kh916717298,SP3038
WC707832,2026-02-06 18:05,KH378264795,SP3267
WC707833,2026-02-06 18:21, KH849752691,SP3070
WC707834,2026-02-06 19:02,kh877948408,SP3308
WC707835,2026-02-06 19:24,KH781667741,SP3109
WC707836,2026-02-06 20:30,KH550069131,SP3084
WC707837,2026-02-06 20:46, KH478699421,SP3376
WC707838,2026-02-06 21:38, KH427563815,SP3087
WC707839,2026-02-06 22:18,KH118264981,SP3040
WC707840,2026-02-06 22:21,kh892037805,SP3199
WC707841,2026-02-06 22:57,KH308079730,SP3255
WC707842,2026-02-06 23:40,KH461241004,SP3172
WC707843,2026-02-06 23:42,KH767591074,SP3369
WC707844,2026-02-06 23:51,KH123459117,SP3225
WC707845,2026-02-07 00:31,KH931230615,SP3241
WC707846,2026-02-07 01:37, KH222274765,SP3022
WC707847,2026-02-07 03:32,KH561844119,SP3104
WC707848,2026-02-07 03:56,KH415641312,SP3284
WC707849,2026-02-07 05:07,KH750880589,SP3240
WC707850,2026-02-07 06:15,KH907806469,SP3212
WC707851,2026-02-07 06:32, KH629012372,SP3366
WC707852,2026-02-07 08:35,kh206139605,SP3292
WC707853,2026-02-07 08:40,KH416226625,SP3280
WC707854,2026-02-07 08:40,KH101877257,SP3083
WC707855,2026-02-07 10:16, KH592693819,SP3277
WC707856,2026-02-07 11:18,KH849560036,SP3259
WC707857,2026-02-07 11:40,KH209425338,SP3272
WC707858,2026-02-07 13:27,kh424756937,SP3110
WC707859,2026-02-07 13:46,kh337321619,SP3206
WC707860,2026-02-07 16:53,KH104418448,SP3279
WC707861,2026-02-07 17:20,KH407043687,SP3221
WC707862,2026-02-07 20:10,KH756213712,SP3180
WC707863,2026-02-07 20:40,KH-269543598,SP3228
WC707864,2026-02-07 21:04,KH971433172,SP3102
WC707865,2026-02-07 21:24,KH177504289,SP3227
WC707866,2026-02-07 21:44,KH608596396,SP3324
WC707867,2026-02-07 21:58, KH659196565,SP3092
WC707868,2026-02-07 22:49,KH521429167,SP3292
WC707869,2026-02-08 03:35,KH-781896696,SP3220
WC707870,2026-02-08 03:36,kh245214939,SP3324
WC707871,2026-02-08 05:42,kh998589418,SP3136
WC707872,2026-02-08 06:23,KH760019192,SP3029
WC707873,2026-02-08 06:48,kh497427225,SP3212
WC707874,2026-02-08 07:42,KH765791558,SP3250
WC707875,2026-02-08 08:34,KH815819788,SP3130
WC707876,2026-02-08 10:09, KH474862115,SP3232
WC707877,2026-02-08 10:41,KH590800082,SP3280
WC707878,2026-02-08 12:44,KH579161028,SP3202
WC707879,2026-02-08 13:00,KH405552338,SP3325
WC707880,2026-02-08 13:01,KH907379830,SP3266
WC707881,2026-02-08 13:24,KH671110453,SP3028
WC707882,2026-02-08 14:03,KH-179154024,SP3072
WC707883,2026-02-08 14:19, KH261947633,SP3192
WC707884,2026-02-08 15:20,KH543571935,SP3228
WC707885,2026-02-08 16:51, KH619705724,SP3211
WC707886,2026-02-08 18:59,KH862518912,SP3181
WC707887,2026-02-08 19:15,KH556161817,SP3333
WC707888,2026-02-08 19:35,KH207869304,SP3163
WC707889,2026-02-08 19:43, KH997633053,SP3046
WC707890,2026-02-08 20:36, KH726447848,SP3124
WC707891,2026-02-08 21:50, KH532668677,SP3024
WC707892,2026-02-08 23:13,KH572355365,SP3220
WC707893,2026-02-08 23:40,KH419413608,SP3333
WC707894,2026-02-08 23:44,KH671179115,SP3021
WC707895,2026-02-09 01:35,KH929579425,SP3318
WC707896,2026-02-09 01:50,KH336801386,SP3202
WC707897,2026-02-09 02:38,kh500693828,SP3181
WC707898,2026-02-09 03:38,KH387775741,SP3068
WC707899,2026-02-09 04:31,KH739371242,SP3253
WC707900,2026-02-09 06:14,KH532694966,SP3338
WC707901,2026-02-09 07:42,KH614372144,SP3104
WC707902,2026-02-09 07:54,KH947058705,SP3067
WC707903,2026-02-09 08:09,KH950526942,SP3321
WC707904,2026-02-09 08:37,KH623343549,SP3081
WC707905,2026-02-09 08:41,KH395106024,SP3269
WC707906,2026-02-09 09:16,KH-843374322,SP3230
WC707907,2026-02-09 10:58,KH751561567,SP3266
WC707908,2026-02-09 13:24,KH291269266,SP3328
WC707909,2026-02-09 13:46,KH105225266,SP3234
WC707910,2026-02-09 14:22,KH822659593,SP3061
WC707911,2026-02-09 15:35,kh954243513,SP3111
WC707912,2026-02-09 21:16,KH755988844,SP3161
WC707913,2026-02-09 21:23,KH411842017,SP3196
WC707914,2026-02-09 21:33,KH481152235,SP3205
WC707915,2026-02-09 22:05,KH722528671,SP3219
WC707916,2026-02-09 22:12,KH615720725,SP3165
WC707917,2026-02-09 23:06,KH502938813,SP3197
WC707918,2026-02-10 00:06,kh141178329,SP3356
WC707919,2026-02-10 00:49,KH778717039,SP3262
WC707920,2026-02-10 00:52,KH-820672342,SP3258
WC707921,2026-02-10 01:52,kh151213860,SP3134
WC707922,2026-02-10 02:57,KH242303873,SP3057
WC707923,2026-02-10 04:31,KH797024314,SP3211
WC707924,2026-02-10 04:52,KH-462554173,SP3047
WC707925,2026-02-10 05:42,KH-406484765,SP3006
WC707926,2026-02-10 08:35,KH933883127,SP3241
WC707927,2026-02-10 08:45,KH699790799,SP3077
WC707928,2026-02-10 08:54,KH523981843,SP3033
WC707929,2026-02-10 09:06,KH829456297,SP3377
WC707930,2026-02-10 10:22,KH731904120,SP3129
WC707931,2026-02-10 10:24,KH-766429308,SP3200
WC707932,2026-02-10 12:41,KH995814743,SP3074
WC707933,2026-02-10 13:28,KH951614066,SP3321
WC707934,2026-02-10 14:12,KH828542026,SP3096
WC707935,2026-02-10 15:33,KH416146885,SP3033
WC707936,2026-02-10 18:00,KH668301339,SP3241
WC707937,2026-02-10 21:42,KH-997071829,SP3122
WC707938,2026-02-10 23:20,KH-873555270,SP3376
WC707939,2026-02-10 23:31,KH763137622,SP3323
WC707940,2026-02-11 01:30,KH485707738,SP3299
WC707941,2026-02-11 02:24,KH-947127658,SP3160
WC707942,2026-02-11 06:32,kh144694839,SP3258
WC707943,2026-02-11 06:36,KH279569239,SP3302
WC707944,2026-02-11 06:39, KH400096992,SP3168
WC707945,2026-02-11 07:05,KH577800550,SP3016
WC707946,2026-02-11 08:45,KH325227634,SP3046
WC707947,2026-02-11 09:31,KH830909053,SP3211
WC707948,2026-02-11 10:33, KH576728040,SP3110
WC707949,2026-02-11 11:05,KH126314529,SP3006
WC707950,2026-02-11 11:47,KH851720062,SP3164
WC707951,2026-02-11 12:46,KH274697269,SP3111
WC707952,2026-02-11 14:16, KH420890242,SP3258
WC707953,2026-02-11 14:17,KH-737442941,SP3350
WC707954,2026-02-11 15:17,KH679613729,SP3309
WC707955,2026-02-11 17:07,KH350275687,SP3267
WC707956,2026-02-11 19:42,KH464353153,SP3036
WC707957,2026-02-11 19:43,KH-508190571,SP3150
WC707958,2026-02-11 20:22,KH374277213,SP3094
WC707959,2026-02-11 21:10, KH495030951,SP3143
WC707960,2026-02-11 22:55,KH729272060,SP3117
WC707961,2026-02-12 00:35,KH956246906,SP3238
WC707962,2026-02-12 01:14,KH566627552,SP3219
WC707963,2026-02-12 03:01, KH681024635,SP3195
WC707964,2026-02-12 03:01,KH-403472582,SP3176
WC707965,2026-02-12 03:05,KH562313144,SP3365
WC707966,2026-02-12 05:02,KH-447612925,SP3360
WC707967,2026-02-12 05:12,KH327696783,SP3274
WC707968,2026-02-12 05:50, KH394205896,SP3370
WC707969,2026-02-12 05:57,KH739659602,SP3130
WC707970,2026-02-12 06:10,KH817902187,SP3119
WC707971,2026-02-12 09:24,KH159290662,SP3042
WC707972,2026-02-12 10:06,KH195507999,SP3309
WC707973,2026-02-12 10:48,KH450643224,SP3166
WC707974,2026-02-12 11:15,KH-177528784,SP3033
WC707975,2026-02-12 13:54,KH558243138,SP3056
WC707976,2026-02-12 15:13,KH299553977,SP3097
WC707977,2026-02-12 17:12,KH436894703,SP3354
WC707978,2026-02-12 17:44,KH144754059,SP3129
WC707979,2026-02-12 18:46, KH974366645,SP3028
WC707980,2026-02-12 19:02,kh540774086,SP3329
WC707981,2026-02-12 20:36,kh756615783,SP3351
WC707982,2026-02-12 21:11,KH696926094,SP3006
WC707983,2026-02-12 21:17,KH783941847,SP3321
WC707984,2026-02-12 22:30,KH663621375,SP3328
WC707985,2026-02-12 22:39,KH822571492,SP3237
WC707986,2026-02-12 22:42,KH935203393,SP3241
WC707987,2026-02-12 23:07,KH278790398,SP3114
WC707988,2026-02-12 23:45,KH-334343339,SP3297
WC707989,2026-02-13 01:23,KH661653711,SP3012
WC707990,2026-02-13 03:13,KH-780366255,SP3309
WC707991,2026-02-13 03:16, KH856334981,SP3266
WC707992,2026-02-13 04:25,KH158125280,SP3112
WC707993,2026-02-13 04:31, KH956036925,SP3160
WC707994,2026-02-13 04:57,KH179487767,SP3127
WC707995,2026-02-13 06:46,KH-887736104,SP3132
WC707996,2026-02-13 07:21,KH118614229,SP3347
WC707997,2026-02-13 08:13, KH589144867,SP3332
WC707998,2026-02-13 09:29,KH656947985,SP3178
WC707999,2026-02-13 10:16,KH528196620,SP3104
WC708000,2026-02-13 10:34,KH893546689,SP3160
WC708001,2026-02-13 11:52, KH190028685,SP3154
WC708002,2026-02-13 12:02,kh855280433,SP3336
WC708003,2026-02-13 12:04,KH945908509,SP3324
WC708004,2026-02-13 13:04,KH-670339554,SP3019
WC708005,2026-02-13 13:22,KH372664856,SP3308
WC708007,2026-02-13 13:40,KH300350564,SP3159
WC708006,2026-02-13 13:40,KH249735177,SP3002
WC708008,2026-02-13 14:02,KH976601039,SP3285
WC708009,2026-02-13 14:03, KH960984286,SP3103
WC708010,2026-02-13 15:54,KH258272468,SP3359
WC708011,2026-02-13 16:19,KH537695072,SP3303
WC708012,2026-02-13 16:51, KH318881967,SP3274
WC708013,2026-02-13 16:59,KH535099107,SP3113
WC708014,2026-02-13 17:25,KH471732209,SP3085
WC708015,2026-02-13 18:54,kh159032745,SP3098
WC708016,2026-02-13 19:16,KH-843519284,SP3068
WC708017,2026-02-13 21:02, KH662696703,SP3317
WC708018,2026-02-13 23:04,KH527582767,SP3007
WC708019,2026-02-13 23:06,KH353794238,SP3212
WC708020,2026-02-14 01:02,kh413253725,SP3121
WC708021,2026-02-14 02:23,KH491115021,SP3232
WC708022,2026-02-14 03:09,kh794702421,SP3040
WC708023,2026-02-14 03:28,KH432064633,SP3079
WC708024,2026-02-14 03:40, KH535382441,SP3238
WC708025,2026-02-14 03:51,KH820818432,SP3029
WC708026,2026-02-14 06:47,KH211522628,SP3051
WC708027,2026-02-14 09:39, KH919608819,SP3145
WC708028,2026-02-14 09:44,KH135629550,SP3246
WC708029,2026-02-14 10:16,KH179114382,SP3009
WC708030,2026-02-14 10:32,KH712577727,SP3180
WC708031,2026-02-14 11:29,KH482915221,SP3036
WC708032,2026-02-14 12:02,kh296670424,SP3297
WC708033,2026-02-14 13:33,KH653313398,SP3374
WC708034,2026-02-14 14:56,kh560332748,SP3150
WC708035,2026-02-14 16:13,KH905270995,SP3326
WC708036,2026-02-14 16:21,KH938871662,SP3244
WC708037,2026-02-14 18:42,KH139167143,SP3175
WC708038,2026-02-14 19:19,kh160918843,SP3085
WC708039,2026-02-14 21:00,KH145798676,SP3086
WC708040,2026-02-14 21:42,KH998589418,SP3147
WC708041,2026-02-14 22:04,kh319720197,SP3061
WC708042,2026-02-14 23:58,KH-970875211,SP3220
WC708043,2026-02-15 00:02,KH-153921707,SP3016
WC708044,2026-02-15 00:34,KH947925160,SP3142
WC708045,2026-02-15 02:03, KH938283354,SP3003
WC708046,2026-02-15 03:47, KH670431822,SP3247
WC708047,2026-02-15 05:08,kh265560611,SP3302
WC708048,2026-02-15 05:29,KH261443644,SP3157
WC708049,2026-02-15 05:53,KH168523261,SP3263
WC708050,2026-02-15 05:57,KH873538008,SP3121
WC708051,2026-02-15 07:13,KH955163366,SP3095
WC708052,2026-02-15 07:20,KH-616936076,SP3015
WC708053,2026-02-15 08:26,KH-486537575,SP3040
WC708054,2026-02-15 08:35,KH841073296,SP3096
WC708055,2026-02-15 10:07,KH683940106,SP3251
WC708056,2026-02-15 10:42,KH992086664,SP3368
WC708057,2026-02-15 11:26,KH742410061,SP3084
WC708058,2026-02-15 13:16,KH-777792193,SP3069
WC708059,2026-02-15 14:07,kh196561691,SP3056
WC708060,2026-02-15 14:40,KH159416959,SP3094
WC708061,2026-02-15 14:52,KH186809426,SP3239
WC708062,2026-02-15 16:07,KH533795704,SP3367
WC708063,2026-02-15 16:32,KH434709005,SP3092
WC708064,2026-02-15 17:13,kh756423460,SP3338
WC708065,2026-02-15 17:39,KH915680440,SP3073
WC708066,2026-02-15 17:40,KH333250711,SP3358
WC708067,2026-02-15 18:00, KH429017315,SP3285
WC708068,2026-02-15 18:36,KH394094377,SP3134
WC708069,2026-02-15 20:00,KH125294697,SP3167
WC708070,2026-02-15 20:12,KH334887737,SP3365
WC708071,2026-02-15 21:05,kh526714739,SP3259
WC708072,2026-02-16 00:29,KH858795591,SP3072
WC708073,2026-02-16 00:36,KH608863529,SP3257
WC708074,2026-02-16 00:55,KH535723086,SP3009
WC708075,2026-02-16 01:19,KH-170116775,SP3348
WC708076,2026-02-16 01:19,KH646665609,SP3206
WC708077,2026-02-16 01:37,KH304723202,SP3226
WC708078,2026-02-16 01:44,kh291831971,SP3232
WC708079,2026-02-16 01:56,KH962506517,SP3047
WC708080,2026-02-16 03:23,KH874260733,SP3175
WC708081,2026-02-16 03:41,KH872792158,SP3241
WC708082,2026-02-16 04:23,KH164788548,SP3242
WC708083,2026-02-16 04:53,kh614390761,SP3297
WC708084,2026-02-16 08:50,KH-683907993,SP3356
WC708085,2026-02-16 09:04,KH130009781,SP3334
WC708086,2026-02-16 10:56,KH208204753,SP3171
WC708087,2026-02-16 11:17,KH748878416,SP3086
WC708088,2026-02-16 11:30,KH666421415,SP3008
WC708089,2026-02-16 13:21, KH623961151,SP3330
WC708090,2026-02-16 14:18,kh711947263,SP3240
WC708091,2026-02-16 15:28,KH409514242,SP3046
WC708092,2026-02-16 16:10, KH806685521,SP3022
WC708093,2026-02-16 16:37, KH489120123,SP3258
WC708094,2026-02-16 16:51,KH658028186,SP3161
WC708095,2026-02-16 17:52,KH951314750,SP3330
WC708096,2026-02-16 21:14,KH998715487,SP3213
WC708097,2026-02-16 22:11, KH281445391,SP3289
WC708098,2026-02-16 22:20,kh525883025,SP3341
WC708099,2026-02-16 23:11,KH814300561,SP3264
WC708100,2026-02-16 23:33,KH-872541429,SP3263
WC708101,2026-02-16 23:34,kh111651039,SP3239
WC708102,2026-02-16 23:42, KH680877980,SP3347
WC708103,2026-02-17 01:09,KH808470059,SP3034
WC708104,2026-02-17 01:11,KH430637991,SP3319
WC708105,2026-02-17 01:38,KH120082553,SP3356
WC708106,2026-02-17 03:29, KH216570846,SP3109
WC708107,2026-02-17 03:38,kh287345759,SP3318
WC708108,2026-02-17 04:45,KH843344832,SP3112
WC708109,2026-02-17 06:33,KH513910736,SP3232
WC708110,2026-02-17 07:19,KH889635328,SP3005
WC708111,2026-02-17 08:28, KH473051996,SP3154
WC708112,2026-02-17 09:33,KH-360859659,SP3200
WC708113,2026-02-17 10:23,KH801627839,SP3145
WC708114,2026-02-17 10:42,KH170061737,SP3320
WC708115,2026-02-17 12:15,KH571227275,SP3324
WC708116,2026-02-17 12:18,KH449774367,SP3160
WC708117,2026-02-17 12:38,KH174433652,SP3369
WC708118,2026-02-17 14:13,KH-953376311,SP3217
WC708119,2026-02-17 14:36,KH745318709,SP3258
WC708120,2026-02-17 16:33,KH692772340,SP3248
WC708121,2026-02-17 21:17,kh485373916,SP3015
WC708122,2026-02-17 21:36,KH-611230973,SP3199
WC708123,2026-02-17 23:04,KH835948289,SP3137
WC708124,2026-02-17 23:40,KH770582146,SP3141
WC708125,2026-02-18 00:16, KH147663246,SP3351
WC708126,2026-02-18 01:22,kh608105636,SP3168
WC708127,2026-02-18 01:36,kh847814485,SP3350
WC708128,2026-02-18 01:59,kh465721263,SP3168
WC708129,2026-02-18 02:06,KH827503542,SP3077
WC708130,2026-02-18 02:38,kh150854912,SP3209
WC708131,2026-02-18 04:26,KH788778958,SP3172
WC708132,2026-02-18 06:04,KH-956661802,SP3258
WC708133,2026-02-18 07:47,KH671563371,SP3340
WC708134,2026-02-18 08:20,kh695317892,SP3055
WC708135,2026-02-18 10:27,KH404003520,SP3161
WC708136,2026-02-18 12:30,KH588548416,SP3217
WC708137,2026-02-18 13:09,KH486687017,SP3290
WC708138,2026-02-18 14:23,KH402770289,SP3160
WC708139,2026-02-18 14:42,KH575178331,SP3065
WC708140,2026-02-18 15:36,KH815522842,SP3225
WC708141,2026-02-18 15:47,KH630691926,SP3160
WC708142,2026-02-18 16:34,kh804520728,SP3173
WC708143,2026-02-18 17:03,kh667240939,SP3040
WC708144,2026-02-18 17:16,KH323787688,SP3289
WC708145,2026-02-18 17:42,KH348425375,SP3026
WC708146,2026-02-18 23:07,KH-626454067,SP3093
WC708147,2026-02-19 00:21,KH156731320,SP3058
WC708148,2026-02-19 05:23, KH528322663,SP3352
WC708149,2026-02-19 05:38,KH627480502,SP3373
WC708150,2026-02-19 05:50,KH743384844,SP3277
WC708151,2026-02-19 06:59,KH436421380,SP3105
WC708152,2026-02-19 07:06,KH794399703,SP3022
WC708153,2026-02-19 07:23,KH725156089,SP3096
WC708154,2026-02-19 07:55,KH369773743,SP3099
WC708155,2026-02-19 08:36, KH555280395,SP3133
WC708156,2026-02-19 09:00,kh502074862,SP3262
WC708157,2026-02-19 10:09,KH220874268,SP3379
WC708158,2026-02-19 11:58,KH458193288,SP3018
WC708159,2026-02-19 12:02,KH-879176681,SP3359
WC708160,2026-02-19 14:33,KH-239543494,SP3365
WC708161,2026-02-19 14:57,kh203104876,SP3172
WC708162,2026-02-19 15:29,KH-395995645,SP3013
WC708163,2026-02-19 15:48,KH819874695,SP3064
WC708164,2026-02-19 17:53,KH826222930,SP3378
WC708165,2026-02-19 19:05,KH608111801,SP3250
WC708166,2026-02-19 19:18,KH203740336,SP3276
WC708167,2026-02-19 19:46,KH560729165,SP3243
WC708168,2026-02-19 20:29,KH781984291,SP3039
WC708169,2026-02-19 20:50,KH680635365,SP3277
WC708170,2026-02-19 21:11, KH169132028,SP3367
WC708171,2026-02-19 23:31,KH427563815,SP3056
WC708172,2026-02-20 00:16,KH453532865,SP3211
WC708173,2026-02-20 01:07,KH243391108,SP3166
WC708174,2026-02-20 03:54,KH963419369,SP3250
WC708175,2026-02-20 04:34,KH978676171,SP3021
WC708176,2026-02-20 04:51,KH407071814,SP3125
WC708177,2026-02-20 04:54,KH896514722,SP3062
WC708178,2026-02-20 07:34,KH255944401,SP3178
WC708179,2026-02-20 08:09,KH952568196,SP3266
WC708180,2026-02-20 09:10,KH189117052,SP3211
WC708181,2026-02-20 11:20,KH-588256096,SP3055
WC708182,2026-02-20 11:34,KH355823488,SP3082
WC708183,2026-02-20 12:36,KH975918929,SP3190
WC708184,2026-02-20 13:19,kh803003066,SP3172
WC708185,2026-02-20 14:05,kh995581817,SP3355
WC708186,2026-02-20 15:05,kh240657840,SP3335
WC708187,2026-02-20 15:19,KH779688484,SP3081
WC708188,2026-02-20 15:25,KH355231102,SP3211
WC708189,2026-02-20 16:11,KH845457528,SP3317
WC708190,2026-02-20 16:21,KH762701250,SP3067
WC708191,2026-02-20 18:42, KH542149936,SP3212
WC708192,2026-02-20 20:09,KH685223821,SP3019
WC708193,2026-02-21 00:35,KH154194218,SP3028
WC708194,2026-02-21 01:02,KH370377182,SP3056
WC708195,2026-02-21 01:44,KH368270353,SP3325
WC708196,2026-02-21 02:16,KH162942043,SP3338
WC708197,2026-02-21 03:10,KH978606930,SP3067
WC708198,2026-02-21 03:39,KH840827279,SP3055
WC708199,2026-02-21 04:49,kh291227731,SP3158
WC708200,2026-02-21 04:53,KH752417164,SP3114
WC708201,2026-02-21 05:33, KH130864542,SP3221
WC708202,2026-02-21 07:13,KH997071829,SP3203
WC708203,2026-02-21 08:06,KH206301932,SP3377
WC708204,2026-02-21 08:53, KH770662779,SP3120
WC708205,2026-02-21 10:25,KH818003322,SP3222
WC708206,2026-02-21 12:08,KH142788394,SP3114
WC708207,2026-02-21 15:44,KH250122912,SP3309
WC708208,2026-02-21 18:22,KH288126821,SP3095
WC708209,2026-02-21 19:16,kh857830116,SP3277
WC708210,2026-02-21 19:58,KH575122013,SP3360
WC708211,2026-02-21 22:59,KH940781521,SP3254
WC708212,2026-02-21 23:19,KH553970812,SP3272
WC708213,2026-02-22 01:50,KH133240964,SP3255
WC708214,2026-02-22 01:50,KH-876513426,SP3351
WC708215,2026-02-22 01:58,KH201881485,SP3163
WC708216,2026-02-22 02:16,KH169373896,SP3041
WC708217,2026-02-22 03:24,KH614221283,SP3197
WC708218,2026-02-22 03:24,KH604304789,SP3069
WC708219,2026-02-22 04:02,KH559307776,SP3131
WC708220,2026-02-22 04:07,KH278145139,SP3029
WC708221,2026-02-22 08:05,KH190627590,SP3124
WC708222,2026-02-22 09:23, KH211402985,SP3086
WC708223,2026-02-22 09:53,kh873691609,SP3143
WC708224,2026-02-22 10:20, KH266745135,SP3067
WC708225,2026-02-22 10:37,KH133628322,SP3177
WC708226,2026-02-22 11:48,KH758949963,SP3083
WC708227,2026-02-22 13:41,KH-652373269,SP3207
WC708228,2026-02-22 14:18,KH997633053,SP3133
WC708229,2026-02-22 15:23,KH268556408,SP3360
WC708230,2026-02-22 16:51,KH-908690572,SP3278
WC708231,2026-02-22 17:01,KH130079638,SP3129
WC708232,2026-02-22 19:41, KH427711433,SP3038
WC708233,2026-02-22 19:48,KH475361708,SP3195
WC708234,2026-02-22 20:14, KH471562535,SP3031
WC708235,2026-02-22 22:59,KH-845335506,SP3095
WC708236,2026-02-22 23:06,KH155970061,SP3183
WC708237,2026-02-23 00:14,KH104647382,SP3308
WC708238,2026-02-23 00:18,KH471241849,SP3178
WC708239,2026-02-23 00:48,KH209992868,SP3138
WC708240,2026-02-23 01:06,KH-918165673,SP3062
WC708241,2026-02-23 02:05,KH233233691,SP3163
WC708242,2026-02-23 03:14,KH555608807,SP3007
WC708243,2026-02-23 04:57,KH435712534,SP3241
WC708244,2026-02-23 05:07,KH970501164,SP3096
WC708245,2026-02-23 05:46,KH-346252544,SP3222
WC708246,2026-02-23 08:28,KH933199108,SP3130
WC708247,2026-02-23 08:39,KH562657829,SP3299
WC708248,2026-02-23 10:31,KH-507339144,SP3114
WC708249,2026-02-23 10:52,KH425205238,SP3153
WC708250,2026-02-23 11:03,KH170670412,SP3360
WC708251,2026-02-23 11:09, KH236262250,SP3007
WC708252,2026-02-23 12:01,KH-529388011,SP3127
WC708253,2026-02-23 12:16,KH955509606,SP3255
WC708254,2026-02-23 12:40,KH266112370,SP3336
WC708255,2026-02-23 12:42,KH804189541,SP3246
WC708256,2026-02-23 12:51,KH264888364,SP3049
WC708257,2026-02-23 15:09,KH144521894,SP3242
WC708258,2026-02-23 15:14,KH-616474033,SP3234
WC708259,2026-02-23 15:54,KH331737626,SP3133
WC708260,2026-02-23 16:01, KH887029461,SP3138
WC708261,2026-02-23 16:42,KH166501707,SP3254
WC708262,2026-02-23 17:56,KH735281369,SP3263
WC708263,2026-02-23 18:27,KH377357269,SP3044
WC708264,2026-02-23 19:29,kh997535800,SP3271
WC708265,2026-02-23 23:24,kh811402897,SP3166
WC708266,2026-02-23 23:42,KH350355759,SP3311
WC708267,2026-02-23 23:43,KH115755650,SP3302
WC708268,2026-02-24 00:08,kh334887737,SP3015
WC708269,2026-02-24 00:22,KH581742255,SP3129
WC708270,2026-02-24 00:25, KH362566624,SP3303
WC708271,2026-02-24 00:33,KH310515708,SP3350
WC708272,2026-02-24 00:59,KH213620918,SP3178
WC708273,2026-02-24 01:34,KH701173332,SP3204
WC708274,2026-02-24 01:53,KH887277128,SP3332
WC708275,2026-02-24 02:49, KH347948502,SP3208
WC708276,2026-02-24 04:14,KH815058118,SP3232
WC708277,2026-02-24 04:20,KH773933718,SP3128
WC708278,2026-02-24 06:04,KH989336846,SP3193
WC708279,2026-02-24 06:13,KH-728345706,SP3349
WC708280,2026-02-24 07:02,KH615623178,SP3083
WC708281,2026-02-24 08:09,KH261429687,SP3127
WC708282,2026-02-24 09:05,KH236804057,SP3183
WC708283,2026-02-24 09:43,KH295764935,SP3178
WC708284,2026-02-24 11:02,KH142700118,SP3091
WC708285,2026-02-24 11:29,KH787184336,SP3180
WC708286,2026-02-24 12:31,KH808615786,SP3243
WC708287,2026-02-24 12:47, KH383318301,SP3260
WC708288,2026-02-24 13:45,KH722128997,SP3228
WC708289,2026-02-24 16:50,KH917967354,SP3056
WC708290,2026-02-24 18:08,KH336583463,SP3278
WC708291,2026-02-24 22:37,KH515238254,SP3329
WC708292,2026-02-24 22:38,KH588114399,SP3116
WC708293,2026-02-25 00:46,KH878097570,SP3337
WC708294,2026-02-25 01:07,KH300908213,SP3188
WC708295,2026-02-25 01:25,KH528957183,SP3029
WC708296,2026-02-25 01:50,kh418100322,SP3246
WC708297,2026-02-25 03:21,KH-503366049,SP3273
WC708298,2026-02-25 04:42,KH893050555,SP3074
WC708299,2026-02-25 04:59,KH465320921,SP3003
WC708300,2026-02-25 05:19,KH617020064,SP3160
WC708301,2026-02-25 05:27,KH905463213,SP3138
WC708302,2026-02-25 05:28,KH297848686,SP3013
WC708303,2026-02-25 05:46,KH-137157092,SP3155
WC708304,2026-02-25 06:35,KH112575053,SP3139
WC708305,2026-02-25 07:00,KH619583036,SP3269
WC708306,2026-02-25 08:30,KH467748486,SP3240
WC708307,2026-02-25 10:26,KH326766321,SP3161
WC708308,2026-02-25 12:58,KH117712718,SP3360
WC708309,2026-02-25 14:14,KH263026245,SP3196
WC708310,2026-02-25 16:31,KH546458659,SP3115
WC708311,2026-02-25 17:42,kh480439437,SP3262
WC708312,2026-02-25 18:42,KH451879879,SP3359
WC708313,2026-02-25 20:28,KH805275892,SP3017
WC708314,2026-02-25 20:36,KH220243225,SP3046
WC708315,2026-02-25 23:09,KH356501084,SP3009
WC708316,2026-02-25 23:10,KH687401159,SP3030
WC708317,2026-02-25 23:57,KH364843381,SP3160
WC708318,2026-02-26 00:06,KH465721263,SP3138
WC708319,2026-02-26 00:29,kh703250683,SP3216
WC708320,2026-02-26 00:43,kh714171804,SP3202
WC708321,2026-02-26 03:56, KH732836650,SP3159
WC708322,2026-02-26 04:07, KH887956879,SP3194
WC708323,2026-02-26 06:03,kh745835146,SP3298
WC708324,2026-02-26 06:38,KH136584183,SP3291
WC708325,2026-02-26 07:41,KH663486728,SP3155
WC708326,2026-02-26 08:23,KH-891664761,SP3129
WC708327,2026-02-26 09:38,KH241434353,SP3257
WC708328,2026-02-26 11:18,kh439456742,SP3304
WC708329,2026-02-26 11:44,KH605303501,SP3043
WC708330,2026-02-26 11:56, KH274891594,SP3113
WC708331,2026-02-26 12:28,KH866321037,SP3138
WC708332,2026-02-26 12:37,KH839668324,SP3297
WC708333,2026-02-26 13:33,KH392480800,SP3136
WC708334,2026-02-26 13:34,KH796611600,SP3239
WC708335,2026-02-26 13:53,KH192103620,SP3194
WC708336,2026-02-26 14:10,kh297084403,SP3328
WC708337,2026-02-26 15:34,KH439855835,SP3213
WC708338,2026-02-26 17:25,KH246560517,SP3012
WC708339,2026-02-26 18:03,KH579904353,SP3232
WC708340,2026-02-26 20:16,kh797224193,SP3125
WC708341,2026-02-26 22:53,KH-624448869,SP3215
WC708342,2026-02-26 23:12,KH760993844,SP3370
WC708343,2026-02-26 23:14, KH429309076,SP3290
WC708344,2026-02-27 00:28,KH902596348,SP3355
WC708345,2026-02-27 02:24,kh401346023,SP3087
WC708346,2026-02-27 03:07,KH504572656,SP3370
WC708347,2026-02-27 05:51,kh157397581,SP3201
WC708348,2026-02-27 06:12,kh520207246,SP3152
WC708349,2026-02-27 09:40,KH-801705115,SP3115
WC708350,2026-02-27 09:53,KH128626141,SP3092
WC708351,2026-02-27 10:39,KH669415709,SP3058
WC708352,2026-02-27 10:43,KH772054649,SP3114
WC708353,2026-02-27 11:05,KH496803362,SP3345
WC708354,2026-02-27 13:31,KH108094372,SP3050
WC708355,2026-02-27 16:47,KH906550147,SP3253
WC708356,2026-02-27 17:01,KH833553027,SP3116
WC708357,2026-02-27 20:26,KH485203547,SP3120
WC708358,2026-02-28 00:38,kh804189541,SP3232
WC708359,2026-02-28 00:42,KH275649245,SP3113
WC708360,2026-02-28 01:25,kh516035718,SP3213
WC708361,2026-02-28 01:59, KH304693967,SP3297
WC708362,2026-02-28 02:06,KH541754207,SP3039
WC708363,2026-02-28 02:33,KH789621583,SP3242
WC708364,2026-02-28 02:46,KH706765235,SP3284
WC708365,2026-02-28 02:58,KH950556486,SP3055
WC708366,2026-02-28 04:15,KH891752689,SP3158
WC708367,2026-02-28 04:32,KH644728863,SP3158
WC708368,2026-02-28 04:38,KH944523907,SP3364
WC708369,2026-02-28 04:50, KH156233479,SP3062
WC708370,2026-02-28 05:07,KH447040720,SP3262
WC708371,2026-02-28 08:36, KH197966442,SP3059
WC708372,2026-02-28 08:41, KH270238293,SP3211
WC708373,2026-02-28 12:50,kh791863313,SP3212
WC708374,2026-02-28 14:45,KH996654715,SP3334
WC708375,2026-02-28 14:45,KH771119692,SP3275
WC708376,2026-02-28 17:24,KH957163426,SP3038
WC708377,2026-02-28 17:43,kh846863075,SP3066
WC708378,2026-02-28 18:13,KH983465513,SP3327
WC708379,2026-02-28 18:30,KH662573314,SP3071
WC708380,2026-02-28 18:49,KH591604988,SP3082
WC708381,2026-02-28 18:54,KH445308757,SP3017
WC708382,2026-02-28 19:27,KH205502791,SP3052
WC708383,2026-02-28 20:37,KH843591076,SP3004
WC708384,2026-02-28 20:51,KH214497001,SP3181
WC708385,2026-02-28 20:55,KH753006277,SP3095
WC708386,2026-02-28 22:30,KH177948051,SP3291
WC708387,2026-02-28 22:33,kh620520738,SP3110
WC708388,2026-02-28 23:09,KH383318301,SP3004
WC708389,2026-02-28 23:11,KH457422307,SP3337
WC708390,2026-03-01 00:09,KH710152248,SP3303
WC708391,2026-03-01 00:29,KH588671337,SP3080
WC708392,2026-03-01 01:20,kh298472705,SP3047
WC708393,2026-03-01 01:43,KH802501951,SP3356
WC708394,2026-03-01 02:28,KH151856295,SP3325
WC708395,2026-03-01 02:55,KH885745919,SP3216
WC708396,2026-03-01 03:38,KH805662788,SP3226
WC708397,2026-03-01 06:43,KH765468793,SP3097
WC708398,2026-03-01 06:47,KH505070649,SP3023
WC708399,2026-03-01 08:20,KH-452984712,SP3033
WC708400,2026-03-01 09:13,KH745657703,SP3378
WC708401,2026-03-01 10:29,kh811159118,SP3046
WC708402,2026-03-01 10:47,kh814756451,SP3039
WC708403,2026-03-01 11:33,KH835037864,SP3188
WC708404,2026-03-01 12:29,KH135556175,SP3163
WC708405,2026-03-01 14:23,KH476815766,SP3338
WC708406,2026-03-01 15:58,KH-855280433,SP3376
WC708407,2026-03-01 16:43, KH706418917,SP3203
WC708408,2026-03-01 17:16,KH438890780,SP3226
WC708409,2026-03-01 17:59,KH-385158121,SP3361
WC708410,2026-03-01 19:30,KH444074420,SP3320
WC708411,2026-03-01 19:37,KH462407554,SP3172
WC708412,2026-03-01 20:27,KH-383856333,SP3028
WC708413,2026-03-01 21:48,kh258040250,SP3188
WC708414,2026-03-01 22:39,KH296815308,SP3265
WC708415,2026-03-01 23:44,KH422142775,SP3374
WC708416,2026-03-02 01:05,KH796269819,SP3340
WC708417,2026-03-02 05:51,KH951750733,SP3269
WC708418,2026-03-02 06:15,KH477506034,SP3376
WC708419,2026-03-02 07:03,KH355744023,SP3339
WC708420,2026-03-02 08:18,KH696969498,SP3162
WC708421,2026-03-02 08:21,KH928890786,SP3183
WC708422,2026-03-02 08:35,kh230216821,SP3039
WC708423,2026-03-02 09:03,KH638168716,SP3275
WC708424,2026-03-02 09:11,KH957054853,SP3285
WC708425,2026-03-02 09:34,KH548256014,SP3071
WC708426,2026-03-02 09:43,KH853313318,SP3008
WC708427,2026-03-02 09:46,KH769722018,SP3044
WC708428,2026-03-02 09:51, KH129361911,SP3160
WC708429,2026-03-02 10:09,KH-825537015,SP3188
WC708430,2026-03-02 11:28,KH779823038,SP3214
WC708431,2026-03-02 12:07,KH324411964,SP3258
WC708432,2026-03-02 12:33,KH640399190,SP3153
WC708433,2026-03-02 12:38,KH648970562,SP3119
WC708434,2026-03-02 13:16,KH786717157,SP3244
WC708435,2026-03-02 14:48,KH273375322,SP3277
WC708436,2026-03-02 18:44,KH984028541,SP3032
WC708437,2026-03-02 19:22, KH296670424,SP3219
WC708438,2026-03-02 21:41,KH164330375,SP3001
WC708439,2026-03-02 22:52, KH648011895,SP3059
WC708440,2026-03-02 22:54,kh700186176,SP3354
WC708441,2026-03-02 23:40,KH-270721743,SP3008
WC708442,2026-03-02 23:43,KH747662946,SP3101
WC708443,2026-03-02 23:58,KH102326393,SP3192
WC708444,2026-03-03 01:27, KH503641028,SP3337
WC708445,2026-03-03 02:28,KH465726661,SP3257
WC708446,2026-03-03 02:46,KH689158451,SP3101
WC708447,2026-03-03 03:14,KH961969283,SP3225
WC708448,2026-03-03 05:50,kh546414853,SP3026
WC708449,2026-03-03 07:38,KH335623749,SP3152
WC708450,2026-03-03 09:02,KH335386407,SP3345
WC708451,2026-03-03 09:35,KH596788179,SP3009
WC708452,2026-03-03 10:19,KH860195938,SP3012
WC708453,2026-03-03 10:20,kh326617086,SP3115
WC708454,2026-03-03 12:30,KH781638172,SP3010
WC708455,2026-03-03 14:24,KH948130982,SP3047
WC708456,2026-03-03 14:50,KH227063250,SP3320
WC708457,2026-03-03 15:05,KH856453613,SP3228
WC708458,2026-03-03 16:05,KH601694756,SP3104
WC708459,2026-03-03 16:06,KH733337767,SP3343
WC708460,2026-03-03 16:13,KH317459347,SP3261
WC708461,2026-03-03 16:19, KH546091921,SP3246
WC708462,2026-03-03 17:31,KH400851316,SP3213
WC708463,2026-03-03 18:28,KH893218360,SP3273
WC708464,2026-03-03 18:31,kh385981134,SP3145
WC708465,2026-03-03 19:56,KH732558639,SP3016
WC708466,2026-03-03 20:23,KH227588571,SP3040
WC708467,2026-03-03 21:06,KH122634172,SP3271
WC708468,2026-03-04 01:06,KH694076603,SP3129
WC708469,2026-03-04 01:23,KH183477103,SP3351
WC708470,2026-03-04 01:33,KH299179616,SP3351
WC708471,2026-03-04 03:02, KH272068865,SP3114
WC708472,2026-03-04 04:02,KH782383772,SP3259
WC708473,2026-03-04 07:00,kh401469385,SP3086
WC708474,2026-03-04 07:24,KH-273837118,SP3049
WC708475,2026-03-04 09:39,KH992255460,SP3262
WC708476,2026-03-04 09:58, KH868366098,SP3072
WC708477,2026-03-04 10:40,KH569830321,SP3075
WC708478,2026-03-04 11:00,KH932599129,SP3135
WC708479,2026-03-04 12:00,KH726955982,SP3108
WC708480,2026-03-04 13:19,KH103667984,SP3310
WC708481,2026-03-04 13:57,KH393169483,SP3140
WC708482,2026-03-04 14:11,KH588028626,SP3275
WC708483,2026-03-04 15:43,kh255868846,SP3151
WC708484,2026-03-04 16:51,KH104647382,SP3193
WC708485,2026-03-04 17:35,kh245646307,SP3018
WC708486,2026-03-04 17:37,KH648456889,SP3168
WC708487,2026-03-04 20:16,KH666262794,SP3379
WC708488,2026-03-04 20:23,KH-421888276,SP3025
WC708489,2026-03-04 20:37,KH208126192,SP3317
WC708490,2026-03-04 21:42,kh301942498,SP3166
WC708491,2026-03-04 22:12,kh632918860,SP3178
WC708492,2026-03-04 23:13,KH456790171,SP3151
WC708493,2026-03-05 00:09,KH-678824833,SP3140
WC708494,2026-03-05 00:22,KH551510633,SP3217
WC708495,2026-03-05 00:58,KH759795680,SP3310
WC708496,2026-03-05 01:23,KH614586159,SP3083
WC708497,2026-03-05 01:41,KH947925160,SP3275
WC708498,2026-03-05 02:55,KH970753811,SP3119
WC708499,2026-03-05 03:08,kh132285882,SP3059
WC708500,2026-03-05 03:52,kh276624898,SP3152
WC708501,2026-03-05 04:53,kh903734083,SP3364
WC708502,2026-03-05 05:59,KH572537294,SP3315
WC708503,2026-03-05 06:52,kh785503317,SP3349
WC708504,2026-03-05 06:53, KH186992315,SP3143
WC708505,2026-03-05 07:08,kh896138615,SP3109
WC708506,2026-03-05 08:05,KH958125034,SP3028
WC708507,2026-03-05 10:03, KH220252787,SP3303
WC708508,2026-03-05 10:10,kh566927079,SP3246
WC708509,2026-03-05 10:39,KH814897419,SP3310
WC708510,2026-03-05 11:25,KH606451857,SP3098
WC708511,2026-03-05 14:39,KH227353282,SP3206
WC708512,2026-03-05 16:56,KH782473681,SP3260
WC708513,2026-03-05 18:07,KH-987363743,SP3182
WC708514,2026-03-05 18:50,KH390610238,SP3117
WC708515,2026-03-05 18:52,KH335170903,SP3098
WC708516,2026-03-05 19:32,KH317113810,SP3113
WC708517,2026-03-05 19:55,KH286096249,SP3159
WC708518,2026-03-05 20:10,KH345761901,SP3299
WC708519,2026-03-05 21:44,kh327573446,SP3237
WC708520,2026-03-06 01:28,KH194934485,SP3133
WC708521,2026-03-06 01:43,KH914418986,SP3077
WC708522,2026-03-06 02:05,kh843140944,SP3072
WC708523,2026-03-06 03:12,KH286818685,SP3204
WC708524,2026-03-06 03:24,KH339719743,SP3216
WC708525,2026-03-06 03:50,KH789261295,SP3009
WC708526,2026-03-06 07:42,KH588028626,SP3182
WC708527,2026-03-06 08:29,KH933976983,SP3289
WC708528,2026-03-06 08:44,KH377422166,SP3310
WC708529,2026-03-06 08:47,KH-118299531,SP3166
WC708530,2026-03-06 08:54,KH847789637,SP3018
WC708531,2026-03-06 09:14,KH647216650,SP3072
WC708532,2026-03-06 10:17,KH281848313,SP3315
WC708533,2026-03-06 11:56, KH541487682,SP3343
WC708534,2026-03-06 13:30,KH739613223,SP3053
WC708535,2026-03-06 13:37,KH877249280,SP3080
WC708536,2026-03-06 17:34,KH-155495380,SP3322
WC708537,2026-03-06 17:57,KH341543245,SP3289
WC708538,2026-03-06 18:09,KH581625082,SP3151
WC708539,2026-03-06 18:14, KH588256096,SP3248
WC708540,2026-03-06 20:08,KH844685861,SP3221
WC708541,2026-03-06 20:16,KH773412116,SP3003
WC708542,2026-03-06 21:12,KH690252409,SP3312
WC708543,2026-03-06 22:43,KH327653356,SP3352
WC708544,2026-03-06 23:42,KH627689144,SP3368
WC708545,2026-03-07 02:43,KH171454462,SP3097
WC708546,2026-03-07 03:14,kh622710469,SP3021
WC708547,2026-03-07 03:42,KH884101087,SP3362
WC708548,2026-03-07 06:23,KH540620254,SP3179
WC708549,2026-03-07 06:38,KH-955464944,SP3200
WC708550,2026-03-07 10:39,KH918165673,SP3127
WC708551,2026-03-07 10:53,kh296352186,SP3005
WC708552,2026-03-07 11:54,KH693546723,SP3302
WC708553,2026-03-07 11:55,KH-209640905,SP3001
WC708554,2026-03-07 12:18,kh399996841,SP3232
WC708555,2026-03-07 13:16, KH577058892,SP3106
WC708556,2026-03-07 13:23,KH970143394,SP3285
WC708557,2026-03-07 13:45, KH665385920,SP3122
WC708558,2026-03-07 15:31,KH-178770617,SP3251
WC708559,2026-03-07 15:41,KH182416956,SP3162
WC708560,2026-03-07 16:00,KH315078255,SP3356
WC708561,2026-03-07 16:24,KH481040761,SP3176
WC708562,2026-03-07 16:28,KH141564462,SP3040
WC708563,2026-03-07 17:34,KH116388874,SP3068
WC708564,2026-03-07 18:48,kh414422718,SP3175
WC708565,2026-03-07 20:38,kh600701648,SP3329
WC708566,2026-03-07 20:51, KH943049214,SP3155
WC708567,2026-03-07 21:01,KH291530029,SP3194
WC708568,2026-03-07 21:02,KH730756551,SP3250
WC708569,2026-03-07 22:44,kh129432917,SP3309
WC708570,2026-03-07 23:03,KH675261298,SP3193
WC708571,2026-03-07 23:57,KH224062946,SP3352
WC708572,2026-03-08 00:40,kh318034207,SP3129
WC708573,2026-03-08 00:47,KH250237228,SP3117
WC708574,2026-03-08 01:00, KH526641242,SP3322
WC708575,2026-03-08 02:33,KH817698749,SP3050
WC708576,2026-03-08 03:52,KH833398999,SP3106
WC708577,2026-03-08 04:25,KH275960613,SP3173
WC708578,2026-03-08 06:48,KH294414056,SP3035
WC708579,2026-03-08 10:38,KH460207123,SP3018
WC708580,2026-03-08 10:59,KH-400651670,SP3216
WC708581,2026-03-08 11:30,KH-205677745,SP3050
WC708582,2026-03-08 12:16,KH882568769,SP3088
WC708583,2026-03-08 12:58,KH523256408,SP3201
WC708584,2026-03-08 13:43,KH938800251,SP3354
WC708585,2026-03-08 13:43,KH275627719,SP3003
WC708586,2026-03-08 15:05,KH923408516,SP3092
WC708587,2026-03-08 18:59,KH116298033,SP3129
WC708588,2026-03-08 19:03,KH753894810,SP3374
WC708589,2026-03-08 19:51,KH482207983,SP3314
WC708590,2026-03-08 20:52,KH-362126602,SP3297
WC708591,2026-03-08 21:32,KH998804208,SP3319
WC708592,2026-03-08 21:53,KH-614008519,SP3117
WC708593,2026-03-08 23:55,KH846648377,SP3359
WC708594,2026-03-09 02:47,KH807001023,SP3067
WC708595,2026-03-09 03:03,KH355142988,SP3271
WC708596,2026-03-09 05:16,KH-852511937,SP3220
WC708597,2026-03-09 05:56,KH238161295,SP3076
WC708598,2026-03-09 08:39,KH815714223,SP3111
WC708599,2026-03-09 09:26,KH-510254641,SP3177
WC708600,2026-03-09 09:39,KH-284954469,SP3274
WC708601,2026-03-09 09:41,KH196372480,SP3009
WC708602,2026-03-09 10:41,KH-204097722,SP3100
WC708603,2026-03-09 11:09,KH715181537,SP3339
WC708604,2026-03-09 11:55,KH988507621,SP3250
WC708605,2026-03-09 12:43,kh187246831,SP3050
WC708606,2026-03-09 14:43,kh746136072,SP3151
WC708607,2026-03-09 14:56,kh593044544,SP3193
WC708608,2026-03-09 15:22,kh813271956,SP3065
WC708609,2026-03-09 15:23,KH461323211,SP3110
WC708610,2026-03-09 15:52,KH823419638,SP3263
WC708611,2026-03-09 16:23,KH932459980,SP3193
WC708612,2026-03-09 18:18,KH197750108,SP3296
WC708613,2026-03-09 18:23,KH613991060,SP3210
WC708614,2026-03-09 21:07,KH359190211,SP3034
WC708615,2026-03-09 21:43,KH637344860,SP3044
WC708616,2026-03-09 22:17,KH128355188,SP3297
WC708617,2026-03-09 22:38, KH635812301,SP3216
WC708618,2026-03-09 23:02,KH944633009,SP3304
WC708619,2026-03-10 00:56,KH-808736312,SP3077
WC708620,2026-03-10 01:03,KH254968783,SP3115
WC708621,2026-03-10 02:13, KH453559105,SP3134
WC708622,2026-03-10 06:31,kh750389999,SP3020
WC708623,2026-03-10 06:33,KH461147839,SP3232
WC708624,2026-03-10 08:03,KH228720796,SP3348
WC708625,2026-03-10 08:24,KH521387418,SP3343
WC708626,2026-03-10 10:45,KH187972575,SP3221
WC708627,2026-03-10 11:17,KH359203510,SP3086
WC708628,2026-03-10 11:22,kh463831826,SP3140
WC708629,2026-03-10 12:22,KH408310169,SP3074
WC708630,2026-03-10 12:23,KH704599905,SP3142
WC708631,2026-03-10 14:17,KH700780335,SP3141
WC708632,2026-03-10 14:26,KH192098457,SP3250
WC708633,2026-03-10 15:36,KH893050555,SP3144
WC708634,2026-03-10 16:10,KH777552057,SP3232
WC708635,2026-03-10 16:13,KH440610804,SP3282
WC708636,2026-03-10 17:11, KH994661749,SP3140
WC708637,2026-03-10 17:52,KH-609337281,SP3245
WC708638,2026-03-10 18:25,KH156961399,SP3042
WC708639,2026-03-10 18:33,KH517806956,SP3075
WC708640,2026-03-10 18:42,KH140910962,SP3317
WC708641,2026-03-10 19:54,KH479144041,SP3058
WC708642,2026-03-10 21:24,KH526714739,SP3314
WC708643,2026-03-10 21:26,KH676962448,SP3111
WC708644,2026-03-10 22:21,KH515769014,SP3145
WC708645,2026-03-11 02:20,KH734606245,SP3188
WC708646,2026-03-11 02:39,KH-717708480,SP3146
WC708647,2026-03-11 03:51,KH999721703,SP3084
WC708648,2026-03-11 05:43,KH418917676,SP3228
WC708649,2026-03-11 08:04,KH735998426,SP3288
WC708650,2026-03-11 08:48,KH147872192,SP3121
WC708651,2026-03-11 09:04,KH296629064,SP3265
WC708652,2026-03-11 09:08,KH320818770,SP3232
WC708653,2026-03-11 09:24,kh658395170,SP3146
WC708654,2026-03-11 11:37,KH769691726,SP3002
WC708655,2026-03-11 13:36,KH276733457,SP3205
WC708656,2026-03-11 14:46,KH779823038,SP3053
WC708657,2026-03-11 15:11,KH116056428,SP3180
WC708658,2026-03-11 19:07,kh664992966,SP3132
WC708659,2026-03-11 19:20,KH969611990,SP3070
WC708660,2026-03-11 20:26,KH439620594,SP3281
WC708661,2026-03-11 21:01,kh737636248,SP3026
WC708662,2026-03-11 21:08,KH999571288,SP3137
WC708663,2026-03-11 21:37,KH610031879,SP3378
WC708664,2026-03-11 22:55,KH734802848,SP3158
WC708665,2026-03-11 23:48,KH-747099593,SP3220
WC708666,2026-03-12 01:22,KH153182557,SP3189
WC708667,2026-03-12 02:45,KH509452081,SP3237
WC708668,2026-03-12 04:44,KH208837026,SP3260
WC708669,2026-03-12 04:54,KH311607978,SP3147
WC708670,2026-03-12 06:00, KH762876613,SP3104
WC708671,2026-03-12 06:45,KH422160391,SP3297
WC708672,2026-03-12 06:50, KH379666429,SP3058
WC708673,2026-03-12 07:20,KH331782278,SP3087
WC708674,2026-03-12 07:23,KH295223538,SP3342
WC708675,2026-03-12 11:02,KH169382443,SP3349
WC708676,2026-03-12 13:25,KH281445391,SP3039
WC708677,2026-03-12 13:32,KH241267152,SP3251
WC708678,2026-03-12 13:47,KH970143394,SP3359
WC708679,2026-03-12 15:04,KH-157626081,SP3155
WC708680,2026-03-12 16:11,KH378702766,SP3198
WC708681,2026-03-12 16:21,KH796107999,SP3181
WC708682,2026-03-12 16:41,KH484075424,SP3358
WC708683,2026-03-12 16:50,KH353505432,SP3084
WC708684,2026-03-12 17:40, KH161539236,SP3220
WC708685,2026-03-12 17:55,KH-986632857,SP3251
WC708686,2026-03-12 18:18, KH181205243,SP3293
WC708687,2026-03-12 20:59,KH991584678,SP3129
WC708688,2026-03-12 21:49,KH359190211,SP3143
WC708689,2026-03-12 22:23,KH635991079,SP3285
WC708690,2026-03-12 22:38, KH396095424,SP3260
WC708691,2026-03-12 22:44,KH245474619,SP3187
WC708692,2026-03-12 23:52,KH997783894,SP3371
WC708693,2026-03-13 00:09,KH152508863,SP3345
WC708694,2026-03-13 00:15,KH870678869,SP3109
WC708695,2026-03-13 00:55,KH-221605399,SP3355
WC708696,2026-03-13 01:23, KH140598473,SP3041
WC708697,2026-03-13 02:38,KH-878641310,SP3074
WC708698,2026-03-13 03:20,kh238346289,SP3232
WC708699,2026-03-13 04:11,KH421595820,SP3129
WC708700,2026-03-13 04:58,KH-877947263,SP3267
WC708701,2026-03-13 05:25,kh917952951,SP3014
WC708702,2026-03-13 06:14,KH210491787,SP3137
WC708703,2026-03-13 06:56,kh262911629,SP3019
WC708704,2026-03-13 07:02,kh683954167,SP3111
WC708705,2026-03-13 08:08,KH917851234,SP3180
WC708706,2026-03-13 09:42,KH581552119,SP3042
WC708707,2026-03-13 10:32,KH489490187,SP3343
WC708708,2026-03-13 13:19,KH198418343,SP3069
WC708709,2026-03-13 13:50,KH235302499,SP3190
WC708710,2026-03-13 14:33,KH529865849,SP3365
WC708711,2026-03-13 14:55,KH534590569,SP3051
WC708712,2026-03-13 15:13,KH140598473,SP3074
WC708713,2026-03-13 15:19,KH297848686,SP3177
WC708714,2026-03-13 15:42,kh910870371,SP3339
WC708715,2026-03-13 21:24,KH-118878241,SP3153
WC708716,2026-03-13 22:21,KH409514242,SP3109
WC708717,2026-03-14 00:35,KH515023905,SP3312
WC708718,2026-03-14 00:41,KH453734803,SP3237
WC708719,2026-03-14 01:10, KH276143729,SP3302
WC708720,2026-03-14 04:28,KH843536729,SP3209
WC708721,2026-03-14 07:31,KH502586923,SP3221
WC708722,2026-03-14 07:47, KH429164533,SP3002
WC708723,2026-03-14 12:57,kh732846395,SP3115
WC708724,2026-03-14 13:09, KH336801386,SP3278
WC708725,2026-03-14 14:40,kh271058238,SP3057
WC708726,2026-03-14 14:42,KH662378058,SP3210
WC708727,2026-03-14 14:55,KH332081203,SP3198
WC708728,2026-03-14 15:41,kh591425092,SP3334
WC708729,2026-03-14 16:48,KH565890275,SP3278
WC708730,2026-03-14 16:55,KH502074862,SP3359
WC708731,2026-03-14 19:26,KH528632004,SP3138
WC708732,2026-03-14 19:38,KH770395271,SP3297
WC708733,2026-03-14 22:17,KH263561066,SP3040
WC708734,2026-03-14 22:20,KH560729165,SP3342
WC708735,2026-03-15 00:33,KH280134810,SP3314
WC708736,2026-03-15 01:14,KH226781658,SP3244
WC708737,2026-03-15 02:33,KH583406718,SP3166
WC708738,2026-03-15 03:35,KH823868806,SP3261
WC708739,2026-03-15 03:47,KH787424073,SP3197
WC708740,2026-03-15 04:25,KH980937534,SP3356
WC708741,2026-03-15 05:17,KH467748486,SP3066
WC708742,2026-03-15 06:38,KH-412058398,SP3069
WC708743,2026-03-15 08:32,KH869773311,SP3228
WC708744,2026-03-15 12:41,KH263863285,SP3162
WC708745,2026-03-15 13:54,KH941972928,SP3059
WC708746,2026-03-15 15:23,KH285400548,SP3051
WC708747,2026-03-15 15:26,KH370881273,SP3018
WC708748,2026-03-15 19:20,KH-435524005,SP3147
WC708749,2026-03-15 19:28,KH915969129,SP3045
WC708750,2026-03-15 19:46, KH345008860,SP3154
WC708751,2026-03-15 20:21,KH614923143,SP3102
WC708752,2026-03-15 20:41,KH997103415,SP3019
WC708753,2026-03-15 20:49,KH909061191,SP3368
WC708754,2026-03-15 21:22,KH889041072,SP3333
WC708755,2026-03-15 22:32,KH446144503,SP3137
WC708756,2026-03-15 22:52,KH833398999,SP3005
WC708757,2026-03-16 00:47,KH867247081,SP3366
WC708758,2026-03-16 00:58,kh597234247,SP3246
WC708759,2026-03-16 00:59,kh473219557,SP3096
WC708760,2026-03-16 02:39,KH145989628,SP3282
WC708761,2026-03-16 03:26,KH-379615762,SP3004
WC708762,2026-03-16 04:04,KH772498239,SP3352
WC708763,2026-03-16 06:54,kh439855835,SP3087
WC708764,2026-03-16 07:32, KH934245216,SP3374
WC708765,2026-03-16 08:38,KH-894484200,SP3026
WC708766,2026-03-16 08:46,kh352665327,SP3007
WC708767,2026-03-16 09:04,KH261947633,SP3306
WC708768,2026-03-16 09:54,KH241174460,SP3002
WC708769,2026-03-16 10:37, KH559680580,SP3301
WC708770,2026-03-16 11:37,KH672847026,SP3277
WC708771,2026-03-16 11:42,kh462851083,SP3033
WC708772,2026-03-16 14:07,KH463290089,SP3068
WC708773,2026-03-16 15:07,KH771830905,SP3368
WC708774,2026-03-16 16:37,KH-201881485,SP3048
WC708775,2026-03-16 18:33,KH578029716,SP3070
WC708776,2026-03-16 18:40,KH282573542,SP3131
WC708777,2026-03-16 19:13,KH827267716,SP3234
WC708778,2026-03-16 20:42,KH258188151,SP3086
WC708779,2026-03-16 20:56,KH820461375,SP3323
WC708780,2026-03-16 22:42,KH934083170,SP3177
WC708781,2026-03-16 22:50,KH350307170,SP3180
WC708782,2026-03-16 23:17,KH982395239,SP3160
WC708783,2026-03-17 00:35,KH623343549,SP3225
WC708784,2026-03-17 01:00,KH871740042,SP3004
WC708785,2026-03-17 01:07,KH780960811,SP3030
WC708786,2026-03-17 01:09,KH936408122,SP3100
WC708787,2026-03-17 01:36,KH414422718,SP3367
WC708788,2026-03-17 01:54,KH278145139,SP3050
WC708789,2026-03-17 04:48,KH145306018,SP3258
WC708790,2026-03-17 05:46,KH447291215,SP3171
WC708791,2026-03-17 07:42,KH508309247,SP3257
WC708792,2026-03-17 09:48,KH334343339,SP3365
WC708793,2026-03-17 10:03,KH537695072,SP3315
WC708794,2026-03-17 11:31,KH111514452,SP3333
WC708795,2026-03-17 12:05, KH996357966,SP3045
WC708796,2026-03-17 16:52,KH108362650,SP3221
WC708797,2026-03-17 17:05,KH-372367022,SP3121
WC708798,2026-03-17 17:18,KH357917202,SP3295
WC708799,2026-03-17 18:35,kh962038045,SP3202
WC708800,2026-03-17 18:37,kh579773392,SP3369
WC708801,2026-03-17 20:25,kh242559978,SP3186
WC708802,2026-03-18 03:13,KH515612466,SP3146
WC708803,2026-03-18 03:48,kh960984286,SP3321
WC708804,2026-03-18 04:55,KH604060914,SP3160
WC708805,2026-03-18 05:58,KH925881090,SP3332
WC708806,2026-03-18 06:25,KH904468068,SP3065
WC708807,2026-03-18 07:06,KH-491115021,SP3377
WC708808,2026-03-18 07:13,kh520271781,SP3022
WC708809,2026-03-18 07:33,KH529756394,SP3102
WC708810,2026-03-18 08:59,KH577124038,SP3339
WC708811,2026-03-18 10:38,KH638019310,SP3115
WC708812,2026-03-18 12:15,KH863816591,SP3082
WC708813,2026-03-18 14:49,KH148945470,SP3158
WC708814,2026-03-18 15:03,KH760234185,SP3048
WC708815,2026-03-18 16:06,KH717184857,SP3025
WC708816,2026-03-18 20:28,KH593053229,SP3165
WC708817,2026-03-18 20:54,KH591108253,SP3129
WC708818,2026-03-18 21:17,kh988507621,SP3018
WC708819,2026-03-18 21:33,KH718009019,SP3057
WC708820,2026-03-18 21:52,KH833222589,SP3168
WC708821,2026-03-18 21:54,KH694846397,SP3096
WC708822,2026-03-18 22:55,KH800624371,SP3240
WC708823,2026-03-19 01:47,KH775135622,SP3130
WC708824,2026-03-19 01:55,KH355758477,SP3012
WC708825,2026-03-19 02:01,KH362230706,SP3200
WC708826,2026-03-19 02:41,KH677161178,SP3025
WC708827,2026-03-19 04:19,KH624448869,SP3250
WC708828,2026-03-19 06:11,KH205237236,SP3217
WC708829,2026-03-19 06:52,KH235302499,SP3138
WC708830,2026-03-19 07:27,KH351364395,SP3072
WC708831,2026-03-19 07:57,KH742086222,SP3254
WC708832,2026-03-19 09:08,KH848562399,SP3318
WC708833,2026-03-19 09:54,KH645399077,SP3185
WC708834,2026-03-19 10:14,kh986382618,SP3220
WC708835,2026-03-19 10:19,KH192481098,SP3021
WC708836,2026-03-19 12:51,KH578101567,SP3147
WC708837,2026-03-19 13:54,KH530643157,SP3001
WC708838,2026-03-19 14:30,KH653771432,SP3121
WC708839,2026-03-19 14:49,KH501064154,SP3314
WC708840,2026-03-19 16:06,KH473051996,SP3231
WC708841,2026-03-19 16:13,KH-313864677,SP3131
WC708842,2026-03-19 18:41,KH354567193,SP3002
WC708843,2026-03-19 18:51,KH-941073746,SP3019
WC708844,2026-03-19 20:41,KH741249341,SP3332
WC708845,2026-03-19 20:43,KH-999294986,SP3254
WC708846,2026-03-19 22:47,kh844488459,SP3379
WC708847,2026-03-19 22:59,KH482865649,SP3035
WC708848,2026-03-19 23:15,KH454176560,SP3247
WC708849,2026-03-19 23:52,KH-598948738,SP3217
WC708850,2026-03-19 23:56,KH620073726,SP3025
WC708851,2026-03-19 23:58,kh153895599,SP3012
WC708852,2026-03-20 02:08,KH645074541,SP3130
WC708853,2026-03-20 04:45, KH626021778,SP3319
WC708854,2026-03-20 05:07,KH485116112,SP3130
WC708855,2026-03-20 05:50,KH610666562,SP3031
WC708856,2026-03-20 06:08,KH569685239,SP3010
WC708857,2026-03-20 07:29,KH531914846,SP3222
WC708858,2026-03-20 07:56,KH485347807,SP3265
WC708859,2026-03-20 08:06,KH364104205,SP3185
WC708860,2026-03-20 09:14,KH806091187,SP3160
WC708861,2026-03-20 10:12,KH982849724,SP3260
WC708862,2026-03-20 11:44,KH844457017,SP3122
WC708863,2026-03-20 12:21, KH863576667,SP3199
WC708864,2026-03-20 13:09,KH643392389,SP3133
WC708865,2026-03-20 13:46,KH495006081,SP3041
WC708866,2026-03-20 15:00,kh314126970,SP3070
WC708867,2026-03-20 15:53,KH300015070,SP3291
WC708868,2026-03-20 16:44,KH655587598,SP3019
WC708869,2026-03-20 21:15,KH819123150,SP3232
WC708870,2026-03-20 22:12,KH461973743,SP3033
WC708871,2026-03-20 22:13,KH585438424,SP3001
WC708872,2026-03-20 23:42,KH278390864,SP3038
WC708873,2026-03-21 00:22,KH484124026,SP3084
WC708874,2026-03-21 00:30,KH121174409,SP3127
WC708875,2026-03-21 00:43,KH670535383,SP3274
WC708876,2026-03-21 02:54,KH501241159,SP3363
WC708877,2026-03-21 03:20,kh202236865,SP3272
WC708878,2026-03-21 06:28,KH993335827,SP3110
WC708879,2026-03-21 07:12,KH204686819,SP3278
WC708880,2026-03-21 07:23,KH383694611,SP3247
WC708881,2026-03-21 09:09,KH883568567,SP3209
WC708882,2026-03-21 10:16,KH165988029,SP3044
WC708883,2026-03-21 13:08,KH730371317,SP3246
WC708884,2026-03-21 13:36,KH428718345,SP3274
WC708885,2026-03-21 13:37,KH-471391141,SP3355
WC708886,2026-03-21 13:57,KH720328692,SP3205
WC708887,2026-03-21 15:06,KH852797389,SP3160
WC708888,2026-03-21 15:52,KH390368118,SP3028
WC708889,2026-03-21 16:17,KH854910508,SP3376
WC708890,2026-03-21 18:53,KH503839569,SP3104
WC708891,2026-03-21 19:19,kh103705706,SP3182
WC708892,2026-03-21 19:21,KH354399804,SP3138
WC708893,2026-03-21 20:52,kh536673574,SP3327
WC708894,2026-03-21 23:14,KH778453927,SP3262
WC708895,2026-03-21 23:17,kh163110398,SP3164
WC708896,2026-03-22 00:22,KH515780853,SP3098
WC708897,2026-03-22 01:43,KH352457488,SP3327
WC708898,2026-03-22 03:37,KH-103810045,SP3377
WC708899,2026-03-22 04:32,KH266691693,SP3259
WC708900,2026-03-22 06:25,KH186555123,SP3363
WC708901,2026-03-22 07:05,KH181325574,SP3048
WC708902,2026-03-22 08:02,kh712274839,SP3134
WC708903,2026-03-22 10:13,KH565434978,SP3120
WC708904,2026-03-22 11:54,KH-616418427,SP3033
WC708905,2026-03-22 12:08,KH591108253,SP3083
WC708906,2026-03-22 12:33,KH827706193,SP3017
WC708907,2026-03-22 12:41,KH346252544,SP3352
WC708908,2026-03-22 13:43,KH786098776,SP3075
WC708909,2026-03-22 13:59,KH641394710,SP3029
WC708910,2026-03-22 15:24,KH-216570846,SP3318
WC708911,2026-03-22 15:40,KH352998187,SP3066
WC708912,2026-03-22 16:38,KH714785416,SP3088
WC708913,2026-03-22 20:38,KH692964366,SP3188
WC708914,2026-03-22 22:16, KH849720089,SP3318
WC708915,2026-03-22 22:39,KH422160391,SP3232
WC708916,2026-03-22 22:57,KH-750600867,SP3330
WC708917,2026-03-22 23:05, KH974343793,SP3040
WC708918,2026-03-22 23:26,KH757727514,SP3266
WC708919,2026-03-23 00:48,KH146080912,SP3262
WC708920,2026-03-23 04:03,kh579017007,SP3143
WC708921,2026-03-23 05:33, KH726566255,SP3314
WC708922,2026-03-23 05:37,kh703058863,SP3157
WC708923,2026-03-23 05:43,KH335046228,SP3083
WC708924,2026-03-23 05:49, KH491115021,SP3277
WC708925,2026-03-23 07:39,KH872019063,SP3354
WC708926,2026-03-23 10:18,KH445541160,SP3314
WC708927,2026-03-23 11:06,KH786773216,SP3227
WC708928,2026-03-23 12:14,KH473219557,SP3115
WC708929,2026-03-23 12:47, KH761584153,SP3160
WC708930,2026-03-23 14:31,KH665626174,SP3306
WC708931,2026-03-23 14:52,KH128132346,SP3330
WC708932,2026-03-23 15:45,kh996028399,SP3068
WC708933,2026-03-23 17:22,KH894617396,SP3143
WC708934,2026-03-23 22:27,KH707612721,SP3079
WC708935,2026-03-23 23:28,KH578321663,SP3008
WC708936,2026-03-24 00:56,KH-418753906,SP3188
WC708937,2026-03-24 01:25,kh417238802,SP3341
WC708938,2026-03-24 04:34,KH-272430598,SP3141
WC708939,2026-03-24 05:31,kh163449301,SP3069
WC708940,2026-03-24 06:05,KH670962648,SP3043
WC708941,2026-03-24 06:58,KH246560517,SP3292
WC708942,2026-03-24 07:33,KH849088927,SP3303
WC708943,2026-03-24 09:15,KH-272703776,SP3202
WC708944,2026-03-24 11:51,KH-624933365,SP3131
WC708945,2026-03-24 12:39,KH190214626,SP3158
WC708946,2026-03-24 12:41,kh448275453,SP3130
WC708947,2026-03-24 13:11, KH703915963,SP3318
WC708948,2026-03-24 14:18,KH428153776,SP3281
WC708949,2026-03-24 14:32,KH939100802,SP3368
WC708950,2026-03-24 14:47,KH206006680,SP3117
WC708951,2026-03-24 15:00,KH993726498,SP3108
WC708952,2026-03-24 16:24,KH-334561748,SP3022
WC708953,2026-03-24 16:59,KH375316965,SP3238
WC708954,2026-03-24 17:55,KH-131570997,SP3308
WC708955,2026-03-24 18:16, KH788333122,SP3318
WC708956,2026-03-24 18:37,KH695715189,SP3323
WC708957,2026-03-24 20:39,KH879033782,SP3121
WC708958,2026-03-24 20:50,KH568293637,SP3187
WC708959,2026-03-24 22:07,KH465224373,SP3056
WC708960,2026-03-24 22:29,KH253511890,SP3045
WC708961,2026-03-24 23:03,kh897569457,SP3162
WC708962,2026-03-25 01:03,KH630521626,SP3193
WC708963,2026-03-25 01:06,KH851883285,SP3204
WC708964,2026-03-25 01:47,KH701657715,SP3228
WC708965,2026-03-25 03:01,kh427062972,SP3064
WC708966,2026-03-25 05:21,KH404837902,SP3237
WC708967,2026-03-25 06:34,KH860495380,SP3140
WC708968,2026-03-25 07:30,KH102052811,SP3027
WC708969,2026-03-25 08:18,KH102005255,SP3072
WC708970,2026-03-25 09:44,KH-156127759,SP3331
WC708971,2026-03-25 10:11,KH180554930,SP3164
WC708972,2026-03-25 10:24,KH326070332,SP3201
WC708973,2026-03-25 12:35,KH950412692,SP3196
WC708974,2026-03-25 13:19,KH692275887,SP3368
WC708975,2026-03-25 14:08,kh833551394,SP3066
WC708976,2026-03-25 14:57,KH635334590,SP3374
WC708977,2026-03-25 17:33,KH890432380,SP3280
WC708978,2026-03-25 19:14,KH872064396,SP3363
WC708979,2026-03-25 19:28,KH-514250386,SP3246
WC708980,2026-03-25 20:09,KH117694411,SP3122
WC708981,2026-03-25 23:57,KH244025691,SP3162
WC708982,2026-03-26 02:30,KH791339389,SP3023
WC708983,2026-03-26 02:48,KH431095301,SP3337
WC708984,2026-03-26 04:02,KH792140451,SP3116
WC708985,2026-03-26 04:07,KH811402897,SP3104
WC708986,2026-03-26 04:31,kh581537243,SP3199
WC708987,2026-03-26 04:32, KH780424541,SP3097
WC708988,2026-03-26 05:48,KH684799130,SP3321
WC708989,2026-03-26 06:21, KH589091218,SP3044
WC708990,2026-03-26 06:22,KH559469573,SP3119
WC708991,2026-03-26 07:02,KH438143843,SP3321
WC708992,2026-03-26 08:13,KH201854119,SP3285
WC708993,2026-03-26 08:15,KH218367353,SP3228
WC708994,2026-03-26 08:22,KH160155719,SP3220
WC708995,2026-03-26 10:07,KH542860368,SP3274
WC708996,2026-03-26 10:29,KH946326370,SP3305
WC708997,2026-03-26 11:19,KH822620880,SP3356
WC708998,2026-03-26 11:49,KH179227297,SP3165
WC708999,2026-03-26 11:59,KH633573895,SP3273
WC709000,2026-03-26 12:07,kh290730462,SP3212
WC709001,2026-03-26 12:19,KH497427225,SP3299
WC709002,2026-03-26 12:22,KH756236878,SP3131
WC709003,2026-03-26 12:37,KH662350815,SP3097
WC709004,2026-03-26 13:01,KH-393036960,SP3340
WC709005,2026-03-26 13:58,KH888874064,SP3014
WC709006,2026-03-26 14:13,KH932870976,SP3318
WC709007,2026-03-26 15:07, KH936553022,SP3224
WC709008,2026-03-26 15:15,KH-515023905,SP3212
WC709009,2026-03-26 16:19,KH399818644,SP3094
WC709010,2026-03-26 16:46,KH299181653,SP3293
WC709011,2026-03-26 17:09,KH477274984,SP3269
WC709012,2026-03-26 17:29,KH122316282,SP3341
WC709013,2026-03-26 20:13,KH815799027,SP3174
WC709014,2026-03-26 20:21,KH236180152,SP3205
WC709015,2026-03-26 20:33,KH592646864,SP3205
WC709016,2026-03-26 21:37, KH462196566,SP3112
WC709017,2026-03-26 21:41,KH956693418,SP3318
WC709018,2026-03-26 23:24,KH285673748,SP3048
WC709019,2026-03-27 01:29,KH428919591,SP3240
WC709020,2026-03-27 03:59,KH348406281,SP3352
WC709021,2026-03-27 04:07,KH476620547,SP3061
WC709022,2026-03-27 04:23,KH-686122934,SP3243
WC709023,2026-03-27 04:36,KH730000730,SP3213
WC709024,2026-03-27 04:45,KH208883667,SP3051
WC709025,2026-03-27 05:03,KH551826158,SP3135
WC709026,2026-03-27 05:14,KH560928591,SP3083
WC709027,2026-03-27 05:15,kh805275892,SP3220
WC709028,2026-03-27 05:19, KH366500268,SP3136
WC709029,2026-03-27 05:32,kh549940116,SP3282
WC709030,2026-03-27 06:17,KH869773311,SP3267
WC709031,2026-03-27 08:03,KH765417054,SP3324
WC709032,2026-03-27 08:36,KH366517078,SP3061
WC709033,2026-03-27 09:06, KH504990449,SP3056
WC709034,2026-03-27 09:25,KH886333871,SP3046
WC709035,2026-03-27 10:19,KH649457477,SP3143
WC709036,2026-03-27 10:31,KH453892581,SP3206
WC709037,2026-03-27 12:02, KH284894178,SP3079
WC709038,2026-03-27 14:48,KH236223606,SP3222
WC709039,2026-03-27 16:06,KH634721077,SP3297
WC709040,2026-03-27 18:32,KH-688454910,SP3377
WC709041,2026-03-27 18:34,KH773350115,SP3327
WC709042,2026-03-27 19:20,KH629518390,SP3259
WC709043,2026-03-27 22:56,KH162115891,SP3113
WC709044,2026-03-28 00:10,KH983312148,SP3073
WC709045,2026-03-28 00:38,KH290315629,SP3367
WC709046,2026-03-28 00:56,kh685905784,SP3306
WC709047,2026-03-28 01:09,KH272612398,SP3036
WC709048,2026-03-28 02:29,KH679794347,SP3342
WC709049,2026-03-28 05:32,KH549796079,SP3253
WC709050,2026-03-28 08:29,KH884839723,SP3197
WC709051,2026-03-28 08:50,KH205359007,SP3157
WC709052,2026-03-28 10:07,KH221605399,SP3074
WC709053,2026-03-28 10:29,KH504327742,SP3052
WC709054,2026-03-28 10:40,KH458362785,SP3293
WC709055,2026-03-28 11:00,KH301290317,SP3181
WC709056,2026-03-28 12:03,kh736564514,SP3201
WC709057,2026-03-28 16:08,KH803879335,SP3130
WC709058,2026-03-28 16:46,KH288227417,SP3143
WC709059,2026-03-28 16:53,KH439275561,SP3365
WC709060,2026-03-28 17:54,KH596255112,SP3127
WC709061,2026-03-28 20:45,KH406511717,SP3228
WC709062,2026-03-28 21:05,kh775172587,SP3125
WC709063,2026-03-28 21:32,KH210945845,SP3272
WC709064,2026-03-28 21:40,KH147872192,SP3323
WC709065,2026-03-28 23:10,KH953519564,SP3358
WC709066,2026-03-28 23:31,KH585477479,SP3114
WC709067,2026-03-29 00:00,KH263863285,SP3289
WC709068,2026-03-29 03:20,KH235314897,SP3157
WC709069,2026-03-29 06:27,kh961969283,SP3225
WC709070,2026-03-29 06:54,KH256697451,SP3245
WC709071,2026-03-29 07:16,KH789973423,SP3260
WC709072,2026-03-29 07:54,kh536577578,SP3157
WC709073,2026-03-29 08:36,kh410099576,SP3214
WC709074,2026-03-29 08:43,KH558988409,SP3055
WC709075,2026-03-29 09:32, KH625627252,SP3200
WC709076,2026-03-29 09:49,KH367697475,SP3234
WC709077,2026-03-29 13:32,KH399236356,SP3140
WC709078,2026-03-29 16:41,KH859859260,SP3127
WC709079,2026-03-29 16:52,KH335217093,SP3199
WC709080,2026-03-29 17:25,KH798611640,SP3079
WC709081,2026-03-29 19:51,kh541487682,SP3312
WC709082,2026-03-29 21:02,KH196372480,SP3318
WC709083,2026-03-29 21:19,KH867626212,SP3242
WC709084,2026-03-29 22:01, KH559303280,SP3213
WC709085,2026-03-29 23:41,KH413253725,SP3129
WC709086,2026-03-29 23:43,kh529452938,SP3164
WC709087,2026-03-29 23:51,KH672944925,SP3328
WC709088,2026-03-30 01:03,KH695715189,SP3376
WC709089,2026-03-30 01:17,kh100239674,SP3325
WC709090,2026-03-30 02:04,KH211663387,SP3352
WC709091,2026-03-30 02:18,KH832349115,SP3166
WC709092,2026-03-30 02:21,KH180613070,SP3360
WC709093,2026-03-30 04:28,KH959334219,SP3211
WC709094,2026-03-30 05:16,KH558228078,SP3003
WC709095,2026-03-30 06:04,KH147944439,SP3199
WC709096,2026-03-30 07:20,KH665626174,SP3144
WC709097,2026-03-30 08:34,kh491672382,SP3205
WC709098,2026-03-30 09:19,KH-956365828,SP3084
WC709099,2026-03-30 09:34,KH917070881,SP3079
WC709100,2026-03-30 09:39,KH243391108,SP3035
WC709101,2026-03-30 09:58,KH944144442,SP3187
WC709102,2026-03-30 10:07,KH189734622,SP3178
WC709103,2026-03-30 11:30,KH592423553,SP3200
WC709104,2026-03-30 11:41,KH212359179,SP3112
WC709105,2026-03-30 12:29,KH114726571,SP3354
WC709106,2026-03-30 12:53,KH-907557147,SP3351
WC709107,2026-03-30 14:11,KH482475455,SP3108
WC709108,2026-03-30 17:37, KH636962764,SP3218
WC709109,2026-03-30 19:32,KH634016152,SP3028
WC709110,2026-03-30 20:35,KH757727514,SP3298
WC709111,2026-03-30 20:38,kh895415888,SP3215
WC709112,2026-03-30 23:31,KH409514242,SP3248
WC709113,2026-03-30 23:59, KH773933718,SP3365
WC709114,2026-03-31 00:50,KH776333186,SP3239
WC709115,2026-03-31 01:13,KH101122950,SP3350
WC709116,2026-03-31 01:35,KH801109736,SP3348
WC709117,2026-03-31 01:53,KH264845893,SP3340
WC709118,2026-03-31 04:39,KH668019763,SP3278
WC709119,2026-03-31 04:44,kh989336846,SP3188
WC709120,2026-03-31 04:58,kh186809426,SP3249
WC709121,2026-03-31 06:11,KH143228176,SP3220
WC709122,2026-03-31 06:49,KH557352365,SP3064
WC709123,2026-03-31 07:52,KH782372065,SP3056
WC709124,2026-03-31 08:51,KH229360547,SP3370
WC709125,2026-03-31 09:07,KH922002645,SP3304
WC709126,2026-03-31 09:18,KH112518983,SP3187
WC709127,2026-03-31 10:01,KH991746701,SP3146
WC709128,2026-03-31 10:14,KH-155648818,SP3114
WC709129,2026-03-31 10:53,kh827547599,SP3187
WC709130,2026-03-31 12:04,KH950847753,SP3007
WC709131,2026-03-31 12:34,KH487031513,SP3125
WC709132,2026-03-31 13:09,KH758682989,SP3178
WC709133,2026-03-31 13:38,KH977224486,SP3274
WC709134,2026-03-31 14:14,KH156451294,SP3087
WC709135,2026-03-31 15:09,KH977429343,SP3008
WC709136,2026-03-31 15:14, KH583749284,SP3063
WC709137,2026-03-31 15:16,KH692964366,SP3041
WC709138,2026-03-31 15:33, KH605828008,SP3196
WC709139,2026-03-31 16:05,KH241174460,SP3125
WC709140,2026-03-31 16:56,KH579203243,SP3248
WC709141,2026-03-31 17:45,kh165340428,SP3330
WC709142,2026-03-31 17:50,KH476525195,SP3136
WC709143,2026-03-31 18:57,KH855244058,SP3158
WC709144,2026-03-31 19:19,kh972230336,SP3071
WC709145,2026-03-31 19:30,KH-208326412,SP3160
WC709146,2026-03-31 19:58,KH997854023,SP3178
WC709147,2026-03-31 20:38,KH642408508,SP3244
WC709148,2026-03-31 20:40, KH534217348,SP3117
WC709149,2026-03-31 23:17,KH945257235,SP3351
WC709150,2026-04-01 00:49,kh660310234,SP3341
WC709151,2026-04-01 01:33,KH-315019766,SP3369
WC709152,2026-04-01 01:40,KH732144753,SP3049
WC709153,2026-04-01 02:00,KH608049845,SP3104
WC709154,2026-04-01 03:33,KH213620918,SP3086
WC709155,2026-04-01 04:15,KH744651381,SP3159
WC709156,2026-04-01 04:44,KH-983317854,SP3328
WC709157,2026-04-01 06:37, KH485203547,SP3153
WC709158,2026-04-01 07:10,KH565758694,SP3310
WC709159,2026-04-01 08:46,KH396037932,SP3027
WC709160,2026-04-01 10:45,KH531921857,SP3085
WC709161,2026-04-01 11:26, KH324883532,SP3259
WC709162,2026-04-01 11:42,KH-178796805,SP3045
WC709163,2026-04-01 12:46,KH623526459,SP3372
WC709164,2026-04-01 13:59,KH880487845,SP3360
WC709165,2026-04-01 14:09, KH779688484,SP3061
WC709166,2026-04-01 16:22,KH620112051,SP3122
WC709167,2026-04-01 16:23,KH289983209,SP3336
WC709168,2026-04-01 17:19,KH626492674,SP3329
WC709169,2026-04-01 17:39,KH474432278,SP3020
WC709170,2026-04-01 18:04, KH904450019,SP3013
WC709171,2026-04-01 18:55,KH914244335,SP3080
WC709172,2026-04-01 20:23,KH783372964,SP3207
WC709173,2026-04-01 20:26,kh809172042,SP3207
WC709174,2026-04-01 20:32,KH389214930,SP3044
WC709175,2026-04-01 21:06,KH809037452,SP3119
WC709176,2026-04-01 22:20,KH-145798676,SP3178
WC709177,2026-04-01 22:45,KH443320847,SP3324
WC709178,2026-04-01 22:49, KH554442282,SP3309
WC709179,2026-04-01 23:42,kh321991751,SP3012
WC709180,2026-04-02 00:16,kh180728866,SP3269
WC709181,2026-04-02 02:51,KH912879748,SP3209
WC709182,2026-04-02 03:46,KH559469573,SP3019
WC709183,2026-04-02 04:05,KH910665655,SP3047
WC709184,2026-04-02 04:12,KH820109710,SP3231
WC709185,2026-04-02 04:18,kh873802696,SP3317
WC709186,2026-04-02 04:24,KH-821748092,SP3338
WC709187,2026-04-02 04:48,KH774515134,SP3104
WC709188,2026-04-02 05:19, KH895193952,SP3208
WC709189,2026-04-02 05:55,KH116618536,SP3169
WC709190,2026-04-02 06:04, KH418597246,SP3127
WC709191,2026-04-02 06:21,KH-439855835,SP3362
WC709192,2026-04-02 07:06,KH243150381,SP3115
WC709193,2026-04-02 07:52,KH781309325,SP3290
WC709194,2026-04-02 09:25,KH340265562,SP3068
WC709195,2026-04-02 11:09,KH589856982,SP3140
WC709196,2026-04-02 12:30, KH553610734,SP3034
WC709197,2026-04-02 13:34,kh377801327,SP3085
WC709198,2026-04-02 13:50,KH417876379,SP3265
WC709199,2026-04-02 14:08,KH388745098,SP3364
WC709200,2026-04-02 14:59,kh941912277,SP3240
WC709201,2026-04-02 16:28,KH234748782,SP3218
WC709202,2026-04-02 17:58,KH286025271,SP3006
WC709203,2026-04-02 18:11, KH465681074,SP3309
WC709204,2026-04-02 18:11,KH355263067,SP3099
WC709205,2026-04-02 18:37,KH713498535,SP3167
WC709206,2026-04-02 19:23,KH801590067,SP3218
WC709207,2026-04-02 21:20,KH463944537,SP3188
WC709208,2026-04-02 22:29,KH774222624,SP3140
WC709209,2026-04-02 23:57,KH689629412,SP3263
WC709210,2026-04-03 02:50,KH839651787,SP3143
WC709211,2026-04-03 02:52,KH300015070,SP3176
WC709212,2026-04-03 02:58,KH314416683,SP3363
WC709213,2026-04-03 03:12,KH856453613,SP3171
WC709214,2026-04-03 03:14,KH556514987,SP3041
WC709215,2026-04-03 03:45,KH367672940,SP3064
WC709216,2026-04-03 06:34,kh208968611,SP3168
WC709217,2026-04-03 06:37,kh336203187,SP3337
WC709218,2026-04-03 06:56,KH546859767,SP3330
WC709219,2026-04-03 07:12,KH780858487,SP3297
WC709220,2026-04-03 07:28,kh245282602,SP3352
WC709221,2026-04-03 07:44, KH274490808,SP3112
WC709222,2026-04-03 08:14,KH416249474,SP3170
WC709223,2026-04-03 10:01, KH518958047,SP3038
WC709224,2026-04-03 11:28,KH176040593,SP3112
WC709225,2026-04-03 12:56,KH424870695,SP3114
WC709226,2026-04-03 16:02, KH417259832,SP3144
WC709227,2026-04-03 17:25,KH-184398206,SP3341
WC709228,2026-04-03 18:42,kh841060152,SP3048
WC709229,2026-04-03 19:11,KH211184651,SP3196
WC709230,2026-04-03 20:11,KH549731364,SP3349
WC709231,2026-04-03 20:19,KH314941591,SP3321
WC709232,2026-04-03 22:12,KH260757924,SP3072
WC709233,2026-04-03 22:41,KH941289651,SP3166
WC709234,2026-04-03 23:04,KH908402769,SP3145
WC709235,2026-04-03 23:18,kh549636935,SP3379
WC709236,2026-04-04 00:55,KH285551330,SP3128
WC709237,2026-04-04 01:31,KH-623392429,SP3268
WC709238,2026-04-04 01:38,KH691867905,SP3220
WC709239,2026-04-04 01:41,KH788947010,SP3048
WC709240,2026-04-04 01:42,KH-627907448,SP3117
WC709241,2026-04-04 03:55,KH161539236,SP3038
WC709242,2026-04-04 04:42,KH648412628,SP3098
WC709243,2026-04-04 05:26,KH540091136,SP3073
WC709244,2026-04-04 05:33,KH805815328,SP3007
WC709245,2026-04-04 06:02,KH-388608590,SP3330
WC709246,2026-04-04 07:15,KH577124038,SP3360
WC709247,2026-04-04 07:45,KH746132091,SP3111
WC709248,2026-04-04 08:20,KH255262291,SP3232
WC709249,2026-04-04 09:23,KH161806835,SP3297
WC709250,2026-04-04 12:19,KH396591626,SP3330
WC709251,2026-04-04 12:47,KH795059482,SP3178
WC709252,2026-04-04 13:20, KH287133646,SP3377
WC709253,2026-04-04 13:40,KH115193298,SP3262
WC709254,2026-04-04 14:43,KH886107930,SP3251
WC709255,2026-04-04 14:48, KH647913436,SP3172
WC709256,2026-04-04 15:29,KH364733359,SP3328
WC709257,2026-04-04 16:07,KH300015070,SP3368
WC709258,2026-04-04 18:38, KH245731902,SP3027
WC709259,2026-04-04 19:28, KH318081491,SP3240
WC709260,2026-04-04 19:36,KH510001071,SP3249
WC709261,2026-04-04 20:26,KH-450728818,SP3125
WC709262,2026-04-04 20:47,KH812902431,SP3368
WC709263,2026-04-04 22:23,kh430100108,SP3116
WC709264,2026-04-05 00:48,KH565592399,SP3245
WC709265,2026-04-05 02:41,kh934391006,SP3083
WC709266,2026-04-05 04:33,KH225877686,SP3102
WC709267,2026-04-05 05:16,KH893270737,SP3093
WC709268,2026-04-05 06:24, KH136353948,SP3175
WC709269,2026-04-05 06:43,kh930475365,SP3021
WC709270,2026-04-05 07:36,kh500353421,SP3122
WC709271,2026-04-05 09:11,KH121098933,SP3190
WC709272,2026-04-05 10:33,kh529986574,SP3278
WC709273,2026-04-05 11:39,KH480823444,SP3088
WC709274,2026-04-05 11:44,KH969966269,SP3072
WC709275,2026-04-05 13:13,KH289371166,SP3103
WC709276,2026-04-05 13:16,kh177840486,SP3366
WC709277,2026-04-05 14:10,KH451946619,SP3055
WC709278,2026-04-05 16:06, KH159421095,SP3330
WC709279,2026-04-05 18:00, KH227417678,SP3086
WC709280,2026-04-05 21:35,KH-194270690,SP3239
WC709281,2026-04-05 22:48,kh493477940,SP3359
WC709282,2026-04-06 00:48,KH127440931,SP3047
WC709283,2026-04-06 00:50,KH324763119,SP3197
WC709284,2026-04-06 01:04,KH789274373,SP3366
WC709285,2026-04-06 01:45,KH108371956,SP3217
WC709286,2026-04-06 02:55,KH825242852,SP3379
WC709287,2026-04-06 03:21,KH491672382,SP3063
WC709288,2026-04-06 03:47,KH884635459,SP3206
WC709289,2026-04-06 05:48,KH679613729,SP3028
WC709290,2026-04-06 06:25,KH250266882,SP3259
WC709292,2026-04-06 06:39,KH861155828,SP3082
WC709291,2026-04-06 06:39,kh561556347,SP3178
WC709293,2026-04-06 07:16,KH897615679,SP3360
WC709294,2026-04-06 07:21,KH308803008,SP3083
WC709295,2026-04-06 08:25,KH611924350,SP3288
WC709296,2026-04-06 10:22,KH954884338,SP3101
WC709297,2026-04-06 10:54,KH153909189,SP3320
WC709298,2026-04-06 10:57,KH299033385,SP3124
WC709299,2026-04-06 10:58,KH820461375,SP3304
WC709300,2026-04-06 12:40,KH293862276,SP3052
WC709301,2026-04-06 13:56,KH211116530,SP3001
WC709302,2026-04-06 14:27,KH584064189,SP3273
WC709303,2026-04-06 15:12,KH958864857,SP3110
WC709304,2026-04-06 15:27,KH-462605689,SP3325
WC709305,2026-04-06 16:18,kh362572926,SP3152
WC709306,2026-04-06 16:34, KH877296461,SP3147
WC709307,2026-04-06 16:50,KH957873574,SP3243
WC709308,2026-04-06 18:54,KH443320847,SP3135
WC709309,2026-04-06 19:15,KH465224373,SP3001
WC709310,2026-04-06 19:31,KH531921857,SP3213
WC709311,2026-04-06 19:43,kh585883631,SP3312
WC709312,2026-04-06 19:44,KH833132805,SP3359
WC709313,2026-04-06 20:11,KH132262240,SP3122
WC709314,2026-04-06 21:51,KH321680017,SP3327
WC709315,2026-04-06 22:53,KH712246849,SP3258
WC709316,2026-04-06 22:59,KH977224486,SP3280
WC709317,2026-04-06 23:25,KH833255113,SP3099
WC709318,2026-04-07 00:32,KH392969339,SP3273
WC709319,2026-04-07 01:23,KH-475318457,SP3196
WC709320,2026-04-07 03:32,KH582111909,SP3173
WC709321,2026-04-07 04:49,KH278705797,SP3131
WC709322,2026-04-07 05:09,KH279247706,SP3277
WC709323,2026-04-07 06:59,kh894450687,SP3038
WC709324,2026-04-07 08:24,KH815856522,SP3337
WC709325,2026-04-07 09:17,KH539974676,SP3282
WC709326,2026-04-07 12:21,KH-969486055,SP3202
WC709327,2026-04-07 13:03,KH155108913,SP3266
WC709328,2026-04-07 14:15,KH323787688,SP3142
WC709329,2026-04-07 18:37, KH353471102,SP3342
WC709330,2026-04-07 19:24,KH953594497,SP3100
WC709331,2026-04-07 19:59,KH689778642,SP3341
WC709332,2026-04-07 22:19,KH908607074,SP3367
WC709333,2026-04-07 22:32,KH432761649,SP3086
WC709334,2026-04-07 23:27,KH844643588,SP3001
WC709335,2026-04-08 02:04,KH778778499,SP3343
WC709336,2026-04-08 06:42,KH859495537,SP3133
WC709337,2026-04-08 08:23,KH965811948,SP3039
WC709338,2026-04-08 10:47,KH508005925,SP3205
WC709339,2026-04-08 11:21,KH403943954,SP3241
WC709340,2026-04-08 11:21,KH211627821,SP3309
WC709341,2026-04-08 11:51,KH341001083,SP3086
WC709342,2026-04-08 12:08,KH910979648,SP3129
WC709343,2026-04-08 12:11,KH906386884,SP3203
WC709344,2026-04-08 12:31,KH759416562,SP3062
WC709345,2026-04-08 13:34,KH261176425,SP3108
WC709346,2026-04-08 13:38,KH-601832501,SP3120
WC709347,2026-04-08 16:02,KH370808421,SP3013
WC709348,2026-04-08 16:10, KH946179491,SP3244
WC709349,2026-04-08 17:39,kh991696003,SP3129
WC709350,2026-04-08 18:37, KH160043201,SP3272
WC709351,2026-04-08 18:50,kh135556175,SP3021
WC709352,2026-04-08 19:29,KH336801386,SP3242
WC709353,2026-04-08 20:26,KH-218749033,SP3014
WC709354,2026-04-08 20:34,kh400096992,SP3255
WC709355,2026-04-08 20:51,KH355364566,SP3166
WC709356,2026-04-08 23:27,kh550436094,SP3376
WC709357,2026-04-08 23:39,KH224346459,SP3050
WC709358,2026-04-08 23:47,KH949484879,SP3083
WC709359,2026-04-09 01:40,kh194154749,SP3053
WC709360,2026-04-09 03:17,KH-528632004,SP3040
WC709361,2026-04-09 03:24,kh589091218,SP3269
WC709362,2026-04-09 03:37,KH221990201,SP3359
WC709363,2026-04-09 04:25, KH855467681,SP3035
WC709364,2026-04-09 04:50,KH892296889,SP3275
WC709365,2026-04-09 06:14,KH681200190,SP3368
WC709366,2026-04-09 09:14,kh309166830,SP3260
WC709367,2026-04-09 09:17,KH677227715,SP3044
WC709368,2026-04-09 09:39,kh969078028,SP3155
WC709369,2026-04-09 11:54,KH283174273,SP3198
WC709370,2026-04-09 14:42,kh471198176,SP3109
WC709371,2026-04-09 16:17,KH275649245,SP3178
WC709372,2026-04-09 16:35,KH129824638,SP3022
WC709373,2026-04-09 17:05,KH372407329,SP3179
WC709374,2026-04-09 17:16, KH484092182,SP3257
WC709375,2026-04-09 20:03,KH210335517,SP3072
WC709376,2026-04-09 20:07,KH188076183,SP3171
WC709377,2026-04-09 21:01,KH676142155,SP3026
WC709378,2026-04-09 22:30,KH725156089,SP3366
WC709379,2026-04-09 22:30,KH542149936,SP3161
WC709380,2026-04-09 22:51,KH192849552,SP3211
WC709381,2026-04-10 00:17,KH158395550,SP3232
WC709382,2026-04-10 00:31,KH621472029,SP3073
WC709383,2026-04-10 02:32,KH158763544,SP3239
WC709384,2026-04-10 03:05,KH997783894,SP3059
WC709385,2026-04-10 03:22,KH763912169,SP3298
WC709386,2026-04-10 04:39,KH194934485,SP3158
WC709387,2026-04-10 05:36, KH871055440,SP3279
WC709388,2026-04-10 07:14,KH474686371,SP3212
WC709389,2026-04-10 07:27,KH273855251,SP3271
WC709390,2026-04-10 08:57,KH-560078791,SP3261
WC709391,2026-04-10 10:29,KH341600352,SP3221
WC709392,2026-04-10 10:30,kh641081784,SP3175
WC709393,2026-04-10 11:07,KH798897808,SP3330
WC709394,2026-04-10 11:20,KH503440902,SP3163
WC709395,2026-04-10 11:46,KH-390515690,SP3043
WC709396,2026-04-10 13:08,kh211320591,SP3070
WC709397,2026-04-10 14:19,KH815581409,SP3013
WC709398,2026-04-10 17:02,kh777994667,SP3211
WC709399,2026-04-10 19:06,KH817928929,SP3066
WC709400,2026-04-10 20:40,kh493339573,SP3032
WC709401,2026-04-10 22:52,KH953828526,SP3076
WC709402,2026-04-10 23:59,KH883376655,SP3364
WC709403,2026-04-11 00:52,kh103667984,SP3207
WC709404,2026-04-11 03:09,KH340878665,SP3192
WC709405,2026-04-11 03:47,KH747785527,SP3377
WC709406,2026-04-11 03:54,kh518102886,SP3110
WC709407,2026-04-11 05:41,KH-318589032,SP3027
WC709408,2026-04-11 05:59,kh171679638,SP3115
WC709409,2026-04-11 06:13,KH908593469,SP3019
WC709410,2026-04-11 06:57,KH308042999,SP3035
WC709411,2026-04-11 07:04,KH696729957,SP3195
WC709412,2026-04-11 07:12,kh866699426,SP3112
WC709413,2026-04-11 08:29,KH196786359,SP3217
WC709414,2026-04-11 09:15,kh809139913,SP3321
WC709415,2026-04-11 09:18,KH485679960,SP3342
WC709416,2026-04-11 13:54,kh657416971,SP3016
WC709417,2026-04-11 14:22,KH500316773,SP3180
WC709418,2026-04-11 15:47,KH-112145142,SP3373
WC709419,2026-04-11 18:56,KH-967651830,SP3255
WC709420,2026-04-11 19:07,KH254265224,SP3301
WC709421,2026-04-11 19:12,kh193560735,SP3038
WC709422,2026-04-11 21:26,KH936715031,SP3048
WC709423,2026-04-11 21:51,kh301438741,SP3170
WC709424,2026-04-11 22:33,KH923650943,SP3058
WC709425,2026-04-12 02:27,kh379314457,SP3246
WC709426,2026-04-12 02:42,KH698637183,SP3077
WC709427,2026-04-12 02:48,KH407517973,SP3012
WC709428,2026-04-12 03:24,KH150245394,SP3084
WC709429,2026-04-12 05:08,KH694578593,SP3103
WC709430,2026-04-12 06:01,KH690385470,SP3166
WC709431,2026-04-12 06:46, KH734802848,SP3146
WC709432,2026-04-12 09:32,KH-700016141,SP3337
WC709433,2026-04-12 10:10,KH369379357,SP3111
WC709434,2026-04-12 10:14,KH218554759,SP3296
WC709435,2026-04-12 10:38, KH147929737,SP3238
WC709436,2026-04-12 12:46,KH583394293,SP3163
WC709437,2026-04-12 12:59,KH696644986,SP3364
WC709438,2026-04-12 14:27, KH432729524,SP3356
WC709439,2026-04-12 14:49,KH132404849,SP3305
WC709440,2026-04-12 15:18,KH908701203,SP3071
WC709441,2026-04-12 17:21,kh534604092,SP3167
WC709442,2026-04-12 18:54,KH469307855,SP3351
WC709443,2026-04-12 19:34,KH-610477478,SP3378
WC709444,2026-04-12 19:42,KH295764935,SP3027
WC709445,2026-04-12 20:16,KH-253846918,SP3299
WC709446,2026-04-12 20:38,KH200507863,SP3113
WC709447,2026-04-12 22:17,KH-376493953,SP3375
WC709448,2026-04-12 22:25,KH-539329779,SP3200
WC709449,2026-04-12 23:01,KH520358991,SP3276
WC709450,2026-04-12 23:25, KH502305614,SP3196
WC709451,2026-04-13 02:22,KH792953475,SP3151
WC709452,2026-04-13 02:29,KH908573734,SP3302
WC709453,2026-04-13 02:49,KH975144607,SP3165
WC709454,2026-04-13 04:14,KH225877686,SP3212
WC709455,2026-04-13 04:57,KH750395082,SP3171
WC709456,2026-04-13 06:39, KH894912754,SP3084
WC709457,2026-04-13 07:40,KH363365861,SP3336
WC709458,2026-04-13 08:05,KH918094778,SP3190
WC709459,2026-04-13 09:22,KH206301932,SP3197
WC709460,2026-04-13 10:10,KH691499424,SP3334
WC709461,2026-04-13 13:05,KH998587002,SP3072
WC709462,2026-04-13 13:49,KH992048064,SP3171
WC709463,2026-04-13 14:12,KH228337743,SP3128
WC709464,2026-04-13 14:40,kh656129671,SP3348
WC709465,2026-04-13 16:38, KH812299776,SP3372
WC709466,2026-04-13 16:43,KH451810337,SP3321
WC709467,2026-04-13 17:12,KH808540330,SP3371
WC709468,2026-04-13 18:42,KH264076632,SP3029
WC709469,2026-04-13 20:09,KH155108913,SP3198
WC709470,2026-04-13 20:33,KH608877192,SP3245
WC709471,2026-04-13 21:18,KH699158710,SP3115
WC709472,2026-04-13 22:23,KH-113599567,SP3262
WC709473,2026-04-14 01:19, KH565583835,SP3044
WC709474,2026-04-14 02:20,KH646765019,SP3013
WC709475,2026-04-14 03:07,KH852179504,SP3272
WC709476,2026-04-14 04:29,KH-348773121,SP3341
WC709477,2026-04-14 04:49,KH798737109,SP3079
WC709478,2026-04-14 06:01,KH877149311,SP3126
WC709479,2026-04-14 06:08,KH782858348,SP3249
WC709480,2026-04-14 07:10,KH439275561,SP3095
WC709481,2026-04-14 08:41,KH502665680,SP3324
WC709482,2026-04-14 09:59, KH253314386,SP3193
WC709483,2026-04-14 11:32,KH793802062,SP3103
WC709484,2026-04-14 13:42,KH273145189,SP3119
WC709485,2026-04-14 14:07,KH300744238,SP3148
WC709486,2026-04-14 14:38, KH692349979,SP3201
WC709487,2026-04-14 14:51,KH265049526,SP3234
WC709488,2026-04-14 15:02,kh610031879,SP3010
WC709489,2026-04-14 16:20, KH608049845,SP3176
WC709490,2026-04-14 18:22,kh668188640,SP3043
WC709491,2026-04-14 18:59,KH297182703,SP3295
WC709492,2026-04-14 21:22,kh809819614,SP3235
WC709493,2026-04-14 22:40,kh629804582,SP3210
WC709494,2026-04-14 23:12,KH393162719,SP3119
WC709495,2026-04-14 23:42, KH386029287,SP3089
WC709496,2026-04-15 00:21,KH364750152,SP3364
WC709497,2026-04-15 01:20,kh343180403,SP3339
WC709498,2026-04-15 01:59,KH-129278460,SP3194
WC709499,2026-04-15 04:06,kh200218141,SP3120
WC709500,2026-04-15 04:17,KH408310169,SP3015
WC709501,2026-04-15 04:24,kh260554993,SP3076
WC709502,2026-04-15 05:12,KH178230500,SP3120
WC709503,2026-04-15 05:21,KH193706593,SP3161
WC709504,2026-04-15 06:05,KH781638172,SP3227
WC709505,2026-04-15 08:37,kh712323413,SP3249
WC709506,2026-04-15 08:53,KH151222184,SP3372
WC709507,2026-04-15 09:11,KH311322765,SP3291
WC709508,2026-04-15 09:38,KH298597442,SP3360
WC709509,2026-04-15 11:34,KH951186944,SP3360
WC709510,2026-04-15 11:35,KH640538259,SP3338
WC709511,2026-04-15 12:01,KH558228078,SP3297
WC709512,2026-04-15 12:33,KH707911049,SP3213
WC709513,2026-04-15 14:03,KH748811876,SP3033
WC709514,2026-04-15 14:26,KH-714785416,SP3111
WC709515,2026-04-15 17:00,KH224672723,SP3044
WC709516,2026-04-15 18:05,KH411623459,SP3253
WC709517,2026-04-15 19:01,KH565783426,SP3120
WC709518,2026-04-15 20:33, KH711307831,SP3102
WC709519,2026-04-15 21:28,KH587249022,SP3102
WC709520,2026-04-15 22:02,KH166543845,SP3081
WC709521,2026-04-15 22:58,KH487122487,SP3036
WC709522,2026-04-15 23:18,KH421566232,SP3154
WC709523,2026-04-16 00:01,KH282106119,SP3007
WC709524,2026-04-16 00:38,KH756940618,SP3288
WC709525,2026-04-16 03:10,KH370709249,SP3298
WC709526,2026-04-16 05:06,KH844362809,SP3272
WC709528,2026-04-16 05:33,kh979067759,SP3077
WC709527,2026-04-16 05:33,KH335768350,SP3022
WC709529,2026-04-16 05:57,KH309707565,SP3015
WC709530,2026-04-16 07:20,KH189279000,SP3094
WC709531,2026-04-16 07:53,KH167128788,SP3105
WC709533,2026-04-16 08:44,KH196769126,SP3364
WC709532,2026-04-16 08:44,kh161555282,SP3033
WC709534,2026-04-16 08:54,KH181162671,SP3089
WC709535,2026-04-16 09:26,KH676972391,SP3073
WC709536,2026-04-16 10:35,KH586990347,SP3124
WC709537,2026-04-16 11:06,KH638941617,SP3048
WC709538,2026-04-16 14:09,KH990158109,SP3059
WC709539,2026-04-16 14:56,KH814756451,SP3105
WC709540,2026-04-16 16:28,KH886973189,SP3230
WC709541,2026-04-16 16:57,kh945908509,SP3220
WC709542,2026-04-16 17:18,KH157433768,SP3005
WC709543,2026-04-16 17:34,KH-570917750,SP3101
WC709544,2026-04-16 18:43,KH272068865,SP3063
WC709545,2026-04-16 20:09,KH551021950,SP3103
WC709546,2026-04-16 21:16,KH907812101,SP3002
WC709547,2026-04-16 21:25,KH743942013,SP3114
WC709548,2026-04-16 21:33,kh311607978,SP3039
WC709549,2026-04-16 22:22,KH260554993,SP3277
WC709550,2026-04-16 22:42,KH-541819927,SP3067
WC709551,2026-04-17 01:27,KH777552057,SP3278
WC709552,2026-04-17 01:53,KH554025802,SP3015
WC709553,2026-04-17 04:00,KH257769618,SP3340
WC709554,2026-04-17 06:39,KH306315479,SP3232
WC709555,2026-04-17 08:09,KH-948988477,SP3190
WC709556,2026-04-17 08:46,KH461198039,SP3152
WC709557,2026-04-17 08:59,KH695427605,SP3350
WC709558,2026-04-17 10:53,KH360506214,SP3378
WC709559,2026-04-17 12:03,KH177226467,SP3205
WC709560,2026-04-17 12:40,KH749948824,SP3269
WC709561,2026-04-17 14:17,KH637737632,SP3269
WC709562,2026-04-17 15:02,KH388145812,SP3343
WC709563,2026-04-17 16:42,KH317879097,SP3060
WC709564,2026-04-17 16:59, KH731788326,SP3363
WC709565,2026-04-17 17:51,KH524233975,SP3241
WC709566,2026-04-17 18:20,KH539692258,SP3317
WC709567,2026-04-17 19:17,KH680671530,SP3279
WC709568,2026-04-17 19:40,KH475792063,SP3351
WC709569,2026-04-17 23:44,kh485707738,SP3225
WC709570,2026-04-18 03:14,KH217727476,SP3096
WC709571,2026-04-18 03:14,KH671110453,SP3085
WC709572,2026-04-18 04:56,KH335357206,SP3162
WC709573,2026-04-18 05:16,KH887875240,SP3144
WC709574,2026-04-18 06:12,kh317431906,SP3029
WC709575,2026-04-18 09:14,KH570280669,SP3250
WC709576,2026-04-18 09:45,KH967893668,SP3242
WC709577,2026-04-18 10:46,kh295042442,SP3029
WC709578,2026-04-18 11:52,KH731788326,SP3305
WC709579,2026-04-18 19:51,KH208791171,SP3343
WC709580,2026-04-18 21:56, KH474546830,SP3056
WC709581,2026-04-18 22:28,KH376586262,SP3328
WC709582,2026-04-18 22:38,KH549566881,SP3139
WC709583,2026-04-18 23:20,KH340798924,SP3214
WC709584,2026-04-19 00:53,kh238617453,SP3262
WC709585,2026-04-19 00:56,KH390375998,SP3275
WC709586,2026-04-19 01:10,KH407612986,SP3327
WC709587,2026-04-19 04:30,KH-396416865,SP3319
WC709588,2026-04-19 04:35,KH715542270,SP3160
WC709589,2026-04-19 05:55,KH784672187,SP3288
WC709590,2026-04-19 06:00, KH129602755,SP3040
WC709591,2026-04-19 06:28,KH372949050,SP3069
WC709592,2026-04-19 08:12,KH433238335,SP3187
WC709593,2026-04-19 08:52,KH799247384,SP3264
WC709594,2026-04-19 09:14,KH479376488,SP3352
WC709595,2026-04-19 09:53,kh405203141,SP3060
WC709596,2026-04-19 10:22,KH428919591,SP3169
WC709597,2026-04-19 13:18,KH294616686,SP3364
WC709598,2026-04-19 14:38,KH703439101,SP3247
WC709599,2026-04-19 15:39,KH894769743,SP3225
WC709600,2026-04-19 16:06,KH933245123,SP3233
WC709601,2026-04-19 16:20, KH909061191,SP3068
WC709602,2026-04-19 16:30,KH885378881,SP3265
WC709603,2026-04-19 16:53,KH280390232,SP3177
WC709604,2026-04-19 16:58,KH860486986,SP3259
WC709605,2026-04-19 17:36,KH693057466,SP3139
WC709606,2026-04-19 18:01,KH-325195227,SP3292
WC709607,2026-04-19 19:02,KH524162321,SP3233
WC709608,2026-04-19 19:23,KH-340878665,SP3030
WC709609,2026-04-19 19:27,KH894336231,SP3051
WC709610,2026-04-19 20:28,KH993222286,SP3126
WC709611,2026-04-19 20:39, KH176143713,SP3138
WC709612,2026-04-19 20:42,KH552172669,SP3285
WC709613,2026-04-19 21:45,KH313257164,SP3033
WC709614,2026-04-19 21:52,KH255308503,SP3088
WC709615,2026-04-19 22:11,KH623343549,SP3254
WC709616,2026-04-19 22:25,KH482522073,SP3337
WC709617,2026-04-19 22:35,KH648301453,SP3111
WC709618,2026-04-19 22:40, KH428930717,SP3342
WC709619,2026-04-19 22:57, KH385498449,SP3102
WC709620,2026-04-19 23:12,KH171679638,SP3264
WC709621,2026-04-19 23:46,kh291831971,SP3132
WC709622,2026-04-20 00:39,kh997754523,SP3045
WC709623,2026-04-20 02:53,KH608613227,SP3339
WC709624,2026-04-20 03:22,KH595439990,SP3131
WC709625,2026-04-20 03:30,kh305597680,SP3160
WC709626,2026-04-20 04:00,kh942277576,SP3160
WC709627,2026-04-20 04:47,KH838980074,SP3168
WC709628,2026-04-20 05:09,KH856606831,SP3204
WC709629,2026-04-20 07:39,KH805918183,SP3142
WC709630,2026-04-20 12:14,kh381314268,SP3348
WC709631,2026-04-20 13:46,KH305215449,SP3108
WC709632,2026-04-20 13:52, KH396145360,SP3141
WC709633,2026-04-20 13:54,KH285865649,SP3379
WC709634,2026-04-20 14:01,KH997986649,SP3319
WC709635,2026-04-20 14:23,KH867321432,SP3129
WC709636,2026-04-20 15:22,KH-677967100,SP3034
WC709637,2026-04-20 16:40,kh241482228,SP3297
WC709638,2026-04-20 19:18,KH948812961,SP3106
WC709639,2026-04-20 20:17,KH604555181,SP3310
WC709640,2026-04-20 20:21,KH673476481,SP3111
WC709641,2026-04-20 21:12,KH745391555,SP3281
WC709642,2026-04-20 22:31,kh444566877,SP3333
WC709643,2026-04-21 01:13,KH481152235,SP3234
WC709644,2026-04-21 01:37,KH256407506,SP3067
WC709645,2026-04-21 02:50,KH862630230,SP3006
WC709646,2026-04-21 03:03,kh348858513,SP3151
WC709647,2026-04-21 03:46,KH655576736,SP3319
WC709648,2026-04-21 04:01,KH399996841,SP3244
WC709649,2026-04-21 07:28,KH360506214,SP3223
WC709650,2026-04-21 08:05,KH349302233,SP3374
WC709651,2026-04-21 09:16,KH195026276,SP3061
WC709652,2026-04-21 09:36,kh119064531,SP3363
WC709653,2026-04-21 10:30,KH383694611,SP3153
WC709654,2026-04-21 10:53,KH214031713,SP3328
WC709655,2026-04-21 11:45, KH466858337,SP3353
WC709656,2026-04-21 11:48,KH850793118,SP3059
WC709657,2026-04-21 11:52,KH405438522,SP3215
WC709658,2026-04-21 12:29,KH122318853,SP3278
WC709659,2026-04-21 14:04, KH689154896,SP3253
WC709660,2026-04-21 14:21,KH712024933,SP3108
WC709661,2026-04-21 15:10,KH-188273193,SP3135
WC709662,2026-04-21 16:10,KH272044256,SP3245
WC709663,2026-04-21 16:14,KH197600484,SP3267
WC709664,2026-04-21 16:24,KH479376488,SP3232
WC709665,2026-04-21 17:18,kh201141833,SP3221
WC709666,2026-04-21 20:22,KH937507235,SP3186
WC709667,2026-04-21 21:56,kh753276393,SP3225
WC709668,2026-04-21 22:59,KH693292589,SP3042
WC709669,2026-04-22 00:16,kh675136279,SP3129
WC709670,2026-04-22 01:28,KH170278304,SP3005
WC709671,2026-04-22 01:57,KH650408482,SP3015
WC709672,2026-04-22 02:57,KH737530495,SP3192
WC709673,2026-04-22 02:59,KH354410215,SP3050
WC709674,2026-04-22 03:00, KH754809305,SP3150
WC709675,2026-04-22 03:09,KH224027621,SP3359
WC709676,2026-04-22 03:34,KH762279337,SP3255
WC709677,2026-04-22 04:25,KH516538024,SP3195
WC709678,2026-04-22 04:30,KH347467991,SP3012
WC709679,2026-04-22 06:24,KH862831359,SP3296
WC709680,2026-04-22 06:32,KH504990449,SP3369
WC709681,2026-04-22 07:22,KH676934567,SP3216
WC709682,2026-04-22 07:53,KH623381109,SP3008
WC709683,2026-04-22 08:55,KH978361495,SP3051
WC709684,2026-04-22 09:00,KH180022244,SP3355
WC709685,2026-04-22 10:17, KH430053445,SP3220
WC709686,2026-04-22 10:55,kh448111793,SP3015
WC709687,2026-04-22 11:04,KH817928929,SP3325
WC709688,2026-04-22 11:43,KH914211206,SP3310
WC709689,2026-04-22 12:28,KH-671049293,SP3347
WC709690,2026-04-22 12:33,KH528632004,SP3193
WC709691,2026-04-22 13:31,KH950159298,SP3167
WC709692,2026-04-22 18:17,KH-167172068,SP3034
WC709693,2026-04-22 18:22,KH-106509030,SP3096
WC709694,2026-04-22 18:28,KH529247982,SP3130
WC709695,2026-04-22 18:46, KH327186476,SP3132
WC709696,2026-04-22 19:44,KH727846878,SP3265
WC709697,2026-04-22 22:07,KH-641150141,SP3077
WC709698,2026-04-22 22:23,KH719132156,SP3142
WC709699,2026-04-22 22:45,KH700842573,SP3148
WC709700,2026-04-23 00:07,KH632719030,SP3355
WC709701,2026-04-23 03:12,KH357577204,SP3247
WC709702,2026-04-23 03:15,KH585438424,SP3144
WC709703,2026-04-23 03:26,KH945908509,SP3189
WC709704,2026-04-23 04:03,KH308494059,SP3209
WC709705,2026-04-23 06:16,KH268074127,SP3173
WC709706,2026-04-23 09:13,KH626119663,SP3247
WC709707,2026-04-23 10:20,KH655239753,SP3311
WC709708,2026-04-23 10:45,KH903631071,SP3263
WC709709,2026-04-23 12:46,KH484470246,SP3282
WC709710,2026-04-23 12:59,KH612155583,SP3238
WC709711,2026-04-23 15:52,KH480737413,SP3245
WC709712,2026-04-23 16:32,kh534066099,SP3189
WC709713,2026-04-23 16:52,KH544869265,SP3012
WC709714,2026-04-23 17:35,KH543849490,SP3332
WC709715,2026-04-23 18:24,KH947890869,SP3170
WC709716,2026-04-23 19:23,KH711061355,SP3220
WC709717,2026-04-23 19:30,KH107243791,SP3365
WC709718,2026-04-23 21:59,KH331737626,SP3171
WC709719,2026-04-23 22:57,KH852009276,SP3343
WC709720,2026-04-23 23:30,KH907557147,SP3031
WC709721,2026-04-23 23:55,KH773933718,SP3371
WC709722,2026-04-24 01:03,KH307688906,SP3172
WC709723,2026-04-24 01:55,KH535382441,SP3176
WC709724,2026-04-24 02:03,kh270579229,SP3163
WC709725,2026-04-24 02:13,kh556846329,SP3030
WC709726,2026-04-24 03:53,kh158763544,SP3062
WC709727,2026-04-24 04:17,KH321672865,SP3352
WC709728,2026-04-24 05:35,KH675774604,SP3291
WC709729,2026-04-24 05:44,KH571151158,SP3019
WC709730,2026-04-24 09:26,KH462615146,SP3189
WC709731,2026-04-24 10:21,kh854003066,SP3100
WC709732,2026-04-24 10:50,KH120090809,SP3073
WC709733,2026-04-24 10:51,KH858226839,SP3360
WC709734,2026-04-24 10:57,KH224027621,SP3059
WC709735,2026-04-24 12:11,KH909067620,SP3351
WC709736,2026-04-24 14:15,KH531783057,SP3227
WC709737,2026-04-24 14:29,KH922002645,SP3309
WC709738,2026-04-24 14:41,KH391538960,SP3152
WC709739,2026-04-24 14:51,kh389047956,SP3303
WC709740,2026-04-24 16:44,kh284451324,SP3095
WC709741,2026-04-24 17:01,KH422768609,SP3213
WC709742,2026-04-24 17:15, KH169782440,SP3240
WC709743,2026-04-24 17:16,KH288637692,SP3117
WC709744,2026-04-24 18:10,KH158763544,SP3113
WC709745,2026-04-24 18:28,KH940135355,SP3025
WC709746,2026-04-24 18:39,KH-844109313,SP3139
WC709747,2026-04-24 18:46,KH821462853,SP3012
WC709748,2026-04-24 20:34,KH326254918,SP3153
WC709749,2026-04-24 20:54,KH136563276,SP3361
WC709750,2026-04-24 21:29,KH831955199,SP3312
WC709751,2026-04-24 21:35, KH252545295,SP3042
WC709752,2026-04-24 21:36,KH939430455,SP3329
WC709753,2026-04-24 23:15,kh125331732,SP3260
WC709754,2026-04-24 23:44,KH-798017519,SP3000
WC709755,2026-04-25 00:14,KH454892491,SP3220
WC709756,2026-04-25 00:46,KH-977030809,SP3097
WC709757,2026-04-25 02:21,KH900553247,SP3200
WC709758,2026-04-25 02:34,KH272575324,SP3260
WC709759,2026-04-25 02:41,KH215597136,SP3220
WC709760,2026-04-25 02:48,KH156136178,SP3140
WC709761,2026-04-25 09:05, KH624765520,SP3038
WC709762,2026-04-25 09:32,KH-856061364,SP3105
WC709763,2026-04-25 11:16,KH-140528740,SP3227
WC709764,2026-04-25 12:24,KH178275699,SP3134
WC709765,2026-04-25 12:37,KH298240598,SP3356
WC709766,2026-04-25 13:38,KH253287061,SP3186
WC709767,2026-04-25 14:09,KH285865649,SP3291
WC709768,2026-04-25 15:21, KH910195093,SP3139
WC709769,2026-04-25 15:32,KH471562535,SP3002
WC709770,2026-04-25 17:30,KH254945976,SP3288
WC709771,2026-04-25 18:08,KH-558889906,SP3325
WC709772,2026-04-25 18:16, KH321808008,SP3358
WC709773,2026-04-25 20:26,KH-637284699,SP3068
WC709774,2026-04-25 21:06, KH626492674,SP3182
WC709775,2026-04-25 21:10,KH544363714,SP3371
WC709776,2026-04-26 00:24,kh396791897,SP3160
WC709777,2026-04-26 02:54,KH-753894810,SP3014
WC709778,2026-04-26 03:01,KH-314137186,SP3041
WC709779,2026-04-26 03:18,KH370912394,SP3078
WC709780,2026-04-26 03:51,KH666844708,SP3103
WC709781,2026-04-26 04:37,KH689629412,SP3367
WC709782,2026-04-26 06:16,kh951564083,SP3101
WC709783,2026-04-26 08:21,KH592670375,SP3299
WC709784,2026-04-26 10:56,KH391773888,SP3337
WC709785,2026-04-26 11:10,KH321676129,SP3080
WC709786,2026-04-26 11:34,kh227762335,SP3258
WC709787,2026-04-26 13:57,KH387111685,SP3194
WC709788,2026-04-26 14:34,KH742740538,SP3079
WC709789,2026-04-26 14:39,KH734858947,SP3048
WC709790,2026-04-26 14:41,KH-216534594,SP3373
WC709791,2026-04-26 15:50,KH162191313,SP3221
WC709792,2026-04-26 19:00,kh248880160,SP3129
WC709793,2026-04-26 19:05,kh149981262,SP3328
WC709794,2026-04-26 19:46,KH817872936,SP3012
WC709795,2026-04-26 20:29,KH913467060,SP3125
WC709796,2026-04-26 21:21,KH448111793,SP3280
WC709797,2026-04-26 22:40,KH461198039,SP3056
WC709798,2026-04-27 01:41,KH507376120,SP3015
WC709799,2026-04-27 02:37,KH341314747,SP3321
WC709800,2026-04-27 02:40,KH412457634,SP3194
WC709801,2026-04-27 03:56,KH447612925,SP3209
WC709802,2026-04-27 04:19,KH-354114688,SP3242
WC709803,2026-04-27 06:38,KH308471081,SP3036
WC709804,2026-04-27 06:42,KH565062119,SP3352
WC709805,2026-04-27 07:31,KH315664819,SP3376
WC709806,2026-04-27 09:55,kh925384338,SP3003
WC709807,2026-04-27 10:19,KH978102669,SP3259
WC709808,2026-04-27 13:21, KH579279424,SP3000
WC709809,2026-04-27 14:27,kh544869265,SP3008
WC709810,2026-04-27 15:19,KH256088847,SP3293
WC709811,2026-04-27 15:32,KH118435842,SP3293
WC709812,2026-04-27 16:48, KH982880584,SP3338
WC709813,2026-04-27 17:01,KH108814957,SP3024
WC709814,2026-04-27 17:17,KH429192034,SP3185
WC709815,2026-04-27 17:26,KH359458362,SP3043
WC709816,2026-04-27 22:14,KH922424217,SP3183
WC709817,2026-04-27 23:15,KH334432446,SP3095
WC709818,2026-04-28 00:02,KH469078848,SP3361
WC709819,2026-04-28 00:25,KH999109523,SP3058
WC709820,2026-04-28 01:43,KH-847057513,SP3100
WC709821,2026-04-28 02:05,KH274172039,SP3193
WC709822,2026-04-28 02:48,KH619534125,SP3115
WC709823,2026-04-28 03:57,KH367706284,SP3036
WC709824,2026-04-28 06:10,KH999804985,SP3120
WC709825,2026-04-28 09:58,KH-408931000,SP3289
WC709826,2026-04-28 11:50,KH-904988606,SP3223
WC709827,2026-04-28 12:14,KH359327306,SP3173
WC709828,2026-04-28 12:15,KH639298878,SP3324
WC709829,2026-04-28 13:40,KH-995574138,SP3195
WC709830,2026-04-28 14:22, KH241830540,SP3276
WC709831,2026-04-28 14:39,KH563676077,SP3215
WC709832,2026-04-28 15:41,KH369185545,SP3089
WC709833,2026-04-28 15:49,KH664797724,SP3327
WC709834,2026-04-28 17:15,kh109605082,SP3077
WC709835,2026-04-28 17:23,KH754635527,SP3073
WC709836,2026-04-28 17:43,KH917802334,SP3353
WC709837,2026-04-28 21:52,KH840095358,SP3358
WC709838,2026-04-28 23:50,KH919102641,SP3163
WC709839,2026-04-29 00:16,KH544519652,SP3115
WC709840,2026-04-29 00:31,KH875088427,SP3269
WC709841,2026-04-29 02:28,KH356813026,SP3377
WC709842,2026-04-29 02:52,KH-164286173,SP3087
WC709843,2026-04-29 03:34,KH901191423,SP3162
WC709844,2026-04-29 03:37,kh540091136,SP3225
WC709845,2026-04-29 03:53,KH860805138,SP3019
WC709846,2026-04-29 05:14,KH-544363714,SP3032
WC709847,2026-04-29 11:00,KH385262849,SP3372
WC709848,2026-04-29 12:04,KH306425875,SP3130
WC709849,2026-04-29 12:05,KH971034952,SP3196
WC709850,2026-04-29 12:24,KH734631353,SP3162
WC709851,2026-04-29 12:49,KH341260178,SP3324
WC709852,2026-04-29 14:04,kh217117903,SP3027
WC709853,2026-04-29 15:00, KH127050698,SP3067
WC709854,2026-04-29 15:29,KH-934391006,SP3024
WC709855,2026-04-29 16:54,KH815207359,SP3234
WC709856,2026-04-29 17:20,KH209166233,SP3019
WC709857,2026-04-29 18:17, KH540091136,SP3165
WC709858,2026-04-29 19:40,kh955105249,SP3097
WC709859,2026-04-29 20:46,KH448184627,SP3006
WC709860,2026-04-29 21:57, KH732008425,SP3170
WC709861,2026-04-29 22:26,KH341543245,SP3142
WC709862,2026-04-29 22:32,KH529388011,SP3121
WC709863,2026-04-29 23:06,kh155648818,SP3181
WC709864,2026-04-29 23:08,KH645326627,SP3160
WC709865,2026-04-30 01:10,KH641394710,SP3358
WC709866,2026-04-30 02:11,KH817539850,SP3246
WC709867,2026-04-30 02:43,KH152508863,SP3157
WC709868,2026-04-30 03:15,KH825847298,SP3086
WC709869,2026-04-30 05:23,KH379740424,SP3079
WC709870,2026-04-30 07:37, KH531053983,SP3365
WC709871,2026-04-30 09:25,KH624346326,SP3241
WC709872,2026-04-30 10:27,KH950081384,SP3017
WC709873,2026-04-30 10:35,KH603750130,SP3173
WC709874,2026-04-30 11:10,KH939618637,SP3055
WC709875,2026-04-30 12:59,KH117925663,SP3114
WC709876,2026-04-30 13:17,kh559614115,SP3349
WC709877,2026-04-30 16:06,KH806685521,SP3234
WC709878,2026-04-30 16:19,KH749907729,SP3367
WC709879,2026-04-30 18:56,kh367981954,SP3064
WC709880,2026-04-30 19:49,KH-366500268,SP3160
WC709881,2026-04-30 20:33,KH701173332,SP3077
WC709882,2026-04-30 20:58,KH-182292146,SP3194
WC709883,2026-04-30 22:59,KH118299531,SP3247
WC709884,2026-05-01 00:19,KH659633200,SP3143
WC709885,2026-05-01 00:36,KH356268386,SP3022
WC709886,2026-05-01 00:50,KH-869489121,SP3365
WC709887,2026-05-01 02:44,KH288259500,SP3153
WC709888,2026-05-01 03:05,KH150768545,SP3007
WC709889,2026-05-01 04:39,KH318592592,SP3119
WC709890,2026-05-01 04:52,KH302419238,SP3314
WC709891,2026-05-01 05:44, KH302124078,SP3079
WC709892,2026-05-01 08:21,KH906077343,SP3140
WC709893,2026-05-01 08:33,kh703183283,SP3175
WC709894,2026-05-01 08:50,KH712549733,SP3022
WC709895,2026-05-01 12:55,KH-166071085,SP3322
WC709896,2026-05-01 13:12,KH-741926210,SP3189
WC709897,2026-05-01 19:00,KH386090589,SP3114
WC709898,2026-05-01 19:20, KH863218218,SP3231
WC709899,2026-05-01 19:40, KH872792158,SP3066
WC709900,2026-05-01 20:06,KH-590976279,SP3308
WC709901,2026-05-01 20:58,KH-629172681,SP3029
WC709902,2026-05-01 21:54, KH479665440,SP3288
WC709903,2026-05-01 22:15,KH370284155,SP3183
WC709904,2026-05-02 00:58,KH296815308,SP3196
WC709905,2026-05-02 01:00,kh668309820,SP3360
WC709906,2026-05-02 03:04,KH844814014,SP3313
WC709907,2026-05-02 03:08,KH639526681,SP3108
WC709908,2026-05-02 03:37,KH579904353,SP3053
WC709909,2026-05-02 06:32,KH822659593,SP3368
WC709910,2026-05-02 07:03,KH689294874,SP3157
WC709911,2026-05-02 08:24,KH733330134,SP3069
WC709912,2026-05-02 10:41,KH801109736,SP3106
WC709913,2026-05-02 10:55,KH694798087,SP3283
WC709914,2026-05-02 11:19,kh994661749,SP3214
WC709915,2026-05-02 12:43,KH773233172,SP3015
WC709916,2026-05-02 15:56,KH153033345,SP3335
WC709917,2026-05-02 16:53,kh524233975,SP3176
WC709918,2026-05-02 19:53, KH195114704,SP3047
WC709919,2026-05-02 19:55,KH694846397,SP3141
WC709920,2026-05-02 21:14,KH440239161,SP3066
WC709921,2026-05-02 21:56,KH973417359,SP3340
WC709922,2026-05-02 22:30,KH140001565,SP3318
WC709923,2026-05-02 22:51, KH646561063,SP3301
WC709924,2026-05-02 23:15,KH949725703,SP3190
WC709925,2026-05-03 01:01,KH692964366,SP3109
WC709926,2026-05-03 01:09,KH742122333,SP3043
WC709927,2026-05-03 02:08,KH253287061,SP3041
WC709928,2026-05-03 03:27,KH-835789762,SP3096
WC709929,2026-05-03 03:27, KH289983209,SP3142
WC709930,2026-05-03 05:11,KH402375691,SP3009
WC709931,2026-05-03 06:22,KH328505357,SP3016
WC709932,2026-05-03 07:09, KH105970804,SP3024
WC709933,2026-05-03 07:43,KH200902283,SP3347
WC709934,2026-05-03 09:48,KH311880560,SP3306
WC709935,2026-05-03 10:58,KH699193212,SP3362
WC709936,2026-05-03 15:56,KH375662639,SP3296
WC709937,2026-05-03 16:57,kh877185210,SP3180
WC709938,2026-05-03 18:04, KH498472533,SP3048
WC709939,2026-05-03 18:23,KH876504642,SP3134
WC709940,2026-05-03 18:23,KH571274703,SP3162
WC709941,2026-05-03 19:57,kh399996841,SP3284
WC709942,2026-05-03 20:58,KH-833553027,SP3112
WC709943,2026-05-03 22:13,KH655988148,SP3223
WC709944,2026-05-04 00:57,kh253082687,SP3266
WC709945,2026-05-04 04:55, KH101122950,SP3279
WC709946,2026-05-04 06:16,KH392777346,SP3328
WC709947,2026-05-04 07:25,kh690895990,SP3221
WC709948,2026-05-04 07:28,KH426611884,SP3318
WC709949,2026-05-04 08:01,KH886059865,SP3205
WC709950,2026-05-04 08:51, KH472365992,SP3244
WC709951,2026-05-04 09:39,KH-758261811,SP3285
WC709952,2026-05-04 12:43,KH173030040,SP3006
WC709953,2026-05-04 13:58, KH908402769,SP3299
WC709954,2026-05-04 14:25,KH155012168,SP3086
WC709955,2026-05-04 14:54,kh969011756,SP3259
WC709956,2026-05-04 15:04,KH385846169,SP3319
WC709957,2026-05-04 15:36,KH235121146,SP3017
WC709958,2026-05-04 16:37,KH695317892,SP3138
WC709959,2026-05-04 17:24,KH827321405,SP3004
WC709960,2026-05-04 17:49,KH523284761,SP3238
WC709961,2026-05-04 18:22, KH158403800,SP3038
WC709962,2026-05-04 19:34,KH914605540,SP3356
WC709963,2026-05-04 21:30,kh279153418,SP3101
WC709964,2026-05-05 00:58,KH156961399,SP3074
WC709965,2026-05-05 01:00,kh244025691,SP3154
WC709966,2026-05-05 01:21, KH984738816,SP3010
WC709967,2026-05-05 01:29,KH645074541,SP3141
WC709968,2026-05-05 02:08,KH434031705,SP3241
WC709969,2026-05-05 05:04, KH341600352,SP3334
WC709970,2026-05-05 05:07,KH547746383,SP3369
WC709971,2026-05-05 05:10, KH552245830,SP3079
WC709972,2026-05-05 07:34,kh230338199,SP3048
WC709973,2026-05-05 07:45,KH708448015,SP3334
WC709974,2026-05-05 09:47,KH236749554,SP3283
WC709975,2026-05-05 10:16,KH162641564,SP3122
WC709976,2026-05-05 11:49,KH646174578,SP3348
WC709977,2026-05-05 12:17,KH244025691,SP3257
WC709978,2026-05-05 14:24,KH253056929,SP3339
WC709979,2026-05-05 14:44,KH593620432,SP3022
WC709980,2026-05-05 15:30,KH-897133516,SP3192
WC709981,2026-05-05 15:40,KH718726801,SP3068
WC709982,2026-05-05 16:18,KH872262154,SP3305
WC709983,2026-05-05 18:11,KH482522073,SP3164
WC709984,2026-05-05 19:39,KH873691609,SP3239
WC709985,2026-05-05 19:41,KH643185053,SP3218
WC709986,2026-05-05 19:52,kh326425453,SP3208
WC709987,2026-05-05 21:08,KH775276157,SP3304
WC709988,2026-05-05 21:21,KH136818870,SP3343
WC709989,2026-05-05 23:51,KH249617188,SP3045
WC709990,2026-05-06 02:33,KH762214645,SP3072
WC709991,2026-05-06 04:24,KH575510661,SP3264
WC709992,2026-05-06 05:47,KH424581927,SP3047
WC709993,2026-05-06 06:05,KH-909067620,SP3017
WC709994,2026-05-06 07:42,kh136584183,SP3272
WC709995,2026-05-06 08:21,KH802165152,SP3133
WC709996,2026-05-06 12:44,KH-554031943,SP3299
WC709997,2026-05-06 15:01,KH634801899,SP3181
WC709998,2026-05-06 15:09,KH950498995,SP3160
WC709999,2026-05-06 15:33,KH221969468,SP3021
WC710000,2026-05-06 16:59,KH312588859,SP3283
WC710001,2026-05-06 17:10, KH410296572,SP3033
WC710002,2026-05-06 19:36, KH258403053,SP3044
WC710003,2026-05-06 20:48,KH-824936583,SP3087
WC710004,2026-05-06 21:48,KH183379135,SP3337
WC710005,2026-05-06 23:56,KH192266859,SP3361
WC710006,2026-05-07 02:12,KH523256408,SP3021
WC710007,2026-05-07 06:48,KH904866590,SP3136
WC710008,2026-05-07 07:29,KH-422789708,SP3165
WC710009,2026-05-07 07:50,KH106953794,SP3153
WC710010,2026-05-07 09:28,KH181688040,SP3266
WC710011,2026-05-07 09:29,KH180709693,SP3373
WC710012,2026-05-07 10:26,KH159742539,SP3202
WC710013,2026-05-07 11:15,KH181162671,SP3060
WC710014,2026-05-07 11:40,KH548202679,SP3170
WC710015,2026-05-07 12:04,KH346123329,SP3160
WC710016,2026-05-07 12:55,kh144069890,SP3060
WC710017,2026-05-07 14:45,kh530063733,SP3348
WC710018,2026-05-07 14:55, KH116070509,SP3325
WC710019,2026-05-07 16:58,KH558300744,SP3104
WC710020,2026-05-07 17:02,KH474777125,SP3123
WC710021,2026-05-07 18:02,KH735242085,SP3082
WC710022,2026-05-07 18:15,KH291227731,SP3098
WC710023,2026-05-07 18:15,KH850281112,SP3062
WC710024,2026-05-07 18:21,KH301154211,SP3240
WC710025,2026-05-07 20:04,KH303632008,SP3185
WC710026,2026-05-07 21:01,KH944367115,SP3141
WC710027,2026-05-07 22:13,KH327380064,SP3038
WC710028,2026-05-07 23:51,KH467036838,SP3188
WC710029,2026-05-08 03:15,KH850167220,SP3220
WC710030,2026-05-08 04:37,KH167479630,SP3114
WC710031,2026-05-08 05:20,KH167284626,SP3020
WC710032,2026-05-08 07:00, KH838861952,SP3258
WC710033,2026-05-08 07:21,kh202236865,SP3333
WC710034,2026-05-08 08:55,KH417175741,SP3119
WC710035,2026-05-08 09:21,KH-227373018,SP3042
WC710036,2026-05-08 09:52,KH-917482250,SP3197
WC710037,2026-05-08 10:51,KH309880800,SP3139
WC710038,2026-05-08 12:37,KH604399892,SP3011
WC710039,2026-05-08 12:40,KH476646308,SP3024
WC710040,2026-05-08 12:53, KH406472430,SP3051
WC710041,2026-05-08 15:51,KH-820818432,SP3377
WC710042,2026-05-08 17:56,KH463868639,SP3261
WC710043,2026-05-08 18:38,KH272044256,SP3179
WC710044,2026-05-08 19:34,KH765417054,SP3183
WC710045,2026-05-08 21:47,KH671939960,SP3210
WC710046,2026-05-09 00:26,KH918084374,SP3120
WC710047,2026-05-09 00:39,KH281792248,SP3313
WC710048,2026-05-09 01:43,KH534702989,SP3058
WC710049,2026-05-09 02:53,KH-726584596,SP3232
WC710050,2026-05-09 03:09,KH106065145,SP3116
WC710051,2026-05-09 05:03, KH412578389,SP3144
WC710052,2026-05-09 06:13,KH127592500,SP3319
WC710053,2026-05-09 07:11,KH453892581,SP3009
WC710054,2026-05-09 08:08,KH351364395,SP3304
WC710055,2026-05-09 09:19,KH950847753,SP3322
WC710056,2026-05-09 09:28,KH-452637117,SP3163
WC710057,2026-05-09 09:51,KH105541079,SP3165
WC710058,2026-05-09 10:06,KH798424563,SP3105
WC710059,2026-05-09 10:34,KH922053660,SP3015
WC710060,2026-05-09 10:39,kh361685448,SP3150
WC710061,2026-05-09 12:50,kh853886489,SP3004
WC710062,2026-05-09 13:21,KH285898236,SP3199
WC710063,2026-05-09 13:41,KH728601673,SP3061
WC710064,2026-05-09 13:55,KH774349062,SP3358
WC710065,2026-05-09 15:14,KH831743779,SP3216
WC710066,2026-05-09 16:21,KH622597333,SP3134
WC710067,2026-05-09 16:50,KH275732920,SP3141
WC710068,2026-05-09 17:06,KH981336988,SP3303
WC710069,2026-05-09 17:20,KH928328215,SP3129
WC710070,2026-05-09 17:21,kh587613271,SP3082
WC710071,2026-05-09 18:14,KH270350010,SP3026
WC710072,2026-05-09 20:23,kh191832812,SP3274
WC710073,2026-05-09 20:57,KH556086132,SP3228
WC710074,2026-05-09 21:39,KH-950081384,SP3305
WC710075,2026-05-09 22:58,KH246560517,SP3268
WC710076,2026-05-09 23:07,KH-809713037,SP3250
WC710077,2026-05-09 23:33,KH132156694,SP3342
WC710078,2026-05-09 23:45,KH-516616240,SP3189
WC710079,2026-05-10 01:21,KH-458808741,SP3194
WC710080,2026-05-10 01:42, KH113599567,SP3122
WC710081,2026-05-10 02:49,kh652791152,SP3180
WC710082,2026-05-10 03:18,KH-162844475,SP3305
WC710083,2026-05-10 04:09,KH889458614,SP3373
WC710084,2026-05-10 04:31,KH333292244,SP3015
WC710085,2026-05-10 08:19,KH975995812,SP3317
WC710086,2026-05-10 09:51,KH214497001,SP3258
WC710087,2026-05-10 10:12,KH632015712,SP3253
WC710088,2026-05-10 11:27,KH993664813,SP3032
WC710089,2026-05-10 11:48,KH974867206,SP3141
WC710090,2026-05-10 12:22,KH476985455,SP3231
WC710091,2026-05-10 13:28,KH843678882,SP3007
WC710092,2026-05-10 14:16,KH100308577,SP3027
WC710093,2026-05-10 14:34,KH703580282,SP3238
WC710094,2026-05-10 14:43,KH890042704,SP3084
WC710095,2026-05-10 15:39,KH477924197,SP3294
WC710096,2026-05-10 17:03,kh202699475,SP3134
WC710097,2026-05-10 18:21,KH350909234,SP3025
WC710098,2026-05-10 19:44,KH554927331,SP3091
WC710099,2026-05-10 19:47,KH979177870,SP3001
WC710100,2026-05-10 21:54,KH943049214,SP3135
WC710101,2026-05-10 23:46,KH656584720,SP3011
WC710102,2026-05-10 23:47,KH936408122,SP3019
WC710103,2026-05-10 23:52, KH454334090,SP3157
WC710104,2026-05-11 00:12,KH934083170,SP3012
WC710105,2026-05-11 00:45,KH896633366,SP3318
WC710106,2026-05-11 00:53,KH-726572461,SP3278
WC710107,2026-05-11 00:55,KH-135799706,SP3369
WC710108,2026-05-11 01:19,KH451879879,SP3305
WC710109,2026-05-11 01:53, KH391714146,SP3207
WC710110,2026-05-11 02:21,KH-286096249,SP3274
WC710111,2026-05-11 02:25,KH-399478601,SP3248
WC710112,2026-05-11 03:01, KH303931673,SP3011
WC710113,2026-05-11 04:00,KH808867771,SP3125
WC710114,2026-05-11 04:24,KH406674907,SP3032
WC710115,2026-05-11 05:47,KH280036071,SP3178
WC710116,2026-05-11 06:42,KH-933976983,SP3340
WC710117,2026-05-11 07:33,KH435724862,SP3244
WC710118,2026-05-11 08:37,KH484280941,SP3130
WC710119,2026-05-11 09:21,kh528514016,SP3362
WC710120,2026-05-11 09:25,KH434772945,SP3144
WC710121,2026-05-11 09:42,kh126357913,SP3345
WC710122,2026-05-11 09:54, KH223948094,SP3221
WC710123,2026-05-11 10:06,KH-615247763,SP3169
WC710124,2026-05-11 11:51,KH329851395,SP3025
WC710125,2026-05-11 12:36,KH340617247,SP3166
WC710126,2026-05-11 12:54,KH318545080,SP3188
WC710127,2026-05-11 13:31, KH504327742,SP3371
WC710128,2026-05-11 16:55, KH979668714,SP3185
WC710129,2026-05-11 17:16,kh994188272,SP3016
WC710130,2026-05-11 17:52,KH391052653,SP3187
WC710131,2026-05-11 20:12,KH786455133,SP3081
WC710132,2026-05-11 20:41,KH611636188,SP3000
WC710133,2026-05-11 20:45,KH215932750,SP3087
WC710134,2026-05-11 22:06,KH707953591,SP3338
WC710135,2026-05-11 22:59,KH896893830,SP3304
WC710136,2026-05-11 23:20,KH715444539,SP3345
WC710137,2026-05-11 23:47, KH184733568,SP3352
WC710138,2026-05-12 02:16,KH907812101,SP3104
WC710139,2026-05-12 04:22, KH585539604,SP3027
WC710140,2026-05-12 05:18,KH528826152,SP3080
WC710141,2026-05-12 06:22,KH113984030,SP3364
WC710142,2026-05-12 07:45,KH152358567,SP3047
WC710143,2026-05-12 08:49,KH750389999,SP3032
WC710144,2026-05-12 10:53,KH564912418,SP3006
WC710145,2026-05-12 11:08, KH180739581,SP3144
WC710146,2026-05-12 11:26, KH359190211,SP3111
WC710147,2026-05-12 12:46, KH347974369,SP3197
WC710148,2026-05-12 16:00,KH-280016546,SP3206
WC710149,2026-05-12 17:06,KH549621582,SP3017
WC710150,2026-05-12 17:49,kh331965054,SP3333
WC710151,2026-05-12 18:30,KH181049551,SP3244
WC710152,2026-05-12 21:37,KH113549163,SP3244
WC710153,2026-05-12 21:53,KH859650602,SP3125
WC710154,2026-05-12 22:37,KH840868094,SP3235
WC710155,2026-05-12 23:21,KH970501164,SP3268
WC710156,2026-05-12 23:41,KH192266859,SP3306
WC710157,2026-05-13 00:34,KH965914848,SP3185
WC710158,2026-05-13 00:57,KH167128788,SP3117
WC710159,2026-05-13 01:22,KH955542246,SP3177
WC710160,2026-05-13 02:06,KH716458211,SP3121
WC710161,2026-05-13 02:29,KH912541286,SP3026
WC710162,2026-05-13 04:01,KH843591076,SP3201
WC710163,2026-05-13 04:14,KH993033488,SP3035
WC710164,2026-05-13 04:28,KH875059355,SP3275
WC710165,2026-05-13 05:19,KH-419571026,SP3039
WC710166,2026-05-13 05:56,KH481972754,SP3324
WC710167,2026-05-13 08:56,kh407698815,SP3115
WC710168,2026-05-13 09:18,KH137281800,SP3208
WC710169,2026-05-13 10:34,kh903633411,SP3208
WC710170,2026-05-13 11:23, KH549379844,SP3042
WC710171,2026-05-13 14:30,KH399236356,SP3327
WC710172,2026-05-13 15:16,kh763912169,SP3099
WC710173,2026-05-13 17:08,kh443337556,SP3258
WC710174,2026-05-13 17:33,KH-939045308,SP3169
WC710175,2026-05-13 20:07,KH982440720,SP3030
WC710176,2026-05-13 20:08,KH520410475,SP3369
WC710177,2026-05-13 20:08,KH173234792,SP3210
WC710178,2026-05-14 00:33,KH620594449,SP3371
WC710179,2026-05-14 00:46,kh605849073,SP3375
WC710180,2026-05-14 03:28,KH118747642,SP3267
WC710181,2026-05-14 03:46,KH132142689,SP3318
WC710182,2026-05-14 08:34,KH111995701,SP3081
WC710183,2026-05-14 09:55,KH122491141,SP3336
WC710184,2026-05-14 10:30, KH606783467,SP3088
WC710185,2026-05-14 12:51,kh132404849,SP3227
WC710186,2026-05-14 13:53,KH612991043,SP3187
WC710187,2026-05-14 14:49,KH802587236,SP3330
WC710188,2026-05-14 14:55,KH329926822,SP3169
WC710189,2026-05-14 15:42,KH187504179,SP3266
WC710190,2026-05-14 17:54,kh206371657,SP3233
WC710191,2026-05-14 18:17,KH623363370,SP3281
WC710192,2026-05-14 22:01,KH266891769,SP3304
WC710193,2026-05-14 22:52,KH945126282,SP3337
WC710194,2026-05-15 01:24,kh112391815,SP3347
WC710195,2026-05-15 02:28,kh539273743,SP3096
WC710196,2026-05-15 03:11,KH439275561,SP3175
WC710197,2026-05-15 04:23,kh644348715,SP3209
WC710198,2026-05-15 05:30,KH626187958,SP3177
WC710199,2026-05-15 05:42,KH667240400,SP3098
WC710200,2026-05-15 06:03,KH532779353,SP3171
WC710201,2026-05-15 06:15, KH439613704,SP3148
WC710202,2026-05-15 07:18,KH-659640222,SP3230
WC710203,2026-05-15 07:53,KH-509237754,SP3284
WC710204,2026-05-15 08:07, KH927835660,SP3094
WC710205,2026-05-15 08:12,kh321991751,SP3221
WC710207,2026-05-15 10:29,KH936427479,SP3178
WC710206,2026-05-15 10:29,KH717218209,SP3217
WC710208,2026-05-15 10:34,KH431628448,SP3054
WC710209,2026-05-15 11:12,KH950236058,SP3325
WC710210,2026-05-15 11:55, KH481432286,SP3006
WC710211,2026-05-15 12:27,KH927544013,SP3173
WC710212,2026-05-15 12:30,KH320544401,SP3267
WC710213,2026-05-15 15:00, KH588756701,SP3000
WC710214,2026-05-15 16:59,KH950498995,SP3326
WC710215,2026-05-15 17:58,KH133776543,SP3113
WC710216,2026-05-15 18:10,KH501241159,SP3167
WC710217,2026-05-15 18:11,KH197750108,SP3109
WC710218,2026-05-15 18:46,KH780424541,SP3060
WC710219,2026-05-15 20:40,KH449766211,SP3073
WC710220,2026-05-15 21:25,kh788849546,SP3082
WC710221,2026-05-15 21:41,KH729074228,SP3123
WC710222,2026-05-15 22:59,KH370808421,SP3089
WC710223,2026-05-16 00:00,KH266112370,SP3150
WC710224,2026-05-16 00:55,kh145717533,SP3175
WC710225,2026-05-16 01:20,KH702780916,SP3247
WC710226,2026-05-16 01:42,KH294937006,SP3111
WC710227,2026-05-16 02:01,KH907091976,SP3332
WC710228,2026-05-16 04:16,kh261429687,SP3050
WC710229,2026-05-16 04:37,KH583343997,SP3137
WC710230,2026-05-16 05:15,KH170562554,SP3106
WC710231,2026-05-16 06:09,kh605139574,SP3150
WC710232,2026-05-16 06:26,kh268057237,SP3036
WC710233,2026-05-16 06:42,kh100176110,SP3001
WC710234,2026-05-16 07:01, KH740520802,SP3193
WC710235,2026-05-16 07:07,kh565592399,SP3154
WC710236,2026-05-16 10:10,KH-517952716,SP3222
WC710237,2026-05-16 10:11,KH887221134,SP3036
WC710238,2026-05-16 11:17,KH957163426,SP3264
WC710239,2026-05-16 11:27,KH448850411,SP3123
WC710240,2026-05-16 11:31,KH694190857,SP3378
WC710241,2026-05-16 12:09,KH624073632,SP3171
WC710242,2026-05-16 13:38,kh875898365,SP3198
WC710243,2026-05-16 14:10,KH989336846,SP3023
WC710244,2026-05-16 14:25,KH686836809,SP3262
WC710245,2026-05-16 14:45,KH823868806,SP3232
WC710246,2026-05-16 16:07,KH206973150,SP3170
WC710247,2026-05-16 20:38,KH676454732,SP3269
WC710248,2026-05-16 20:48,KH518205566,SP3320
WC710249,2026-05-16 21:06,KH527581087,SP3195
WC710250,2026-05-16 21:11,kh435724862,SP3339
WC710251,2026-05-16 21:14,KH265929196,SP3269
WC710252,2026-05-16 22:01,KH103053709,SP3066
WC710253,2026-05-17 01:02,KH784778348,SP3078
WC710254,2026-05-17 01:32,KH996609011,SP3337
WC710256,2026-05-17 02:02,KH154909828,SP3059
WC710255,2026-05-17 02:02,KH267941714,SP3323
WC710257,2026-05-17 03:08,KH-227256626,SP3319
WC710258,2026-05-17 03:48,KH872681079,SP3355
WC710259,2026-05-17 06:12,KH553256022,SP3295
WC710260,2026-05-17 07:09,KH412541989,SP3019
WC710261,2026-05-17 08:14,KH113703795,SP3011
WC710262,2026-05-17 08:37,KH451606162,SP3312
WC710263,2026-05-17 08:57,KH-314344237,SP3075
WC710264,2026-05-17 11:38,KH646735671,SP3038
WC710265,2026-05-17 12:12, KH390505512,SP3215
WC710266,2026-05-17 12:55,KH335938721,SP3067
WC710267,2026-05-17 14:02,KH566052715,SP3112
WC710268,2026-05-17 14:50,kh462856292,SP3173
WC710269,2026-05-17 15:12,kh536755304,SP3147
WC710270,2026-05-17 15:42,KH547471157,SP3093
WC710271,2026-05-17 16:43,kh388024634,SP3291
WC710272,2026-05-17 16:47,KH840827279,SP3199
WC710273,2026-05-17 20:56,KH273375322,SP3349
WC710274,2026-05-17 21:12,KH806206340,SP3027
WC710275,2026-05-17 22:03,KH-975775734,SP3047
WC710276,2026-05-17 23:19,KH635957337,SP3242
WC710277,2026-05-18 02:29,KH524480687,SP3247
WC710278,2026-05-18 03:09, KH279128697,SP3263
WC710279,2026-05-18 03:13,KH281994563,SP3343
WC710280,2026-05-18 04:59,KH701415712,SP3009
WC710281,2026-05-18 05:00, KH303133883,SP3185
WC710282,2026-05-18 05:48,KH873690896,SP3080
WC710283,2026-05-18 07:30,KH561963630,SP3223
WC710284,2026-05-18 07:42,KH463753133,SP3353
WC710285,2026-05-18 08:02,KH809537693,SP3279
WC710286,2026-05-18 08:40,KH244025691,SP3035
WC710287,2026-05-18 09:19,KH347956128,SP3103
WC710288,2026-05-18 09:56,KH830655953,SP3351
WC710289,2026-05-18 10:08,KH551021950,SP3171
WC710290,2026-05-18 12:33,KH844109313,SP3267
WC710291,2026-05-18 14:34,KH712471422,SP3281
WC710292,2026-05-18 14:47,kh483119349,SP3379
WC710293,2026-05-18 14:53,kh169132028,SP3293
WC710294,2026-05-18 20:40,KH140603634,SP3020
WC710295,2026-05-18 21:26,kh274945900,SP3339
WC710296,2026-05-18 22:26, KH456309487,SP3183
WC710297,2026-05-19 00:58,KH-249527628,SP3224
WC710298,2026-05-19 02:26,KH563499852,SP3163
WC710299,2026-05-19 02:39,KH649457477,SP3069
WC710300,2026-05-19 02:59,KH-709220219,SP3302
WC710301,2026-05-19 03:34,KH397099202,SP3245
WC710302,2026-05-19 03:48,kh299180726,SP3172
WC710303,2026-05-19 04:45,KH688947333,SP3053
WC710304,2026-05-19 05:14,KH307790990,SP3086
WC710305,2026-05-19 05:39,kh624541272,SP3002
WC710306,2026-05-19 06:32, KH883064170,SP3129
WC710307,2026-05-19 06:57,KH150854912,SP3325
WC710308,2026-05-19 07:31,KH156152878,SP3326
WC710309,2026-05-19 09:53,KH626119663,SP3263
WC710310,2026-05-19 11:40,KH178296361,SP3201
WC710311,2026-05-19 12:04,KH645326627,SP3064
WC710312,2026-05-19 12:53,KH308130491,SP3302
WC710313,2026-05-19 13:14,KH200502427,SP3218
WC710314,2026-05-19 14:07,KH817367287,SP3349
WC710315,2026-05-19 14:27,KH619199134,SP3245
WC710316,2026-05-19 16:36,KH178007273,SP3310
WC710317,2026-05-19 16:41,KH497278742,SP3273
WC710318,2026-05-19 17:15,KH548987045,SP3038
WC710319,2026-05-19 17:27,kh460877715,SP3371
WC710320,2026-05-19 20:02,kh694578593,SP3292
WC710321,2026-05-19 20:48,KH274310397,SP3267
WC710322,2026-05-19 22:54,KH230428128,SP3326
WC710323,2026-05-19 23:48,KH585713216,SP3161
WC710324,2026-05-20 01:07,KH357917202,SP3097
WC710325,2026-05-20 02:18,KH318545080,SP3226
WC710326,2026-05-20 02:43,KH462554173,SP3025
WC710327,2026-05-20 05:03,KH353505432,SP3295
WC710328,2026-05-20 05:41,KH818618008,SP3110
WC710329,2026-05-20 06:35,KH608017501,SP3211
WC710330,2026-05-20 09:40,KH806685521,SP3268
WC710331,2026-05-20 09:51,KH922447279,SP3374
WC710332,2026-05-20 10:30,KH618798627,SP3239
WC710333,2026-05-20 11:00,KH-896466386,SP3322
WC710334,2026-05-20 11:13,KH727846878,SP3160
WC710335,2026-05-20 11:28, KH192884005,SP3146
WC710336,2026-05-20 12:50,KH496666936,SP3000
WC710337,2026-05-20 12:53,KH424695728,SP3028
WC710338,2026-05-20 16:15,KH746504329,SP3293
WC710339,2026-05-20 17:08,KH-256198052,SP3312
WC710340,2026-05-20 17:36,KH279569239,SP3245
WC710341,2026-05-20 18:01,KH190992841,SP3240
WC710342,2026-05-20 20:07, KH464660219,SP3000
WC710343,2026-05-20 20:17,KH347216818,SP3051
WC710344,2026-05-20 20:26,KH193762676,SP3325
WC710345,2026-05-20 21:05,KH706770361,SP3231
WC710346,2026-05-20 22:35,KH987638962,SP3167
WC710347,2026-05-20 22:49,KH-165506691,SP3020
WC710348,2026-05-21 00:01,KH162942043,SP3249
WC710349,2026-05-21 02:42,KH-453160202,SP3065
WC710350,2026-05-21 03:40,KH451669849,SP3172
WC710351,2026-05-21 04:02,KH741197215,SP3199
WC710352,2026-05-21 04:18,KH-929859639,SP3026
WC710353,2026-05-21 04:25,kh877896370,SP3139
WC710354,2026-05-21 04:45,KH327380064,SP3212
WC710355,2026-05-21 05:51, KH446141484,SP3070
WC710356,2026-05-21 07:56,KH259568660,SP3355
WC710357,2026-05-21 08:14,KH-784778348,SP3269
WC710358,2026-05-21 08:46,kh648970562,SP3021
WC710359,2026-05-21 09:06,KH708769684,SP3306
WC710360,2026-05-21 09:08,KH420890242,SP3356
WC710361,2026-05-21 10:55,kh530267624,SP3330
WC710362,2026-05-21 11:03,kh931616574,SP3319
WC710363,2026-05-21 11:34,KH-967867917,SP3271
WC710364,2026-05-21 12:38,kh537485260,SP3115
WC710365,2026-05-21 14:02,KH154719344,SP3349
WC710366,2026-05-21 14:04,KH566443728,SP3310
WC710367,2026-05-21 15:10,KH987177001,SP3298
WC710368,2026-05-21 15:21,KH894186090,SP3103
WC710369,2026-05-21 16:49,KH565795331,SP3319
WC710370,2026-05-21 17:21,KH545026898,SP3052
WC710371,2026-05-21 18:04,KH-978557849,SP3294
WC710372,2026-05-21 18:40,KH343728140,SP3081
WC710373,2026-05-21 19:26,KH-912580664,SP3302
WC710374,2026-05-21 19:31, KH589144867,SP3248
WC710375,2026-05-21 20:56,kh164905517,SP3133
WC710376,2026-05-21 21:15,KH821034435,SP3279
WC710377,2026-05-21 22:41,KH997629236,SP3278
WC710378,2026-05-21 22:59,KH-380570662,SP3026
WC710379,2026-05-21 23:54,kh631412567,SP3131
WC710380,2026-05-22 00:24,KH236754726,SP3095
WC710381,2026-05-22 02:25,KH341749591,SP3350
WC710382,2026-05-22 02:55,KH894769743,SP3294
WC710383,2026-05-22 03:10,kh288227417,SP3320
WC710384,2026-05-22 10:10,KH274131694,SP3266
WC710385,2026-05-22 10:33,KH438773704,SP3068
WC710386,2026-05-22 12:13,KH417386332,SP3042
WC710387,2026-05-22 12:42,KH787184336,SP3160
WC710388,2026-05-22 13:04,kh657374478,SP3275
WC710389,2026-05-22 14:12,KH392397283,SP3326
WC710390,2026-05-22 15:12,kh962193086,SP3199
WC710391,2026-05-22 15:46,KH346809355,SP3217
WC710392,2026-05-22 16:18,kh482162010,SP3263
WC710393,2026-05-22 17:23, KH415463217,SP3109
WC710394,2026-05-22 18:10,KH905393309,SP3194
WC710395,2026-05-22 18:13,KH110967891,SP3305
WC710396,2026-05-22 18:22,KH818618008,SP3372
WC710397,2026-05-22 18:25,kh884468253,SP3223
WC710398,2026-05-22 18:27,KH274419564,SP3309
WC710399,2026-05-22 18:51, KH660310234,SP3094
WC710400,2026-05-22 20:25,KH326986162,SP3359
WC710401,2026-05-22 20:27,KH276248493,SP3121
WC710402,2026-05-22 21:00,kh474996162,SP3164
WC710403,2026-05-22 21:28,KH596268726,SP3174
WC710404,2026-05-22 22:39,KH498099719,SP3319
WC710405,2026-05-22 23:11,KH636024389,SP3035
WC710406,2026-05-23 00:47,KH-714813658,SP3049
WC710407,2026-05-23 02:37,KH938225070,SP3323
WC710408,2026-05-23 03:20,kh154881688,SP3368
WC710409,2026-05-23 04:22,KH666127198,SP3023
WC710410,2026-05-23 04:47,KH110929926,SP3097
WC710411,2026-05-23 05:23,KH857062834,SP3015
WC710412,2026-05-23 07:35,kh350355759,SP3175
WC710413,2026-05-23 08:05,KH558134995,SP3045
WC710414,2026-05-23 08:27,KH502305614,SP3016
WC710415,2026-05-23 08:29,KH932771664,SP3179
WC710416,2026-05-23 08:53,KH127633223,SP3155
WC710417,2026-05-23 10:40,KH712194296,SP3005
WC710418,2026-05-23 10:45,KH446144503,SP3223
WC710419,2026-05-23 12:20,KH969142987,SP3013
WC710420,2026-05-23 12:38,KH834699263,SP3034
WC710421,2026-05-23 15:04,kh964006559,SP3278
WC710422,2026-05-23 16:11,KH382316419,SP3040
WC710423,2026-05-23 20:13,KH861596679,SP3081
WC710424,2026-05-23 20:27,kh750389999,SP3002
WC710425,2026-05-23 20:43,KH-889058651,SP3069
WC710426,2026-05-23 20:49,KH503366049,SP3032
WC710427,2026-05-23 21:05, KH455051302,SP3289
WC710428,2026-05-23 21:10,KH773106430,SP3214
WC710429,2026-05-23 21:14,KH-820109710,SP3183
WC710430,2026-05-23 21:34,KH-537252168,SP3227
WC710431,2026-05-23 23:55,kh487654069,SP3093
WC710432,2026-05-24 00:19,KH141164210,SP3162
WC710433,2026-05-24 00:24,KH108094372,SP3012
WC710434,2026-05-24 00:36,KH849708186,SP3089
WC710435,2026-05-24 01:30,KH103667984,SP3239
WC710436,2026-05-24 03:14,kh709211958,SP3234
WC710437,2026-05-24 03:50,KH677550662,SP3039
WC710438,2026-05-24 04:11,KH421061657,SP3215
WC710439,2026-05-24 04:18,KH131701180,SP3052
WC710440,2026-05-24 05:06,kh819863398,SP3221
WC710441,2026-05-24 05:47,KH-170278304,SP3230
WC710442,2026-05-24 06:07,KH525275376,SP3039
WC710443,2026-05-24 06:42,KH904362964,SP3373
WC710444,2026-05-24 06:55,KH815199090,SP3010
WC710445,2026-05-24 10:31,KH682279570,SP3327
WC710446,2026-05-24 12:14,KH883064170,SP3180
WC710447,2026-05-24 15:30,KH508017794,SP3181
WC710448,2026-05-24 16:26,KH-653456378,SP3140
WC710449,2026-05-24 16:40,kh592423553,SP3011
WC710450,2026-05-24 17:31,KH722994427,SP3172
WC710451,2026-05-24 18:17,KH156814355,SP3161
WC710452,2026-05-24 19:30,KH332626521,SP3232
WC710453,2026-05-24 20:56,KH724480247,SP3334
WC710454,2026-05-24 20:57,KH273619807,SP3247
WC710455,2026-05-24 22:52,KH842813048,SP3217
WC710456,2026-05-24 23:35,KH683401962,SP3377
WC710457,2026-05-24 23:36,KH667917110,SP3373
WC710458,2026-05-25 01:12,KH-272968426,SP3120
WC710459,2026-05-25 01:40,KH437496566,SP3256
WC710460,2026-05-25 01:41,KH643763298,SP3150
WC710461,2026-05-25 03:07, KH677586588,SP3158
WC710462,2026-05-25 03:19,KH433310811,SP3013
WC710463,2026-05-25 03:23,KH808433876,SP3141
WC710464,2026-05-25 04:28,kh630832362,SP3136
WC710465,2026-05-25 05:44,KH379677641,SP3035
WC710466,2026-05-25 06:33, KH843591076,SP3023
WC710467,2026-05-25 06:42, KH555602049,SP3049
WC710468,2026-05-25 07:12, KH197602247,SP3060
WC710469,2026-05-25 07:29,KH379827585,SP3119
WC710470,2026-05-25 07:52,KH998888706,SP3272
WC710471,2026-05-25 08:24,KH496666936,SP3054
WC710473,2026-05-25 08:27,KH872681079,SP3360
WC710472,2026-05-25 08:27,KH372961531,SP3325
WC710474,2026-05-25 10:23, KH841146852,SP3108
WC710475,2026-05-25 10:27,KH907956820,SP3055
WC710476,2026-05-25 10:47,KH978439101,SP3091
WC710477,2026-05-25 11:13,KH791291179,SP3290
WC710478,2026-05-25 11:36,KH455611674,SP3261
WC710479,2026-05-25 11:39,KH674683307,SP3358
WC710480,2026-05-25 12:16,KH187556357,SP3077
WC710481,2026-05-25 12:27,KH144351211,SP3009
WC710482,2026-05-25 12:36,KH619948448,SP3070
WC710483,2026-05-25 13:31,KH136353948,SP3203
WC710484,2026-05-25 14:39,KH577805389,SP3022
WC710485,2026-05-25 15:45,KH371141731,SP3232
WC710486,2026-05-25 15:59,kh728281843,SP3080
WC710487,2026-05-25 16:03, KH410725469,SP3130
WC710488,2026-05-25 20:09,KH626021778,SP3257
WC710489,2026-05-25 21:36,KH975858237,SP3170
WC710490,2026-05-25 23:18,KH233233691,SP3302
WC710491,2026-05-26 02:23,KH295042442,SP3336
WC710492,2026-05-26 03:24,KH372664856,SP3040
WC710493,2026-05-26 05:43,KH163479437,SP3131
WC710494,2026-05-26 08:06,KH895211431,SP3263
WC710495,2026-05-26 08:55,KH503368049,SP3015
WC710496,2026-05-26 09:25,KH278790398,SP3095
WC710497,2026-05-26 10:27, KH410293571,SP3071
WC710498,2026-05-26 12:48,kh372048000,SP3153
WC710499,2026-05-26 13:36,KH865426984,SP3349
WC710500,2026-05-26 14:38,kh304723202,SP3159
WC710501,2026-05-26 15:37,KH571570604,SP3358
WC710502,2026-05-26 19:20,KH498099719,SP3104
WC710503,2026-05-26 21:03,KH647919239,SP3359
WC710504,2026-05-26 21:25,kh540964143,SP3160
WC710505,2026-05-26 23:00, KH966259359,SP3249
WC710506,2026-05-27 00:26,KH815058118,SP3167
WC710507,2026-05-27 00:30,KH354114935,SP3141
WC710508,2026-05-27 04:09,KH-244025691,SP3153
WC710509,2026-05-27 05:11,KH181049551,SP3232
WC710510,2026-05-27 06:49,KH410021904,SP3064
WC710511,2026-05-27 09:06, KH955456822,SP3302
WC710512,2026-05-27 09:52,KH-908396475,SP3292
WC710513,2026-05-27 10:15,KH474045127,SP3015
WC710514,2026-05-27 11:40,KH418134473,SP3318
WC710515,2026-05-27 13:31,KH170278304,SP3067
WC710516,2026-05-27 15:03,KH630191773,SP3261
WC710517,2026-05-27 16:10,KH712443257,SP3124
WC710518,2026-05-27 16:38,KH-756879009,SP3073
WC710519,2026-05-27 17:31,KH558222750,SP3305
WC710520,2026-05-27 17:45,KH497278742,SP3318
WC710521,2026-05-27 18:01, KH972927065,SP3151
WC710522,2026-05-27 20:23,kh659845224,SP3000
WC710524,2026-05-27 20:28,KH-483037498,SP3369
WC710523,2026-05-27 20:28,KH719216583,SP3015
WC710525,2026-05-27 20:47,KH860608850,SP3142
WC710526,2026-05-27 21:32,kh517362608,SP3169
WC710527,2026-05-27 22:53,KH238533640,SP3043
WC710528,2026-05-28 00:40,KH428628395,SP3048
WC710529,2026-05-28 00:52,KH783368176,SP3129
WC710530,2026-05-28 04:32,KH335217093,SP3275
WC710531,2026-05-28 05:58,KH988191462,SP3158
WC710532,2026-05-28 06:39,KH919854543,SP3072
WC710533,2026-05-28 07:42,KH392992426,SP3007
WC710534,2026-05-28 07:58,KH-508845291,SP3373
WC710535,2026-05-28 08:03,KH723276202,SP3328
WC710536,2026-05-28 08:47,KH474059765,SP3330
WC710537,2026-05-28 09:07,KH931061367,SP3042
WC710538,2026-05-28 11:22,kh662523268,SP3139
WC710539,2026-05-28 12:39,KH-896893830,SP3288
WC710540,2026-05-28 16:24, KH806045200,SP3124
WC710541,2026-05-28 17:10,KH673062752,SP3008
WC710542,2026-05-28 17:36,KH283180607,SP3336
WC710543,2026-05-28 17:56,KH454560447,SP3343
WC710544,2026-05-28 18:07,KH330621133,SP3341
WC710545,2026-05-28 18:39,KH434772945,SP3150
WC710546,2026-05-28 18:45,KH678015637,SP3055
WC710547,2026-05-28 19:01,KH593494648,SP3159
WC710548,2026-05-28 20:30,KH254123620,SP3051
WC710549,2026-05-28 21:21,KH408143214,SP3176
WC710550,2026-05-28 21:30,KH127524602,SP3132
WC710551,2026-05-28 22:08,KH877185210,SP3120
WC710552,2026-05-28 22:51,KH261094840,SP3130
WC710553,2026-05-29 01:09,KH967048193,SP3245
WC710554,2026-05-29 01:12,KH768850667,SP3228
WC710555,2026-05-29 02:47,KH192186413,SP3189
WC710556,2026-05-29 04:01,KH639323095,SP3036
WC710557,2026-05-29 05:25,kh653459719,SP3122
WC710558,2026-05-29 07:06,KH874789567,SP3264
WC710559,2026-05-29 07:36, KH633568852,SP3336
WC710560,2026-05-29 07:55,kh158238973,SP3244
WC710561,2026-05-29 11:27,kh443890566,SP3301
WC710562,2026-05-29 12:14, KH847267768,SP3062
WC710563,2026-05-29 13:22,KH863069406,SP3126
WC710564,2026-05-29 16:27,kh522084865,SP3163
WC710565,2026-05-29 19:05, KH413021602,SP3366
WC710566,2026-05-29 19:27,kh623363370,SP3029
WC710567,2026-05-29 20:04,KH406257359,SP3137
WC710568,2026-05-29 22:32,KH928488957,SP3257
WC710569,2026-05-29 22:52, KH568126597,SP3329
WC710570,2026-05-30 02:07,KH-542279981,SP3353
WC710571,2026-05-30 02:09,KH207899155,SP3227
WC710572,2026-05-30 02:44,KH-515780853,SP3335
WC710573,2026-05-30 03:15,KH-724493695,SP3201
WC710574,2026-05-30 03:19, KH155910304,SP3152
WC710575,2026-05-30 03:36,kh791880675,SP3017
WC710576,2026-05-30 05:21,KH975995812,SP3193
WC710577,2026-05-30 05:46, KH741324879,SP3176
WC710578,2026-05-30 06:36,KH400593194,SP3087
WC710579,2026-05-30 08:28,KH853821679,SP3058
WC710580,2026-05-30 08:43,KH983811954,SP3291
WC710581,2026-05-30 09:41,KH365230190,SP3246
WC710582,2026-05-30 10:16,KH502564059,SP3080
WC710583,2026-05-30 12:22,KH555184215,SP3378
WC710584,2026-05-30 12:47,kh621191438,SP3079
WC710585,2026-05-30 15:42,KH574264215,SP3225
WC710586,2026-05-30 16:22,KH274419564,SP3115
WC710587,2026-05-30 17:44,KH627748841,SP3060
WC710588,2026-05-30 18:00,KH893546689,SP3196
WC710589,2026-05-30 18:24,KH724493695,SP3012
WC710590,2026-05-30 19:26,kh987365364,SP3089
WC710591,2026-05-30 20:03, KH511391157,SP3140
WC710592,2026-05-30 20:19, KH839285472,SP3144
WC710593,2026-05-30 22:27,KH533831313,SP3088
WC710594,2026-05-30 23:04,kh933964259,SP3148
WC710595,2026-05-31 00:05,KH432064633,SP3367
WC710596,2026-05-31 00:34,KH282766820,SP3062
WC710597,2026-05-31 03:59,KH-244171018,SP3160
WC710598,2026-05-31 05:37,KH937926726,SP3155
WC710599,2026-05-31 05:38,KH872681079,SP3106
WC710600,2026-05-31 06:35,KH787028772,SP3175
WC710601,2026-05-31 07:05,KH887997071,SP3267
WC710602,2026-05-31 08:17,KH604860527,SP3062
WC710603,2026-05-31 09:08, KH260435887,SP3071
WC710604,2026-05-31 10:23,kh104647382,SP3150
WC710605,2026-05-31 10:57,KH465097332,SP3029
WC710606,2026-05-31 12:58,KH817068503,SP3087
WC710607,2026-05-31 13:48,kh357602494,SP3188
WC710608,2026-05-31 14:38,KH999866645,SP3192
WC710609,2026-05-31 17:39,kh615613114,SP3318
WC710610,2026-05-31 17:54,KH707175840,SP3289
WC710611,2026-05-31 18:17,KH447291215,SP3362
WC710612,2026-05-31 20:13,KH223948094,SP3128
WC710613,2026-05-31 21:02,KH318881967,SP3176
WC710614,2026-05-31 21:54,KH507180953,SP3284
WC710615,2026-05-31 22:02,KH818981135,SP3133
WC710616,2026-05-31 22:21,kh593810114,SP3259
WC710617,2026-05-31 22:33,KH945338496,SP3130
WC710618,2026-06-01 00:30,KH902820386,SP3338
WC710619,2026-06-01 00:46,kh774614782,SP3258
WC710620,2026-06-01 00:53,KH324252009,SP3023
WC710621,2026-06-01 00:58,KH400820255,SP3295
WC710622,2026-06-01 04:09,KH151624354,SP3043
WC710623,2026-06-01 05:47,KH119064428,SP3232
WC710624,2026-06-01 06:04,KH518971920,SP3275
WC710625,2026-06-01 06:32,kh774564761,SP3157
WC710626,2026-06-01 06:42,KH879245954,SP3168
WC710627,2026-06-01 07:51,KH987213163,SP3209
WC710628,2026-06-01 08:06,KH168523261,SP3265
WC710629,2026-06-01 08:12,KH215597136,SP3099
WC710630,2026-06-01 08:34,KH329851395,SP3144
WC710631,2026-06-01 09:06,KH754548619,SP3157
WC710632,2026-06-01 09:21,KH967545674,SP3276
WC710633,2026-06-01 09:57,KH813578702,SP3054
WC710634,2026-06-01 10:14,KH623855467,SP3071
WC710635,2026-06-01 10:23,KH886457229,SP3150
WC710636,2026-06-01 11:52,KH816085640,SP3360
WC710637,2026-06-01 12:42,KH501497570,SP3331
WC710638,2026-06-01 12:54,KH518930216,SP3093
WC710639,2026-06-01 15:55,kh594244388,SP3060
WC710640,2026-06-01 16:16,KH669661332,SP3166
WC710641,2026-06-01 16:26,KH-504785631,SP3232
WC710642,2026-06-01 19:08, KH713719152,SP3104
WC710643,2026-06-01 19:21,KH762701250,SP3369
WC710644,2026-06-01 19:24, KH891587324,SP3322
WC710645,2026-06-01 20:00,KH978557849,SP3056
WC710646,2026-06-01 20:55,KH-458809562,SP3371
WC710647,2026-06-01 21:14,KH765417054,SP3068
WC710648,2026-06-01 21:53,kh993033488,SP3023
WC710649,2026-06-01 22:19,KH626492674,SP3360
WC710650,2026-06-01 22:45,KH916294931,SP3336
WC710651,2026-06-02 00:23,KH501066769,SP3196
WC710652,2026-06-02 01:51,KH976809876,SP3011
WC710653,2026-06-02 02:34,KH215736309,SP3045
WC710654,2026-06-02 04:24,kh962038045,SP3215
WC710655,2026-06-02 06:15,KH616675032,SP3321
WC710656,2026-06-02 08:08,KH-286415036,SP3073
WC710657,2026-06-02 08:44,kh549379844,SP3060
WC710658,2026-06-02 10:38,kh473051996,SP3041
WC710659,2026-06-02 14:14,KH419571026,SP3133
WC710660,2026-06-02 16:32,KH-913111833,SP3212
WC710661,2026-06-02 16:39,KH474758535,SP3029
WC710662,2026-06-02 17:54,KH405761913,SP3160
WC710663,2026-06-02 18:53,KH460052138,SP3242
WC710664,2026-06-02 18:56,kh555753403,SP3293
WC710665,2026-06-02 20:51,KH775801342,SP3122
WC710666,2026-06-02 21:31,KH798897808,SP3020
WC710667,2026-06-02 21:54,KH936782079,SP3093
WC710668,2026-06-02 22:57,kh468733142,SP3128
WC710669,2026-06-03 01:24,KH266932053,SP3011
WC710670,2026-06-03 01:39,KH349580108,SP3104
WC710671,2026-06-03 02:07,KH375662639,SP3183
WC710672,2026-06-03 02:20,KH682062263,SP3176
WC710673,2026-06-03 03:36,KH599287712,SP3045
WC710674,2026-06-03 03:42,KH492416500,SP3096
WC710675,2026-06-03 04:28,KH776089211,SP3345
WC710676,2026-06-03 05:38,KH-531783057,SP3130
WC710677,2026-06-03 08:05,KH559614115,SP3250
WC710678,2026-06-03 09:50,KH227063250,SP3203
WC710679,2026-06-03 10:00,KH527582767,SP3164
WC710680,2026-06-03 10:10,KH603750130,SP3135
WC710681,2026-06-03 12:10,kh427711433,SP3128
WC710682,2026-06-03 12:55,KH590293612,SP3240
WC710683,2026-06-03 15:02,KH-908402769,SP3017
WC710684,2026-06-03 15:10,kh683940106,SP3304
WC710685,2026-06-03 15:19,KH204059819,SP3173
WC710686,2026-06-03 15:34,KH814253028,SP3173
WC710687,2026-06-03 21:09,KH185965136,SP3145
WC710688,2026-06-03 21:35,KH-978557849,SP3251
WC710689,2026-06-03 21:55,KH117532253,SP3007
WC710690,2026-06-03 22:04,KH362932665,SP3339
WC710692,2026-06-03 22:30,KH949366150,SP3088
WC710691,2026-06-03 22:30,KH520442693,SP3086
WC710693,2026-06-04 00:35,KH227090502,SP3322
WC710694,2026-06-04 01:04,KH470130406,SP3338
WC710695,2026-06-04 02:06, KH711091107,SP3341
WC710696,2026-06-04 03:02,kh412481372,SP3272
WC710697,2026-06-04 03:28,KH851086479,SP3351
WC710698,2026-06-04 03:49,kh533518190,SP3160
WC710699,2026-06-04 03:53,KH335357206,SP3342
WC710700,2026-06-04 05:16,kh295437251,SP3098
WC710701,2026-06-04 06:14,KH918587738,SP3196
WC710702,2026-06-04 07:21, KH608863529,SP3060
WC710703,2026-06-04 07:42,KH590908025,SP3173
WC710704,2026-06-04 08:03,KH300015070,SP3077
WC710705,2026-06-04 08:22,KH700954252,SP3269
WC710706,2026-06-04 11:44,KH844109313,SP3026
WC710707,2026-06-04 11:49, KH639867356,SP3053
WC710708,2026-06-04 12:27,KH836483537,SP3053
WC710709,2026-06-04 14:56,KH369379357,SP3094
WC710710,2026-06-04 18:30,KH238787483,SP3083
WC710711,2026-06-04 18:32,KH939435493,SP3121
WC710712,2026-06-04 19:42,KH338804733,SP3050
WC710713,2026-06-04 20:12,KH858602092,SP3363
WC710714,2026-06-04 20:18,KH285400548,SP3153
WC710715,2026-06-04 22:57,KH915327559,SP3261
WC710716,2026-06-05 01:34,KH648770591,SP3350
WC710717,2026-06-05 02:16,KH621037603,SP3207
WC710718,2026-06-05 05:24,KH176929633,SP3293
WC710719,2026-06-05 05:44,KH365943337,SP3213
WC710720,2026-06-05 08:41,KH860715916,SP3343
WC710721,2026-06-05 10:10,kh166501707,SP3289
WC710722,2026-06-05 10:39,KH263202082,SP3312
WC710723,2026-06-05 11:23,KH581402584,SP3231
WC710724,2026-06-05 12:26,kh296728439,SP3358
WC710725,2026-06-05 13:49,KH-168419670,SP3057
WC710726,2026-06-05 15:00,kh250295022,SP3129
WC710727,2026-06-05 15:02,KH625421019,SP3333
WC710728,2026-06-05 15:04, KH943128808,SP3228
WC710729,2026-06-05 15:06,KH843536729,SP3367
WC710730,2026-06-05 15:08,KH122316282,SP3071
WC710731,2026-06-05 16:14,KH434637174,SP3274
WC710732,2026-06-05 16:29,KH814756451,SP3279
WC710733,2026-06-05 17:42,KH652416178,SP3190
WC710734,2026-06-06 00:41,KH-622777391,SP3136
WC710735,2026-06-06 02:00,KH487654069,SP3001
WC710736,2026-06-06 04:32,kh690862229,SP3089
WC710737,2026-06-06 04:36,KH-481646733,SP3107
WC710738,2026-06-06 06:23,KH149620194,SP3124
WC710739,2026-06-06 08:41,KH366294128,SP3211
WC710740,2026-06-06 09:05,KH838164740,SP3053
WC710741,2026-06-06 11:25,KH642613086,SP3315
WC710742,2026-06-06 12:08, KH852797389,SP3038
WC710743,2026-06-06 14:03,KH-556030954,SP3166
WC710744,2026-06-06 14:46,KH631341220,SP3033
WC710745,2026-06-06 15:07,kh688454910,SP3105
WC710746,2026-06-06 15:49,KH167312789,SP3088
WC710747,2026-06-06 16:15,KH-414891419,SP3185
WC710748,2026-06-06 18:58,KH920460338,SP3271
WC710749,2026-06-06 21:35,KH971418300,SP3065
WC710750,2026-06-06 22:14, KH606335875,SP3333
WC710751,2026-06-07 00:43,kh306666310,SP3334
WC710752,2026-06-07 01:28,KH765684452,SP3169
WC710753,2026-06-07 04:31,KH580959516,SP3022
WC710754,2026-06-07 07:49, KH619948448,SP3353
WC710755,2026-06-07 08:15, KH853565407,SP3133
WC710756,2026-06-07 09:11,KH241039162,SP3066
WC710757,2026-06-07 12:40,KH154897439,SP3213
WC710758,2026-06-07 14:58,KH604062425,SP3136
WC710759,2026-06-07 15:28,kh350307170,SP3122
WC710760,2026-06-07 16:31,KH354364380,SP3143
WC710761,2026-06-07 16:35,kh398126646,SP3244
WC710762,2026-06-07 17:34,KH459130404,SP3002
WC710763,2026-06-07 18:45,KH777091129,SP3038
WC710764,2026-06-07 21:51, KH373412694,SP3020
WC710765,2026-06-07 22:08,KH458932761,SP3129
WC710766,2026-06-07 22:37,KH842199338,SP3123
WC710767,2026-06-07 23:26,KH538959701,SP3112
WC710768,2026-06-08 00:03,KH-738742792,SP3309
WC710769,2026-06-08 00:21,kh808540330,SP3376
WC710770,2026-06-08 01:22,KH135844507,SP3299
WC710771,2026-06-08 01:31,KH-608347354,SP3171
WC710772,2026-06-08 02:13,KH192550092,SP3018
WC710773,2026-06-08 03:17,KH776371108,SP3301
WC710774,2026-06-08 03:38,kh162813760,SP3376
WC710775,2026-06-08 03:40,KH134419338,SP3063
WC710776,2026-06-08 03:55,KH715602045,SP3177
WC710777,2026-06-08 04:40,kh819567592,SP3192
WC710778,2026-06-08 05:32,KH-130864542,SP3364
WC710779,2026-06-08 05:58,KH914308270,SP3042
WC710780,2026-06-08 06:44,KH766704975,SP3255
WC710781,2026-06-08 06:58,KH974366645,SP3151
WC710782,2026-06-08 07:15,KH279569239,SP3296
WC710783,2026-06-08 08:58,KH292602311,SP3025
WC710784,2026-06-08 11:16,KH192884005,SP3067
WC710785,2026-06-08 11:19,KH442041386,SP3319
WC710786,2026-06-08 11:36,KH827706193,SP3178
WC710787,2026-06-08 12:01,KH183144343,SP3049
WC710788,2026-06-08 12:06,KH724493695,SP3251
WC710789,2026-06-08 13:22,KH918629657,SP3370
WC710790,2026-06-08 13:46,KH262702484,SP3074
WC710791,2026-06-08 14:00,KH560928591,SP3141
WC710792,2026-06-08 14:15,KH523086061,SP3027
WC710793,2026-06-08 14:17,KH447291215,SP3009
WC710794,2026-06-08 14:26,kh593825162,SP3205
WC710795,2026-06-08 14:43,KH562308761,SP3345
WC710796,2026-06-08 16:53,KH793070249,SP3241
WC710797,2026-06-08 17:10,KH950236058,SP3108
WC710798,2026-06-08 17:18,KH375684004,SP3198
WC710799,2026-06-08 17:26,KH108471660,SP3164
WC710800,2026-06-08 17:57, KH120082553,SP3162
WC710801,2026-06-08 18:03,KH117307210,SP3150
WC710802,2026-06-08 19:53,KH344939748,SP3109
WC710803,2026-06-08 22:14,KH-698592081,SP3167
WC710804,2026-06-09 00:41,KH704980038,SP3318
WC710805,2026-06-09 02:29,KH350105678,SP3089
WC710806,2026-06-09 03:54, KH234642509,SP3349
WC710807,2026-06-09 04:06, KH561963630,SP3360
WC710808,2026-06-09 04:34,KH647464758,SP3013
WC710809,2026-06-09 04:51,kh128355188,SP3176
WC710810,2026-06-09 05:21,KH539771387,SP3302
WC710811,2026-06-09 05:30,KH771531903,SP3047
WC710812,2026-06-09 06:08,KH484470246,SP3355
WC710813,2026-06-09 07:30,kh824165543,SP3277
WC710814,2026-06-09 08:38,KH103351389,SP3356
WC710815,2026-06-09 09:18,KH284954469,SP3343
WC710816,2026-06-09 09:20,KH704440693,SP3317
WC710817,2026-06-09 10:11,KH679373306,SP3370
WC710818,2026-06-09 10:17, KH181325574,SP3064
WC710819,2026-06-09 10:21,KH182038622,SP3314
WC710820,2026-06-09 13:09,kh154909828,SP3212
WC710821,2026-06-09 13:19,KH972840070,SP3054
WC710822,2026-06-09 15:22,kh997633053,SP3070
WC710823,2026-06-09 15:48,KH706689349,SP3162
WC710824,2026-06-09 16:55,KH327855384,SP3032
WC710825,2026-06-09 18:25,KH584795028,SP3030
WC710826,2026-06-09 20:22,KH208791171,SP3282
WC710827,2026-06-09 21:35,kh978084423,SP3019
WC710828,2026-06-09 23:17,KH250295022,SP3245
WC710829,2026-06-09 23:45,KH998731332,SP3226
WC710830,2026-06-10 00:05,kh678014318,SP3306
WC710831,2026-06-10 02:18,KH700186176,SP3143
WC710832,2026-06-10 03:19,KH534194580,SP3050
WC710833,2026-06-10 04:00, KH951186944,SP3304
WC710834,2026-06-10 05:23,KH931061367,SP3358
WC710835,2026-06-10 05:45,KH324937765,SP3228
WC710836,2026-06-10 07:04,kh192825299,SP3242
WC710837,2026-06-10 07:26,KH160155719,SP3126
WC710838,2026-06-10 07:32,KH696547845,SP3042
WC710839,2026-06-10 08:30,kh276805495,SP3042
WC710840,2026-06-10 08:37,KH838157550,SP3148
WC710841,2026-06-10 10:13,kh428286113,SP3237
WC710842,2026-06-10 12:29,KH534700775,SP3218
WC710843,2026-06-10 13:00, KH911400718,SP3010
WC710844,2026-06-10 14:45,kh428383313,SP3031
WC710845,2026-06-10 15:22,KH760347840,SP3219
WC710846,2026-06-10 18:05,KH592612806,SP3332
WC710847,2026-06-10 19:40,KH420513536,SP3013
WC710848,2026-06-10 20:34,kh565234551,SP3177
WC710849,2026-06-10 20:38,KH369185545,SP3301
WC710850,2026-06-10 22:10,KH481266295,SP3081
WC710851,2026-06-11 02:23,KH513021646,SP3266
WC710852,2026-06-11 03:53,KH917070881,SP3147
WC710853,2026-06-11 04:43,KH700954252,SP3188
WC710854,2026-06-11 05:25,KH309621299,SP3234
WC710855,2026-06-11 05:57,KH998873697,SP3223
WC710856,2026-06-11 06:05,KH282484634,SP3339
WC710857,2026-06-11 07:14,kh434709005,SP3298
WC710858,2026-06-11 07:53,KH107391536,SP3144
WC710859,2026-06-11 08:31,KH100874285,SP3152
WC710860,2026-06-11 09:53,KH-740399481,SP3208
WC710861,2026-06-11 10:22,KH100056193,SP3361
WC710862,2026-06-11 10:32,KH-696512855,SP3150
WC710863,2026-06-11 11:48,KH584590530,SP3249
WC710864,2026-06-11 12:56,KH166866687,SP3168
WC710866,2026-06-11 12:58,KH737759548,SP3102
WC710865,2026-06-11 12:58,KH393036960,SP3132
WC710867,2026-06-11 13:21, KH209906049,SP3129
WC710868,2026-06-11 13:27,KH-739027483,SP3023
WC710869,2026-06-11 14:43,KH217727476,SP3347
WC710870,2026-06-11 17:57,KH844828406,SP3178
WC710871,2026-06-11 18:57,KH417876379,SP3190
WC710872,2026-06-11 19:35,kh182168162,SP3186
WC710874,2026-06-11 20:24,kh581537243,SP3324
WC710873,2026-06-11 20:24,KH894450687,SP3319
WC710875,2026-06-11 20:47,KH382373048,SP3160
WC710876,2026-06-11 22:40,KH618020684,SP3160
WC710877,2026-06-12 01:10,kh622060707,SP3010
WC710878,2026-06-12 04:36,KH-207164618,SP3302
WC710879,2026-06-12 05:56,KH293047629,SP3096
WC710880,2026-06-12 07:15,KH604060914,SP3123
WC710881,2026-06-12 10:28,KH317431906,SP3302
WC710882,2026-06-12 10:58,KH425205238,SP3289
WC710883,2026-06-12 11:43,KH-489490187,SP3047
WC710884,2026-06-12 12:36,KH460207123,SP3042
WC710885,2026-06-12 13:05,kh997071829,SP3066
WC710886,2026-06-12 13:37, KH932688194,SP3032
WC710887,2026-06-12 14:08,KH635312912,SP3226
WC710888,2026-06-12 14:14,KH571738394,SP3351
WC710889,2026-06-12 14:46,KH562308761,SP3365
WC710890,2026-06-12 17:03,KH507725177,SP3153
WC710891,2026-06-12 17:08,KH160024725,SP3089
WC710892,2026-06-12 19:33,KH957546313,SP3302
WC710893,2026-06-12 20:31,KH957230063,SP3129
WC710894,2026-06-12 22:11,KH311350284,SP3199
WC710895,2026-06-12 22:23, KH911222574,SP3235
WC710896,2026-06-13 00:34,kh197094741,SP3240
WC710897,2026-06-13 00:59,KH521907542,SP3053
WC710898,2026-06-13 02:02,KH334884720,SP3098
WC710899,2026-06-13 02:03,KH-477631839,SP3030
WC710900,2026-06-13 03:27,KH738603298,SP3222
WC710901,2026-06-13 04:49,KH665368742,SP3306
WC710902,2026-06-13 05:00,KH414649215,SP3115
WC710903,2026-06-13 06:00,KH942838625,SP3256
WC710904,2026-06-13 06:04,KH825349231,SP3174
WC710905,2026-06-13 06:18,KH842293690,SP3205
WC710906,2026-06-13 06:25,KH956299480,SP3114
WC710907,2026-06-13 07:22,KH367145304,SP3117
WC710908,2026-06-13 08:52,KH-559094072,SP3248
WC710909,2026-06-13 10:20,KH137157092,SP3266
WC710910,2026-06-13 10:55,KH552938282,SP3345
WC710911,2026-06-13 12:24,KH918580294,SP3159
WC710912,2026-06-13 12:34,KH492416500,SP3141
WC710913,2026-06-13 12:35,KH713694682,SP3352
WC710914,2026-06-13 13:16,KH459028061,SP3189
WC710915,2026-06-13 14:05,KH157743965,SP3041
WC710916,2026-06-13 14:13, KH804310048,SP3168
WC710917,2026-06-13 15:06,KH859495537,SP3186
WC710918,2026-06-13 15:27,kh950526942,SP3116
WC710919,2026-06-13 15:28,KH314995754,SP3136
WC710920,2026-06-13 16:16,kh364132045,SP3094
WC710921,2026-06-13 16:16,KH713916748,SP3106
WC710922,2026-06-13 17:22,KH963894092,SP3162
WC710923,2026-06-13 18:59,KH381406931,SP3345
WC710924,2026-06-13 20:18,KH586520624,SP3069
WC710925,2026-06-13 20:28,KH403345596,SP3190
WC710926,2026-06-13 21:35,kh229564439,SP3318
WC710927,2026-06-13 22:41,kh752779277,SP3216
WC710928,2026-06-13 23:13,KH398030774,SP3345
WC710929,2026-06-13 23:17,KH387775741,SP3148
WC710930,2026-06-13 23:42,KH-760095280,SP3085
WC710931,2026-06-13 23:46,KH738603298,SP3217
WC710932,2026-06-14 00:06,KH396095424,SP3123
WC710933,2026-06-14 00:21,KH507376120,SP3179
WC710934,2026-06-14 00:46,KH520465295,SP3097
WC710935,2026-06-14 01:33,KH289983209,SP3207
WC710936,2026-06-14 04:25,KH700348247,SP3186
WC710937,2026-06-14 04:39,KH126638834,SP3067
WC710938,2026-06-14 05:15, KH850217946,SP3016
WC710939,2026-06-14 05:57,KH183379135,SP3373
WC710940,2026-06-14 06:06,KH421888276,SP3315
WC710941,2026-06-14 06:16,KH355765459,SP3260
WC710942,2026-06-14 07:48,KH255010487,SP3318
WC710943,2026-06-14 08:53,KH821748092,SP3183
WC710944,2026-06-14 09:12,KH979048551,SP3340
WC710945,2026-06-14 09:26,KH518205566,SP3235
WC710946,2026-06-14 10:43,kh662899504,SP3129
WC710947,2026-06-14 11:33,kh507768732,SP3125
WC710948,2026-06-14 12:51,KH493463292,SP3355
WC710949,2026-06-14 13:08,KH856671836,SP3162
WC710950,2026-06-14 15:24,KH458893313,SP3315
WC710951,2026-06-14 15:33,KH226759884,SP3140
WC710952,2026-06-14 15:46,kh546595732,SP3150
WC710953,2026-06-14 17:00,kh350225993,SP3342
WC710954,2026-06-14 19:01,KH-395147108,SP3208
WC710955,2026-06-14 19:09,kh262968093,SP3019
WC710956,2026-06-14 19:24,KH980798279,SP3150
WC710957,2026-06-14 20:40,kh997575440,SP3318
WC710958,2026-06-14 22:17,KH969199344,SP3338
WC710959,2026-06-14 22:23,KH458362785,SP3108
WC710960,2026-06-14 22:26,KH934231499,SP3009
WC710961,2026-06-14 22:43,KH-619902465,SP3247
WC710962,2026-06-15 01:31, KH191832812,SP3013
WC710963,2026-06-15 03:25,KH227810446,SP3007
WC710964,2026-06-15 05:29,KH923576409,SP3160
WC710965,2026-06-15 05:34,kh785501569,SP3052
WC710966,2026-06-15 08:16,KH607638857,SP3199
WC710967,2026-06-15 08:33,KH517995898,SP3292
WC710968,2026-06-15 08:52,KH996309435,SP3178
WC710969,2026-06-15 09:05,KH905393309,SP3282
WC710970,2026-06-15 10:01,KH890117305,SP3332
WC710971,2026-06-15 10:01,kh961463694,SP3087
WC710972,2026-06-15 10:16,KH317936477,SP3010
WC710973,2026-06-15 10:16,KH766922491,SP3238
WC710974,2026-06-15 10:44,kh462615146,SP3139
WC710975,2026-06-15 11:49,KH636736179,SP3285
WC710976,2026-06-15 12:52,KH218768581,SP3284
WC710977,2026-06-15 14:28,KH290315629,SP3106
WC710978,2026-06-15 18:11,KH107787332,SP3216
WC710979,2026-06-15 18:16,KH821197310,SP3048
WC710980,2026-06-15 19:05,KH-380311678,SP3342
WC710981,2026-06-15 20:07,KH951750733,SP3175
WC710982,2026-06-15 21:01,KH934083170,SP3127
WC710983,2026-06-15 22:16,KH820793916,SP3359
WC710984,2026-06-15 22:21,KH335722704,SP3232
WC710985,2026-06-16 00:21,KH183077389,SP3274
WC710986,2026-06-16 01:00,KH135572019,SP3326
WC710987,2026-06-16 02:13,KH383439887,SP3121
WC710988,2026-06-16 02:43,KH407559659,SP3012
WC710989,2026-06-16 03:15, KH660562416,SP3011
WC710990,2026-06-16 04:41, KH444323313,SP3101
WC710991,2026-06-16 05:46,KH151856295,SP3324
WC710992,2026-06-16 06:11,kh340698227,SP3335
WC710993,2026-06-16 06:54,KH992654967,SP3160
WC710994,2026-06-16 07:56,kh444451461,SP3349
WC710995,2026-06-16 08:36,kh613981360,SP3094
WC710996,2026-06-16 09:48, KH616835373,SP3062
WC710997,2026-06-16 11:57,KH164286173,SP3071
WC710998,2026-06-16 12:37,KH393709928,SP3111
WC710999,2026-06-16 14:17,KH831890965,SP3215
WC711000,2026-06-16 16:00,kh749959201,SP3025
WC711001,2026-06-16 17:27,kh104643068,SP3347
WC711002,2026-06-16 18:09,kh549379844,SP3040
WC711003,2026-06-16 18:10, KH851086479,SP3275
WC711004,2026-06-16 18:59,KH727846878,SP3120
WC711005,2026-06-16 19:03,KH856917690,SP3355
WC711006,2026-06-16 20:07,KH270894696,SP3351
WC711007,2026-06-16 20:25,KH798440095,SP3317
WC711008,2026-06-16 21:33,KH292101334,SP3305
WC711009,2026-06-16 21:44,kh779541625,SP3318
WC711010,2026-06-16 22:12,KH529481044,SP3018
WC711011,2026-06-16 23:21,KH546859767,SP3261
WC711012,2026-06-17 01:45,KH994880819,SP3274
WC711013,2026-06-17 03:22,KH886333871,SP3107
WC711014,2026-06-17 04:57,KH792542174,SP3115
WC711015,2026-06-17 05:33,KH109595198,SP3262
WC711016,2026-06-17 06:16,KH200404236,SP3097
WC711017,2026-06-17 08:51,KH-623162143,SP3162
WC711018,2026-06-17 09:15,KH783793722,SP3354
WC711019,2026-06-17 10:48,KH500190715,SP3301
WC711020,2026-06-17 11:50,kh723086904,SP3082
WC711021,2026-06-17 12:04,KH780004608,SP3231
WC711022,2026-06-17 12:29,KH629837065,SP3061
WC711023,2026-06-17 15:04,KH354786213,SP3244
WC711024,2026-06-17 15:54,KH423742038,SP3057
WC711025,2026-06-17 16:11,kh252999711,SP3248
WC711026,2026-06-17 17:54,KH763912169,SP3081
WC711027,2026-06-17 19:57,KH269898642,SP3296
WC711028,2026-06-17 20:54,KH380565527,SP3023
WC711029,2026-06-17 22:33,KH363365861,SP3292
WC711030,2026-06-17 23:11,KH-104418448,SP3193
WC711031,2026-06-17 23:59,KH951834915,SP3288
WC711032,2026-06-18 00:21,KH619816130,SP3270
WC711033,2026-06-18 00:30,KH502379609,SP3294
WC711034,2026-06-18 00:31,KH302419238,SP3367
WC711035,2026-06-18 00:40,KH957054257,SP3378
WC711036,2026-06-18 00:46,KH444826266,SP3088
WC711037,2026-06-18 01:29, KH412058398,SP3367
WC711038,2026-06-18 02:03,KH283426662,SP3228
WC711039,2026-06-18 04:22,KH547607328,SP3142
WC711040,2026-06-18 05:38,KH645326627,SP3095
WC711041,2026-06-18 06:33,KH349132117,SP3232
WC711042,2026-06-18 06:37,kh555299727,SP3141
WC711043,2026-06-18 06:42, KH354399804,SP3335
WC711044,2026-06-18 07:26,KH535382441,SP3003
WC711045,2026-06-18 08:17,KH230760816,SP3362
WC711046,2026-06-18 09:03,KH137157092,SP3003
WC711047,2026-06-18 09:50,KH596770587,SP3373
WC711048,2026-06-18 10:12,KH975993785,SP3180
WC711049,2026-06-18 10:50,kh633792448,SP3201
WC711050,2026-06-18 11:56, KH635340809,SP3299
WC711051,2026-06-18 12:54,KH732846276,SP3259
WC711052,2026-06-18 13:18,KH374574327,SP3084
WC711053,2026-06-18 13:22,kh616343992,SP3262
WC711054,2026-06-18 13:36,KH130109325,SP3200
WC711055,2026-06-18 14:27,kh918496299,SP3016
WC711056,2026-06-18 16:17, KH986984329,SP3343
WC711057,2026-06-18 16:31,KH745632510,SP3213
WC711058,2026-06-18 16:45,KH-662139305,SP3131
WC711059,2026-06-18 17:13,KH787945175,SP3299
WC711060,2026-06-18 19:13,KH367981954,SP3230
WC711061,2026-06-18 22:28,KH166563637,SP3180
WC711062,2026-06-18 22:29,kh470674725,SP3027
WC711063,2026-06-18 22:35,KH519307299,SP3095
WC711064,2026-06-19 00:03,KH703472974,SP3291
WC711065,2026-06-19 02:10, KH217776511,SP3182
WC711066,2026-06-19 02:13,KH221605399,SP3043
WC711067,2026-06-19 03:46,KH704799863,SP3096
WC711068,2026-06-19 06:06, KH386469281,SP3107
WC711069,2026-06-19 06:44,KH270451030,SP3009
WC711070,2026-06-19 08:47,KH375375244,SP3109
WC711071,2026-06-19 13:05, KH327186476,SP3268
WC711072,2026-06-19 13:17,KH312038949,SP3155
WC711073,2026-06-19 14:11,KH179071949,SP3177
WC711074,2026-06-19 14:20,kh425517114,SP3272
WC711075,2026-06-19 14:36,KH465298045,SP3218
WC711076,2026-06-19 14:48,KH647861355,SP3100
WC711077,2026-06-19 14:50,KH868624326,SP3010
WC711078,2026-06-19 16:18,KH680881206,SP3324
WC711079,2026-06-19 19:44,KH424756937,SP3038
WC711080,2026-06-19 20:30,KH411369522,SP3051
WC711081,2026-06-19 20:51,KH847858349,SP3159
WC711082,2026-06-19 23:06,KH928857255,SP3124
WC711083,2026-06-19 23:24,kh837225544,SP3063
WC711084,2026-06-20 01:25,KH447618187,SP3186
WC711085,2026-06-20 01:30,KH446141484,SP3116
WC711086,2026-06-20 01:47,KH956661802,SP3054
WC711087,2026-06-20 04:59,KH952561743,SP3162
WC711088,2026-06-20 07:13,KH179071949,SP3049
WC711089,2026-06-20 09:14,KH148243290,SP3026
WC711090,2026-06-20 10:43,KH198661773,SP3132
WC711091,2026-06-20 11:10,KH143470664,SP3223
WC711092,2026-06-20 13:31,KH692757868,SP3292
WC711093,2026-06-20 14:01,KH238421791,SP3351
WC711094,2026-06-20 14:49,KH687504699,SP3031
WC711095,2026-06-20 14:53, KH294616686,SP3376
WC711096,2026-06-20 17:49,KH-828435340,SP3261
WC711097,2026-06-20 18:17,KH588756701,SP3205
WC711098,2026-06-20 19:10,KH872541429,SP3083
WC711099,2026-06-20 19:34,KH247798924,SP3018
WC711100,2026-06-20 19:34,KH738793748,SP3105
WC711101,2026-06-20 20:40,KH274376829,SP3044
WC711102,2026-06-20 23:00,KH555080134,SP3232
WC711103,2026-06-21 00:06,KH341600352,SP3071
WC711104,2026-06-21 02:21,KH102052811,SP3097
WC711105,2026-06-21 02:56,KH806091187,SP3264
WC711106,2026-06-21 03:50,KH661591218,SP3260
WC711107,2026-06-21 04:17,KH595357169,SP3056
WC711108,2026-06-21 04:23,KH915680440,SP3241
WC711109,2026-06-21 05:00,KH769568910,SP3137
WC711110,2026-06-21 05:31,KH-904846716,SP3113
WC711111,2026-06-21 07:17,KH747785527,SP3375
WC711112,2026-06-21 08:02,kh564705874,SP3271
WC711113,2026-06-21 08:12,KH737636248,SP3315
WC711114,2026-06-21 08:30,KH379553457,SP3351
WC711115,2026-06-21 11:02,KH962038045,SP3028
WC711116,2026-06-21 11:56,kh985270343,SP3118
WC711117,2026-06-21 12:37,KH404866873,SP3326
WC711118,2026-06-21 12:56,kh222274765,SP3092
WC711119,2026-06-21 14:46,KH757107732,SP3148
WC711120,2026-06-21 16:26,kh355811509,SP3054
WC711121,2026-06-21 16:49,KH928208871,SP3151
WC711122,2026-06-21 17:06,KH-711251031,SP3232
WC711123,2026-06-21 19:42,KH827721507,SP3014
WC711124,2026-06-21 20:14,KH443598483,SP3327
WC711125,2026-06-21 21:38,KH844319441,SP3021
WC711126,2026-06-21 23:19,kh899073045,SP3302
WC711127,2026-06-22 00:03,KH200932351,SP3082
WC711128,2026-06-22 00:40,KH487031513,SP3239
WC711129,2026-06-22 01:21,KH437249442,SP3146
WC711130,2026-06-22 01:59, KH750205518,SP3129
WC711131,2026-06-22 02:08, KH237000715,SP3105
WC711132,2026-06-22 03:56,KH132142689,SP3021
WC711133,2026-06-22 04:35,KH228451635,SP3006
WC711134,2026-06-22 04:56,KH833475144,SP3245
WC711135,2026-06-22 06:04, KH155288032,SP3106
WC711136,2026-06-22 06:53,KH859370629,SP3032
WC711137,2026-06-22 09:10,KH674726970,SP3265
WC711138,2026-06-22 09:42,KH967893668,SP3146
WC711139,2026-06-22 10:55,KH863576667,SP3317
WC711140,2026-06-22 12:19,KH103575084,SP3056
WC711141,2026-06-22 14:44,KH722978366,SP3104
WC711142,2026-06-22 16:08,KH362800082,SP3029
WC711143,2026-06-22 16:33,kh560827076,SP3010
WC711144,2026-06-22 21:16,KH986878872,SP3299
WC711145,2026-06-22 23:47,KH133700004,SP3181
WC711146,2026-06-22 23:59,KH669921834,SP3135
WC711147,2026-06-23 02:07,KH189517153,SP3114
WC711148,2026-06-23 03:17,KH959825156,SP3233
WC711149,2026-06-23 03:35,KH698637183,SP3207
WC711150,2026-06-23 04:29,KH263072348,SP3223
WC711151,2026-06-23 04:35,KH-596519001,SP3107
WC711152,2026-06-23 04:46,KH777792193,SP3291
WC711153,2026-06-23 04:52,KH501034360,SP3304
WC711154,2026-06-23 05:29,kh375350447,SP3218
WC711155,2026-06-23 05:52,kh313697076,SP3055
WC711156,2026-06-23 06:05,KH120701405,SP3207
WC711157,2026-06-23 10:32, KH962038045,SP3207
WC711158,2026-06-23 11:05,KH888168210,SP3093
WC711159,2026-06-23 12:02, KH604062425,SP3081
WC711160,2026-06-23 13:14,KH435724862,SP3350
WC711161,2026-06-23 14:25,KH997854023,SP3031
WC711162,2026-06-23 14:57,kh247423774,SP3375
WC711163,2026-06-23 16:45,KH659021025,SP3149
WC711164,2026-06-23 17:37,KH-183477103,SP3232
WC711165,2026-06-23 19:15,kh978606930,SP3095
WC711166,2026-06-23 19:31, KH911394111,SP3295
WC711167,2026-06-23 20:25,KH881698488,SP3055
WC711168,2026-06-23 22:59,KH536577578,SP3208
WC711169,2026-06-24 00:45,KH293182042,SP3362
WC711170,2026-06-24 01:15,KH655376133,SP3072
WC711171,2026-06-24 03:16,KH851572445,SP3189
WC711172,2026-06-24 03:27,kh957717700,SP3334
WC711173,2026-06-24 03:29,KH-266891769,SP3279
WC711174,2026-06-24 03:39,kh256888326,SP3139
WC711175,2026-06-24 03:48,KH233738849,SP3051
WC711176,2026-06-24 04:18,kh160043201,SP3139
WC711177,2026-06-24 06:13,KH953828526,SP3080
WC711178,2026-06-24 06:39,KH653565877,SP3125
WC711179,2026-06-24 06:58, KH711187611,SP3010
WC711180,2026-06-24 07:09,KH679852229,SP3208
WC711181,2026-06-24 08:50,KH493218759,SP3321
WC711182,2026-06-24 09:07,KH762860709,SP3033
WC711183,2026-06-24 10:59,KH-269291582,SP3143
WC711184,2026-06-24 11:29,kh690074082,SP3338
WC711185,2026-06-24 11:30,kh615623178,SP3262
WC711186,2026-06-24 12:13,KH352665327,SP3158
WC711187,2026-06-24 13:01,kh852511937,SP3257
WC711188,2026-06-24 14:51,KH615628808,SP3081
WC711189,2026-06-24 15:02,KH966528940,SP3379
WC711190,2026-06-24 15:26,KH785960900,SP3335
WC711191,2026-06-24 16:01, KH838980074,SP3213
WC711192,2026-06-24 16:31,KH537698668,SP3149
WC711193,2026-06-24 17:20,KH277088437,SP3338
WC711194,2026-06-24 19:50,KH131350155,SP3044
WC711195,2026-06-24 20:55,KH650183193,SP3306
WC711196,2026-06-24 22:26,KH938890172,SP3002
WC711197,2026-06-25 00:46,KH829136069,SP3156
WC711198,2026-06-25 00:52,kh208204753,SP3215
WC711199,2026-06-25 05:57,KH241415207,SP3104
WC711200,2026-06-25 08:41,kh672567958,SP3160
WC711201,2026-06-25 08:51, KH742847876,SP3244
WC711202,2026-06-25 09:31,KH-186254856,SP3317
WC711203,2026-06-25 10:00,KH555042960,SP3123
WC711204,2026-06-25 10:04,kh672100634,SP3209
WC711205,2026-06-25 10:26, KH791225352,SP3238
WC711206,2026-06-25 10:54,kh213608859,SP3282
WC711207,2026-06-25 11:11, KH221969468,SP3164
WC711208,2026-06-25 12:42, KH333250711,SP3164
WC711209,2026-06-25 15:22,kh169132028,SP3088
WC711210,2026-06-25 15:49,KH412953345,SP3367
WC711211,2026-06-25 15:58,KH789810294,SP3318
WC711212,2026-06-25 16:30,KH699230103,SP3199
WC711213,2026-06-25 19:01, KH534590569,SP3238
WC711214,2026-06-25 20:22,KH866718463,SP3345
WC711215,2026-06-25 20:49, KH161870853,SP3175
WC711216,2026-06-25 21:58,kh907019160,SP3218
WC711217,2026-06-25 23:13,KH467363930,SP3220
WC711218,2026-06-25 23:52,KH702031417,SP3283
WC711219,2026-06-26 01:03,kh560424355,SP3321
WC711220,2026-06-26 01:11,KH215495507,SP3292
WC711221,2026-06-26 01:55,KH697803200,SP3180
WC711222,2026-06-26 02:44,KH-849632427,SP3095
WC711223,2026-06-26 03:16,KH711373321,SP3305
WC711224,2026-06-26 03:49,KH879011611,SP3168
WC711225,2026-06-26 04:22,kh389354279,SP3246
WC711226,2026-06-26 04:52,KH856157880,SP3036
WC711227,2026-06-26 06:25,KH484127565,SP3108
WC711228,2026-06-26 07:05,KH768142658,SP3094
WC711229,2026-06-26 08:45,KH784345380,SP3329
WC711230,2026-06-26 08:52,KH796611600,SP3270
WC711231,2026-06-26 09:30,KH249617188,SP3028
WC711232,2026-06-26 09:52, KH281867411,SP3095
WC711233,2026-06-26 10:49, KH335478557,SP3323
WC711234,2026-06-26 12:40,kh500693828,SP3114
WC711235,2026-06-26 16:08, KH298988636,SP3065
WC711236,2026-06-26 16:13,KH846184025,SP3144
WC711237,2026-06-26 16:31,KH701657715,SP3289
WC711238,2026-06-26 16:38, KH859727683,SP3345
WC711239,2026-06-26 17:14,KH182957658,SP3277
WC711240,2026-06-26 18:20,kh403133452,SP3189
WC711241,2026-06-26 18:32,KH-809172042,SP3057
WC711242,2026-06-26 19:21,KH316747802,SP3126
WC711243,2026-06-26 19:53,KH301154211,SP3096
WC711244,2026-06-26 20:37,KH786605125,SP3103
WC711245,2026-06-26 21:20,kh211297386,SP3243
WC711246,2026-06-26 23:08,KH210824037,SP3379
WC711247,2026-06-26 23:53,KH206113914,SP3237
WC711248,2026-06-27 01:10,KH-436894703,SP3192
WC711249,2026-06-27 01:34,KH547746383,SP3286
WC711250,2026-06-27 03:22,KH835791785,SP3070
WC711251,2026-06-27 04:22,KH244517496,SP3237
WC711252,2026-06-27 05:07,KH-277225496,SP3008
WC711253,2026-06-27 05:44,KH959578473,SP3319
WC711254,2026-06-27 07:15,kh448184627,SP3125
WC711255,2026-06-27 07:43,kh929732586,SP3174
WC711256,2026-06-27 08:23,kh652373269,SP3028
WC711257,2026-06-27 09:39,KH791944350,SP3026
WC711258,2026-06-27 09:39,KH721106163,SP3183
WC711259,2026-06-27 11:26,KH765428345,SP3347
WC711260,2026-06-27 11:31,KH532916473,SP3372
WC711261,2026-06-27 11:48,KH742231325,SP3079
WC711262,2026-06-27 12:38,KH510734336,SP3275
WC711263,2026-06-27 13:54, KH759795680,SP3355
WC711264,2026-06-27 15:59,KH221605399,SP3176
WC711265,2026-06-27 17:14,KH944615623,SP3362
WC711266,2026-06-27 18:43,KH-979048551,SP3018
WC711267,2026-06-27 20:02,KH905957299,SP3099
WC711268,2026-06-27 20:47,KH603870293,SP3007
WC711269,2026-06-27 21:53,KH388608590,SP3000
WC711270,2026-06-27 22:18,KH-255308503,SP3194
WC711271,2026-06-27 22:24,KH397284722,SP3286
WC711272,2026-06-27 22:49,KH570556590,SP3121
WC711273,2026-06-27 22:58,KH285973481,SP3276
WC711274,2026-06-28 05:51,KH789261295,SP3377
WC711275,2026-06-28 06:45,KH895744862,SP3335
WC711276,2026-06-28 06:56, KH941355506,SP3282
WC711277,2026-06-28 07:59,KH396145360,SP3150
WC711278,2026-06-28 09:00, KH153281527,SP3369
WC711279,2026-06-28 10:40,KH-991746701,SP3118
WC711280,2026-06-28 11:05, KH916260614,SP3109
WC711281,2026-06-28 12:01,KH716475635,SP3166
WC711282,2026-06-28 12:38,kh299802160,SP3248
WC711283,2026-06-28 12:48,KH234642509,SP3297
WC711284,2026-06-28 13:13,KH140318004,SP3126
WC711285,2026-06-28 14:56,kh164463853,SP3297
WC711286,2026-06-28 15:28,KH502074862,SP3335
WC711287,2026-06-28 16:07,KH281737201,SP3159
WC711288,2026-06-28 17:23, KH763137622,SP3303
WC711289,2026-06-28 18:37,KH997629236,SP3179
WC711290,2026-06-28 19:06,KH-444451461,SP3110
WC711291,2026-06-28 22:27,KH469174065,SP3058
WC711292,2026-06-28 22:43,KH954696260,SP3260
WC711293,2026-06-28 23:45, KH561556347,SP3023
WC711294,2026-06-29 02:19,KH734286562,SP3251
WC711295,2026-06-29 02:20,kh731788326,SP3245
WC711296,2026-06-29 03:38,KH927010459,SP3010
WC711297,2026-06-29 05:12,kh417259832,SP3023
WC711298,2026-06-29 05:27,KH909061191,SP3301
WC711299,2026-06-29 06:29,KH119064531,SP3092
WC711300,2026-06-29 06:38, KH337326008,SP3280
WC711301,2026-06-29 08:38,KH443890566,SP3375
WC711302,2026-06-29 09:15, KH227342166,SP3369
WC711303,2026-06-29 09:24,KH-168555066,SP3256
WC711304,2026-06-29 09:32,KH612758193,SP3035
WC711305,2026-06-29 09:59,KH660562416,SP3164
WC711306,2026-06-29 10:21,KH393422063,SP3246
WC711307,2026-06-29 10:28,kh693546723,SP3080
WC711308,2026-06-29 12:25,KH379827585,SP3201
WC711309,2026-06-29 12:33,KH240901299,SP3273
WC711310,2026-06-29 13:35,KH-345209890,SP3102
WC711311,2026-06-29 15:35,KH251522757,SP3260
WC711312,2026-06-29 15:50,KH109139242,SP3288
WC711313,2026-06-29 16:43,KH-795053890,SP3006
WC711314,2026-06-29 17:58,KH386029287,SP3223
WC711315,2026-06-29 18:57,KH749952862,SP3216
WC711316,2026-06-29 19:22,KH558228078,SP3210
WC711317,2026-06-29 20:27,KH683265351,SP3202
WC711318,2026-06-29 21:05,kh485679960,SP3350
WC711319,2026-06-29 21:52,KH683975866,SP3254
WC711320,2026-06-30 00:34,KH137693655,SP3335
WC711321,2026-06-30 01:53,KH909067620,SP3122
WC711322,2026-06-30 02:35,KH-979683155,SP3151
WC711323,2026-06-30 02:39,KH605139574,SP3027
WC711324,2026-06-30 03:31,KH464018488,SP3271
WC711325,2026-06-30 03:47,KH638019310,SP3034
WC711326,2026-06-30 03:54,KH-350968693,SP3298
WC711327,2026-06-30 04:32,KH299298768,SP3040
WC711328,2026-06-30 06:33,KH471241849,SP3324
WC711329,2026-06-30 08:14,KH-524221090,SP3336
WC711330,2026-06-30 08:21, KH536462642,SP3009
WC711331,2026-06-30 10:48,KH439185853,SP3340
WC711332,2026-06-30 12:03,KH946446850,SP3041
WC711333,2026-06-30 12:37,KH974235052,SP3230
WC711334,2026-06-30 12:48,KH798440095,SP3343
WC711335,2026-06-30 14:15,KH161970127,SP3227
WC711336,2026-06-30 14:47,KH532779353,SP3140
WC711337,2026-06-30 14:49,KH550886965,SP3331
WC711338,2026-06-30 15:29,KH-263135092,SP3301
WC711339,2026-06-30 15:33, KH650923926,SP3002
WC711340,2026-06-30 15:53,KH110429862,SP3332
WC711341,2026-06-30 17:08,KH902221004,SP3200
WC711342,2026-06-30 17:46,KH-566443728,SP3194
WC711343,2026-06-30 18:05,kh205426953,SP3192
WC711344,2026-06-30 20:49,KH-142829686,SP3231
WC711345,2026-06-30 21:20,KH307376047,SP3193
WC711346,2026-06-30 23:25,KH-169352684,SP3094
WC711347,2026-06-30 23:40, KH620594449,SP3035
